accuracy,sensitivity,specificity,auc,f1,model,feature_set
0.8888888888888888,0.8888888888888888,0.8888888888888888,0.9691358024691358,0.8888888888888888,logistic,structural
0.8888888888888888,0.8888888888888888,0.8888888888888888,0.9629629629629629,0.8888888888888888,centroid,structural
0.6111111111111112,0.7222222222222222,0.5,0.6574074074074074,0.65,logistic,network
0.6944444444444444,0.7777777777777778,0.6111111111111112,0.6450617283950617,0.717948717948718,centroid,network
0.8888888888888888,0.9444444444444444,0.8333333333333334,0.9691358024691358,0.8947368421052632,logistic,combined
0.8333333333333334,0.8888888888888888,0.7777777777777778,0.9691358024691358,0.8421052631578948,centroid,combined
