model,n_splits,accuracy_mean,accuracy_std,sensitivity_mean,sensitivity_std,specificity_mean,specificity_std,auc_mean,auc_std,f1_mean,f1_std,feature_set
logistic,5,0.9555555555555555,0.015214515486254621,0.9777777777777779,0.030429030972509243,0.9333333333333332,0.060858061945018485,0.9919753086419754,0.006016539719017871,0.9569924812030075,0.013178287097868622,structural
centroid,5,0.9555555555555555,0.015214515486254621,0.9666666666666666,0.030429030972509243,0.9444444444444444,0.05555555555555558,0.9981481481481481,0.004140866624999629,0.9564076858813702,0.013763990774940192,structural
logistic,5,0.6611111111111111,0.07954345035153527,0.6444444444444445,0.12171612389003693,0.6777777777777778,0.09938079899999064,0.7049382716049383,0.10205273866628087,0.6529708853238264,0.0894279909641293,network
centroid,5,0.6277777777777778,0.08002700161604405,0.5777777777777778,0.20260647254233852,0.6777777777777778,0.1438019900616087,0.6648148148148147,0.12389197988356464,0.5960966291993166,0.11864420040656647,network
logistic,5,0.9555555555555555,0.015214515486254621,0.9666666666666666,0.030429030972509243,0.9444444444444443,0.05555555555555558,0.9944444444444445,0.004024199015557208,0.9564076858813702,0.013763990774940192,combined
centroid,5,0.9555555555555555,0.024845199749997673,0.9666666666666666,0.030429030972509243,0.9444444444444444,0.05555555555555558,0.9956790123456791,0.008048398031114368,0.9564234911603334,0.02352008423478905,combined
