subject_id,diagnosis,lh_bankssts_thickness,lh_bankssts_volume,lh_bankssts_area,lh_caudalanteriorcingulate_thickness,lh_caudalanteriorcingulate_volume,lh_caudalanteriorcingulate_area,lh_caudalmiddlefrontal_thickness,lh_caudalmiddlefrontal_volume,lh_caudalmiddlefrontal_area,lh_cuneus_thickness,lh_cuneus_volume,lh_cuneus_area,lh_entorhinal_thickness,lh_entorhinal_volume,lh_entorhinal_area,lh_fusiform_thickness,lh_fusiform_volume,lh_fusiform_area,lh_inferiorparietal_thickness,lh_inferiorparietal_volume,lh_inferiorparietal_area,lh_inferiortemporal_thickness,lh_inferiortemporal_volume,lh_inferiortemporal_area,lh_isthmuscingulate_thickness,lh_isthmuscingulate_volume,lh_isthmuscingulate_area,lh_lateraloccipital_thickness,lh_lateraloccipital_volume,lh_lateraloccipital_area,lh_lateralorbitofrontal_thickness,lh_lateralorbitofrontal_volume,lh_lateralorbitofrontal_area,lh_lingual_thickness,lh_lingual_volume,lh_lingual_area,lh_medialorbitofrontal_thickness,lh_medialorbitofrontal_volume,lh_medialorbitofrontal_area,lh_middletemporal_thickness,lh_middletemporal_volume,lh_middletemporal_area,lh_parahippocampal_thickness,lh_parahippocampal_volume,lh_parahippocampal_area,lh_paracentral_thickness,lh_paracentral_volume,lh_paracentral_area,lh_parsopercularis_thickness,lh_parsopercularis_volume,lh_parsopercularis_area,lh_parsorbitalis_thickness,lh_parsorbitalis_volume,lh_parsorbitalis_area,lh_parstriangularis_thickness,lh_parstriangularis_volume,lh_parstriangularis_area,lh_pericalcarine_thickness,lh_pericalcarine_volume,lh_pericalcarine_area,lh_postcentral_thickness,lh_postcentral_volume,lh_postcentral_area,lh_posteriorcingulate_thickness,lh_posteriorcingulate_volume,lh_posteriorcingulate_area,lh_precentral_thickness,lh_precentral_volume,lh_precentral_area,lh_precuneus_thickness,lh_precuneus_volume,lh_precuneus_area,lh_rostralanteriorcingulate_thickness,lh_rostralanteriorcingulate_volume,lh_rostralanteriorcingulate_area,lh_rostralmiddlefrontal_thickness,lh_rostralmiddlefrontal_volume,lh_rostralmiddlefrontal_area,lh_superiorfrontal_thickness,lh_superiorfrontal_volume,lh_superiorfrontal_area,lh_superiorparietal_thickness,lh_superiorparietal_volume,lh_superiorparietal_area,lh_superiortemporal_thickness,lh_superiortemporal_volume,lh_superiortemporal_area,lh_supramarginal_thickness,lh_supramarginal_volume,lh_supramarginal_area,lh_frontalpole_thickness,lh_frontalpole_volume,lh_frontalpole_area,lh_temporalpole_thickness,lh_temporalpole_volume,lh_temporalpole_area,lh_transversetemporal_thickness,lh_transversetemporal_volume,lh_transversetemporal_area,lh_insula_thickness,lh_insula_volume,lh_insula_area,rh_bankssts_thickness,rh_bankssts_volume,rh_bankssts_area,rh_caudalanteriorcingulate_thickness,rh_caudalanteriorcingulate_volume,rh_caudalanteriorcingulate_area,rh_caudalmiddlefrontal_thickness,rh_caudalmiddlefrontal_volume,rh_caudalmiddlefrontal_area,rh_cuneus_thickness,rh_cuneus_volume,rh_cuneus_area,rh_entorhinal_thickness,rh_entorhinal_volume,rh_entorhinal_area,rh_fusiform_thickness,rh_fusiform_volume,rh_fusiform_area,rh_inferiorparietal_thickness,rh_inferiorparietal_volume,rh_inferiorparietal_area,rh_inferiortemporal_thickness,rh_inferiortemporal_volume,rh_inferiortemporal_area,rh_isthmuscingulate_thickness,rh_isthmuscingulate_volume,rh_isthmuscingulate_area,rh_lateraloccipital_thickness,rh_lateraloccipital_volume,rh_lateraloccipital_area,rh_lateralorbitofrontal_thickness,rh_lateralorbitofrontal_volume,rh_lateralorbitofrontal_area,rh_lingual_thickness,rh_lingual_volume,rh_lingual_area,rh_medialorbitofrontal_thickness,rh_medialorbitofrontal_volume,rh_medialorbitofrontal_area,rh_middletemporal_thickness,rh_middletemporal_volume,rh_middletemporal_area,rh_parahippocampal_thickness,rh_parahippocampal_volume,rh_parahippocampal_area,rh_paracentral_thickness,rh_paracentral_volume,rh_paracentral_area,rh_parsopercularis_thickness,rh_parsopercularis_volume,rh_parsopercularis_area,rh_parsorbitalis_thickness,rh_parsorbitalis_volume,rh_parsorbitalis_area,rh_parstriangularis_thickness,rh_parstriangularis_volume,rh_parstriangularis_area,rh_pericalcarine_thickness,rh_pericalcarine_volume,rh_pericalcarine_area,rh_postcentral_thickness,rh_postcentral_volume,rh_postcentral_area,rh_posteriorcingulate_thickness,rh_posteriorcingulate_volume,rh_posteriorcingulate_area,rh_precentral_thickness,rh_precentral_volume,rh_precentral_area,rh_precuneus_thickness,rh_precuneus_volume,rh_precuneus_area,rh_rostralanteriorcingulate_thickness,rh_rostralanteriorcingulate_volume,rh_rostralanteriorcingulate_area,rh_rostralmiddlefrontal_thickness,rh_rostralmiddlefrontal_volume,rh_rostralmiddlefrontal_area,rh_superiorfrontal_thickness,rh_superiorfrontal_volume,rh_superiorfrontal_area,rh_superiorparietal_thickness,rh_superiorparietal_volume,rh_superiorparietal_area,rh_superiortemporal_thickness,rh_superiortemporal_volume,rh_superiortemporal_area,rh_supramarginal_thickness,rh_supramarginal_volume,rh_supramarginal_area,rh_frontalpole_thickness,rh_frontalpole_volume,rh_frontalpole_area,rh_temporalpole_thickness,rh_temporalpole_volume,rh_temporalpole_area,rh_transversetemporal_thickness,rh_transversetemporal_volume,rh_transversetemporal_area,rh_insula_thickness,rh_insula_volume,rh_insula_area
sub-0-000,0,2.6048490743557973,3.208804450252661,1.8125676793709686,2.7193016489504185,2.953710147176926,1.5046730739706522,2.573011272570111,3.411452074143797,1.6974798263743567,2.396452093036755,3.7462314329615922,1.8166687903143421,2.561885525561019,3.815627537951049,1.7701264013378069,2.395327356681017,3.6032502195430998,1.55616760987565,2.708121054235309,3.486020744923849,1.6722706454682108,2.4274326820072902,3.8423115748287286,1.6768205776896796,2.4729009920106404,3.4014026058632956,1.7798463778330023,2.615779931585534,3.6155651312468766,1.7646231504511825,2.9354965681566827,3.3862037954123076,1.6231635906392694,2.403520908915382,3.6724742383211386,1.8693458439081336,2.5294894576221223,3.264756186450492,1.576327817646314,2.667106701808446,3.708111167936964,1.7814731402457793,2.430208252688035,3.5650051704586816,1.7175028713711091,2.589363947411222,3.744000057825493,1.7335393323162023,2.672204441352941,3.5189221394568895,1.7433679098034975,2.663631880650937,3.0919963704404134,1.6520493175464048,2.465332922227297,3.3211142024918643,1.6587286623159974,2.819089436022191,3.257567287605892,1.8452417531887222,2.247083441109155,3.406232191603983,1.7244129597657507,2.65552001964467,3.6991434423419993,1.8190020852799886,2.487229486995281,3.370541498053921,1.828696382188573,2.5155652215213093,3.142807829465382,1.530006917899478,2.3844985885197096,3.639205008335054,1.7213638604105848,2.674287363732198,3.3803692590257706,1.7237809536615072,2.6626062709141203,3.413382968878333,1.7685162856336116,2.4308533306080027,3.3983449229617797,1.6427393159002506,2.3347488637939726,3.636352294619963,1.6295896489695914,2.5522489413709835,3.6346090644936546,1.7669796764044916,2.6697693196151016,3.4724240643373614,1.6365052531933768,2.535650722036848,3.0275463584917515,1.4829331291365369,2.3119140697762073,3.220770888271585,1.7599661340085155,2.387013770035189,3.394114484868971,1.8948842446679097,2.4858724852089433,3.7065043591707845,1.5599573479985185,2.5130212395838263,3.233993824625037,1.6491450386149156,2.701255464742331,3.0163502815061425,1.7651635465318785,2.5927924084198097,3.3336380124048977,1.4830913218417319,2.5629833113884963,3.3517420414621353,1.7349014317032057,2.5539333861942195,3.9484980895698563,1.6640966558790464,2.365770451328064,3.5501971777877683,1.7329995025957647,2.794653763543278,3.733831148856082,1.7535306588724264,2.813394520419521,3.1671463447896016,1.6040372700875378,2.3832163305470053,3.390853255116385,1.4934970778665537,2.6643271704265925,3.4377776448123436,1.4793790558246012,2.3671957653826423,3.587783877286055,1.825718985184157,2.9094115605045214,4.315881490482052,1.7621614149913993,2.3718831383942645,2.9030270413952333,1.7401567193515752,2.4036706028441412,3.383699967149688,1.6081854801410287,2.5246576404450503,3.7984744646205404,1.7235572851168017,2.521445729333036,3.210016949208773,1.4487975582943464,2.4624645763668003,3.4849408857708704,1.9651894870369824,2.573449413865119,3.775167063086456,1.6251056602191272,2.3367101220449356,3.229767306574936,1.591216090319637,2.9331245518383295,3.270011729817172,1.8257733805604517,2.387473107944335,3.7608404436047884,1.7577426449158795,2.5218051784215434,3.4885864926820784,1.6017818456855915,2.6302929962667743,3.3726046255045814,1.5161591354349127,2.3199712366224685,3.5483246169621934,1.936863688461565,2.578798490443219,3.4667812686892328,1.7428739209403814,2.7850803135072284,3.56142710038188,1.6383609153749394,2.7491319678107797,3.6200518027692516,1.9303633987993987,2.582982198699943,3.15714867111826,1.4947761201131502,2.847167027801625,3.9826264018193234,1.6730721180076098,2.481026282195522,3.9092044018278167,1.5339431476934768,2.388949136587951,3.6801315025129324,1.6408092315710616,2.549078063990387,3.4542359884131364,1.75063618231984,2.803346735036469,3.525363773932489,1.7965908189915287
sub-0-001,0,2.1809690218144158,3.486358847459567,1.5735154594560692,2.330613649123747,3.2541173372599497,1.649881483894878,2.7148624576240823,3.128610039032922,1.7045947238891626,2.4628495019999557,3.408251533578651,1.8504136737956907,2.6468607786607063,3.8744714700839684,1.6768241481125148,2.4247303298992735,3.4373195312734603,1.7363745186906832,2.5817832045216678,3.1963713397746574,1.7135734672441811,2.591081099425003,4.204892730509497,1.9815266916922505,2.396416196899412,3.4195326587662307,1.4804836997244495,2.443672737486572,3.5883694010052953,1.880878043133235,2.4187649092061503,3.316838996781017,1.3779066455392017,2.5207201343019165,3.2025239646793224,1.6205840858950888,2.392165059929834,3.473606484809284,1.4363407412965052,2.2859318558296216,4.096189191367923,1.5068866128088954,2.352578595878165,4.014335787929968,2.135760075386061,2.3391180068114386,3.3968902920993513,1.7512333326410763,2.8611655759930064,3.2236800180400933,1.6632083231086834,2.6899207636911138,3.6217345008506534,1.643576589315485,2.5259118663871125,3.115029173656405,1.6642739384038001,2.502050251798388,3.5650075690953518,1.6167009171771476,2.634876934058125,3.783560428989552,1.72331439915027,2.6133161535118563,3.514883497321803,1.7000126589637121,2.4201195539622873,3.588618393268526,1.6854070102379766,2.926770295607507,3.9405393726930678,1.757876982883475,2.412649702254942,3.188524787844643,1.8786714429633298,2.597294860526485,3.634440152949651,1.438312101953871,2.716938926680472,3.6272376947000216,1.5334353973378283,2.465125534659009,3.5738408172198257,1.7078700197534364,2.49740918655536,3.471023284941531,1.662203393268967,2.5774612521784444,3.912017752438084,1.3150012338603054,2.5073669523882565,3.549423477984285,1.7443990984530648,2.483055375362168,3.008117900905997,1.7491993225571163,2.860923038549553,3.0705188066234816,1.829574202054728,2.4908654598378788,3.482829183167923,1.5420652233944077,2.489797888975942,3.8640124865157084,1.787398286298156,2.86181608897379,3.8296753289137544,1.7658630018394363,2.8639082147102024,3.6229180844467237,1.8241982265195589,2.4966172283637524,3.5186328284405772,1.5953864265049584,2.7281251082270734,3.1700749855278376,1.8173525513626492,2.5156828096490713,3.8279491861708497,1.8126303483096888,2.8777163083764243,3.7046169135188207,1.4641939616520139,2.5379484288783236,3.1718379860734514,1.6222580236450588,2.82202111798981,3.678509467051355,1.595160435713188,2.367530874040728,3.509178986005353,1.5175159775928309,2.429194750068615,3.5873626520343485,1.8732968054160044,2.659577065000399,2.858438937592532,1.7456550093545389,2.5629660431818637,3.615889279904354,1.942431452247681,2.1786171101751464,3.3344910409464905,1.788635948419003,2.2653130080982904,3.9132657334549825,1.7552534919050986,2.7023851174518123,3.3401357747738976,1.8220645534949316,2.742324880078027,3.565205845638407,1.7351601339048044,2.5986617830707104,3.258263325872973,1.677870697963947,2.5225459441585754,3.6073502820189787,1.849973637036544,2.359463505243886,3.464997471510518,1.922218332148846,2.416154118813738,3.2697699951587103,1.730345928774679,2.7019893342873575,3.5031992955569846,1.8993440885655484,2.7042229168619745,3.735709618729217,1.7831174751986139,2.9689775580622952,3.4425547271175074,1.399471656190023,2.838765785073085,3.3718441593320887,1.716182066651455,2.7857191232748946,3.051367328503501,1.5122529178840791,2.261769971318606,3.2776418387928814,1.765945490902549,2.644353811706299,3.577356770211995,1.488085117416145,2.134181381406124,3.515219003909307,1.6292335949542496,2.63268943890899,3.6965470153419555,1.7207362148088023,2.6868239553676534,3.564179184752219,1.77950970584022,2.423158812683421,3.4497088041271917,1.7295164144985435,2.697695125575135,3.3897524717771197,1.7781750883598169,2.5021490174552317,3.4670881931481237,1.824427856303611
sub-0-002,0,2.1912491332102517,3.1369877481390667,1.4776721903835768,2.129949098427305,3.3100859567565504,1.812415084959161,2.4987208680511364,3.5553812229437187,1.863382624506619,2.7889835038081845,3.480641378276681,1.9030378834354096,2.5665827985181395,3.2655284973283107,1.6108399471701897,2.283503427738297,3.2513225209545773,1.6462974967888355,2.694645303488148,3.9818155527264754,1.492672772693444,2.6207089442867852,3.2086476970358904,1.7712045632694802,2.526404402876209,2.9873463687626916,1.8392445487352727,2.441099871694428,3.350507933255405,1.5395371383065464,2.43222901019624,3.619809323394577,1.671613348859539,2.6091591604108464,3.601338119100076,1.898099248329225,2.4882984928444114,3.086479811283195,1.8600833624857973,2.490332129022494,3.8120858844816654,1.7575065669773706,2.526395244563398,3.5976572503329627,1.9926518840189449,2.9238564952296753,3.519426717837178,1.7240285889975613,2.743723228343949,3.263214910825143,1.7499605558927382,2.545344687368306,3.587894299208115,1.574994679107589,2.2638778512043856,2.9195646379224383,1.5323923830515587,2.46743844871092,3.4179063557383467,1.9905846743644275,2.7490788065833134,3.2306144874243445,1.7521562678676434,2.476725917456941,3.4203781253487735,1.7277988474123072,2.6614508010555706,3.405007624512476,1.8595777299101537,2.344451119294367,3.5017749374614353,2.0896510589893746,2.5901543536725495,3.9013000618497284,1.7137280267259811,2.654539877159363,3.4841007055700466,1.6744388628253692,2.409693168589424,3.620484380508115,1.5722694216221347,2.669805342536417,3.803880361244855,1.7549797110855845,2.4984752279599753,3.6271103622064347,1.6536990416680382,2.718398482583727,2.987206296419765,1.649658894782203,2.19165384087768,3.0813829675363826,1.9045793344720863,2.711133296754903,3.2985455346802586,1.4746244815938654,2.0163848091885024,3.3478212577788624,2.0630622518371102,2.628279168863456,3.343319759906143,1.769762031425046,2.269027496461,3.416749458444662,1.7149216209523608,2.534501882672211,3.7214257140732228,1.7516967839354078,2.670298683259439,3.307255760975387,1.8346723112615821,2.8432086505723184,3.2283581344976042,1.566845651642816,2.7904411805376417,3.446423683725383,1.9105732088099834,2.4703435718594067,3.907412761355799,1.7197228725208178,2.596481188198085,3.938121046067573,1.6457344283833744,2.3805980227335075,3.374402021752061,1.7678500925964709,2.2681633670075074,3.678491852742314,1.6191843023573385,2.756606278932041,2.829607114627868,1.5820151337343746,2.2464357327778615,3.2686557494180932,1.7371498851663414,2.517739207419044,3.429054280694556,1.676122269292991,2.58660988331159,3.21760990825593,1.8060274461348576,2.669279874669387,3.6078106225437083,1.7834800164126894,2.6033552401455586,4.069820524764699,1.6869358743421234,2.494725020699776,3.289012277499934,1.5451605994133244,2.325995078231806,3.2511367522953427,1.6893979427521892,2.6101731231295884,3.5143197763946055,1.585169708385543,2.712033221523593,3.7070355482442654,1.6760527538866974,2.4324750939603517,3.653559817832344,1.7281960381229156,2.2893370933052912,3.480965528324367,1.739305371811157,2.3880549384322043,3.553156149994484,1.4817766272113315,2.7905134980021904,3.849425995816641,1.6621223998545553,2.615421780811033,2.825221849576035,1.5265478509602,2.4971197943726167,3.1998027540004794,1.8071594723945987,2.9095133755346385,3.1705478785597956,1.574380489387221,2.592380706295787,3.9511125215798937,1.5166438531190145,2.5948265020152492,4.00996367822767,1.45223612777311,2.31940754276775,3.381390150190965,1.6219117380716883,2.696268231795656,3.5676647215498347,1.4337556910536806,2.6427738725221457,3.338289111540418,1.8911670825411857,2.4370342434413543,3.321747720731374,1.7811697416206798,2.6873267668206484,3.625467821902137,1.4471604023922788,2.646846199187085,3.210393745531168,1.7352914167382394
sub-0-003,0,2.293727801628169,3.624970201312058,1.579010164353894,2.319125762953106,3.699869638215072,1.7362466782515127,2.4394841757492784,3.9063300777258982,1.6339021367645385,2.555779381314768,3.5752957653500084,1.607050109880708,2.634804532811987,3.350633342793877,1.6382542516675687,2.7952756751646013,3.2086359052965188,1.3380829503605765,2.8399686591021407,4.213811826729961,1.6392096101826001,2.2013691526883665,3.4130644866651356,1.6570665575238996,2.5158137086159935,3.1882513482618826,1.7869341713714715,2.644411327551495,3.081566426450594,1.8048795097542332,2.9194832967502604,3.548148893082377,1.6494012256897241,2.524439421406646,3.672271894751197,1.4403992591739172,2.5795903265359144,3.3906700941504133,1.9771737519434067,2.5186489079151073,3.9670085311134655,1.5344388953326988,2.6557066500245026,3.589432073861544,1.5696429128202827,2.581931300634649,3.839505274312848,1.6514312443570098,2.2454467231494424,3.495082408586315,1.5646365357811232,2.488378631040501,3.477155424488166,1.4441521675976725,2.2591814989222776,3.634978713947147,1.6215921955745478,2.088346018472298,3.7197563302502776,1.740855463291136,2.4215025316734327,3.1312875409036924,1.8253711844471505,2.612883112060877,4.1671286391515405,1.7630282898087406,2.6197865654271624,3.4532601795696016,1.8225163800801185,2.6625153362246676,3.8504830023982546,1.6218015622044073,2.4716266548700867,3.3658511121446457,1.8186202581768482,2.8197073992534114,3.3715246619181958,1.6362839408310363,2.6065339002965637,3.4311867799963878,1.8428080479709834,2.144680087688571,3.2685225868632695,1.5826375499057832,2.1323359177704937,3.230181235576735,1.5627265826231111,2.5138011621866103,3.811630449664874,1.6632409023213945,2.364453530351192,3.484052728460212,1.8573760432162023,2.374327413099317,3.245039032501994,1.7837823438911335,2.5101234991684556,3.681295713398653,1.6979529812307055,2.676299456656122,3.2101781280686206,1.6981873023817597,2.5120757974146315,3.1595505412508436,1.4654783078196967,2.673434826349439,3.4017333329789663,1.5466579577529005,2.5326877913538,3.815845280057805,1.3578893231942115,2.280605035817401,3.241591796269325,1.9191768300080492,2.6008656569254733,3.7148488273291433,1.5289758621310654,2.348483542451305,3.6253878406823588,1.7087411496403169,2.648772987395543,3.4474521225400334,1.741721558968194,2.5784614352829194,3.717774868943779,1.8210512422916705,2.258423041009481,2.87076480450456,1.850261809647726,2.7637905167871484,3.2142255545362657,1.4210246890181557,2.567826267781296,3.760634703378148,1.969639178365147,2.642933562978261,3.3959193249560053,1.5660304067622706,2.5520612325007175,3.416205882912128,1.5477398141406775,2.9187760171553916,3.999847152580197,1.870407302533314,2.384246928394357,3.739405410803238,1.7959439614246853,2.629658212356729,3.8499062747722577,1.7953056714291915,2.68320256253478,3.678333759344219,1.751118711200316,2.2289499966514468,3.523413901674956,1.6165712061726312,2.3196286276247964,3.970908653404231,1.9593493011328555,2.79465970805321,3.571459756719645,1.9025937681428984,2.5521695725083284,3.5567832375313784,1.5359792944307025,2.621458434809791,3.516908059958837,1.5046021824748304,2.5407845198730126,3.4776757221200936,1.969634174996696,2.7109583991324135,3.5032047229456107,1.7373180964701624,2.5579582280587556,3.4431840842572465,1.537635920391757,2.5228106620307527,3.2910924881372963,1.512452669161528,2.642019926618556,3.609554104781306,1.4319938732947883,2.5279167652508767,3.778796388051979,1.858883560834448,2.734650631719343,3.510895697932409,1.5732432008046273,2.354934211075549,3.5964893733301,1.7568920051547745,2.7817196000889117,3.8079943020957834,1.6801657015203242,2.3260429418050435,3.4106501528369484,1.7325846792215787,2.513625015829907,3.3381896497382564,1.7379327222454848,2.45928760654609,3.324141496556895,1.7467179251455158
sub-0-004,0,2.477641335576743,3.5683492289139385,1.7409806034278184,2.3449027798035162,3.3652524853176846,1.9156665409874694,2.340825687707828,2.9073367542882513,1.4207232270136232,2.5552397903838004,3.5086568378491556,1.6823583716862318,2.76855416920713,2.7516063587311774,1.7593900811646235,2.831058876324643,3.18422138583032,1.6430290232315157,2.414479454898848,3.249583107098292,1.651060699246544,2.8069473510632106,4.014468269136506,1.6496091162439779,2.8929108385316042,3.509961413555695,1.963053654005162,2.5332062430623714,3.5366961912929202,1.7548211708964252,3.122193662286156,3.738359960956541,1.5939103205072804,2.724419616649654,3.398686889616384,1.6265374725648185,2.7135482447805797,3.508703964575923,1.741786387176771,2.5525173399357524,3.594243275449522,1.7637448846154222,2.201345952113025,3.6866403472106692,1.5526970870254548,2.2903861555993057,3.483644851719569,1.712597150497168,2.4251688903769892,3.732688920147033,1.4986737250443638,2.4767501252209394,3.33623524221876,1.693011909449099,2.600195571236503,3.2177899741054077,1.8086424016184341,2.5613404263002457,2.970255049072665,1.4062112839404453,2.547782527272724,3.4381291510198206,1.684486982963805,2.5449631578245606,3.5631567550628507,1.842147441477245,2.3500011178348394,3.1718479539877773,1.5360014213168927,2.602005000090367,3.8485852660210047,1.6352990842640733,2.099694028051262,3.022881998469095,1.5750444915805981,2.449608800250861,3.3856511843686765,1.7057871684471375,2.4938856604519595,3.793815090952154,1.5985974041477946,2.394782767294402,3.6340851507857295,1.469653689511082,2.6201445069576,3.5287148914433546,1.6778836265122747,2.835889699286867,3.325781915317479,2.0090447255786117,2.509422339138942,3.142435395408336,1.7104879371492236,2.3562758639426216,3.28950836261222,1.7595549950023237,2.650004775957022,3.3257930439288077,1.84811077175696,2.758351396443804,3.9021644918377216,1.7794120110688583,2.7954171681754256,2.9733764401672635,1.6523140177057305,2.393939053861783,3.53338324111567,1.6142826171204894,2.520091588449048,4.027008966457134,1.6745420305369432,2.6244826170942384,3.4349645876212143,1.711356993193525,2.5510830024784927,3.625530738472485,1.8747961303320766,2.846530919568599,3.5866936229345665,1.7884320329053403,2.342844388346598,3.4753945121236263,1.8410434197325383,2.705874354915087,3.559250725182614,1.8329590939351927,2.6383380076188874,3.83608575231261,1.7434038735435666,2.4859743031972137,3.594035551941247,1.2604108436220836,2.618919432549309,2.4784444089398603,1.4414804888891872,2.631318348169377,3.633708214434703,1.5256356829790103,2.421821632461791,3.883751476811957,1.6273954802640986,2.953725656232537,3.499462441110623,1.76120542653219,2.841037391729749,3.5366875925341574,1.5496484028963797,2.5302490586950275,3.4900289938667743,1.495288752169765,2.5039502271586516,3.2921862136807176,1.838653663578115,2.556230137353346,3.4208171902386804,1.6840727104066135,2.59016196331311,3.6727079759131382,1.5500431656995928,2.362514226128171,3.8093101803127083,1.6381494691692904,2.2949684233325627,3.6242675586272695,1.769505470904903,2.2744712536937928,3.56425488032981,1.810337463864256,2.617389561307127,3.6769548154531906,1.4893596352863876,2.609587227899315,3.415266467348275,1.6275814761913032,2.7067000096955507,3.9141968629887844,1.9691555081900538,2.7866654168710627,3.4692744291435487,1.7529080244539514,2.6880281169211635,3.5339298258038494,1.7196146281867317,2.6982755637377127,3.483400859112739,1.5906069595439507,2.4753948481495454,3.677494905765448,1.7004489936799934,2.6112377958363004,3.687622187816613,1.6437737805653585,2.686124669453365,3.6060759289683504,1.5147780369632782,2.809614862413524,3.3597914717480633,1.4517356985222225,2.3618921322744653,3.2141073550100696,1.7078259977986299,2.500706909001677,3.405687049060634,1.7929552948223717
sub-0-005,0,2.6111775650146867,3.5884934037804,1.761474268599304,2.6609042402404026,2.909773064302316,1.6453342621603309,2.1575621883918945,3.5100967795033826,1.6993050541663481,2.7381958094621424,3.832537629961914,1.730416257237855,2.459935006068558,3.6358451115128068,1.6208123544013529,2.549749322740197,3.776118168749015,1.6163342981015865,2.69502215506365,3.6896723832338445,1.5567812274303767,2.725300943079132,3.6955985767040214,1.7152888831058986,2.4127817775550224,3.25942231479884,1.6193506134645466,2.6476670033925527,3.232424953127609,1.7656268372929804,2.3264840048018893,3.4428607963571225,1.7164471631861014,2.9901234261106047,3.114351616454297,1.92080218497352,2.5769716345177103,3.61512813704447,1.7177521870082306,2.630050827275142,3.456968170778635,1.9181075272186188,2.4678351940395498,3.8170256802101896,1.6033449319680466,2.539154667647768,3.1998504853587386,1.768253558052128,2.810122672246776,3.478340269650161,1.6704671451944135,2.349368946647773,3.435798057005354,1.4610808610417707,2.3856819623906107,3.563500092910558,1.8978519796612094,3.05565795502131,3.3357561761801477,1.915295023496816,2.5938754464722966,3.4576506589110148,1.7648891677589227,2.5611449670623925,3.5309108031714214,1.6387500255759995,2.2983402612362065,3.067784943293817,1.797986732492184,2.5001939837845715,3.3330951080962734,1.701275844008473,2.693087805524813,3.5505019040473913,1.601591759503855,2.770732732016811,3.9421719408348572,1.774183498298428,2.725259432041936,3.847748799107867,1.869514897460677,2.6605378518802723,3.667537173180967,1.7779490860019753,2.352479218581532,3.696202483920684,1.496627904331017,2.40697209807749,3.8649982189862646,1.8260330244041296,2.817731692143455,3.423931172567558,1.527162673808485,2.506721304527338,3.528568763227361,1.7118483074510014,2.754062486176206,3.398844280999035,1.7528051707704386,2.372047113101771,3.6260888378522678,1.7004662825278454,2.415033599108787,3.4339677785910414,1.6723736380227168,2.5013720767193224,3.9959755478349512,1.685233099653818,2.5060987001680792,2.91271373186916,1.5658688972030783,2.5026467835978563,3.30796125067054,1.9072561390066696,2.5203112004286803,3.860764389809111,1.7092556951075553,2.5567010105558836,3.4751369946404997,1.7005694377432188,2.8593831005489747,2.850508996509659,1.3997681383341982,2.4522292504098995,3.504067806942519,1.8035156637146017,2.6351556956449453,3.3924111443934404,1.8528565539862643,2.7354351725674912,3.5515361927560383,1.8443986358730262,2.599076147417783,3.3427847525007928,1.8046725258500007,2.569910362064162,3.5003751570912565,1.920943035828436,2.1088430168627843,3.1030484323553207,1.5219394360438445,2.484613083437615,3.4287097124655115,1.4739011528340429,2.372671554184051,3.2589643300134004,2.0686136138113835,2.8743135505944863,3.384710163048298,1.64546250645398,2.3431432805061068,2.9657234842969253,1.6824679720387214,2.3703866430160754,3.4762418511346374,1.4599691226434783,2.4128445975041535,3.5416155866847925,1.7549314396675906,2.6251449525735624,3.1302630844360295,1.8282028595203341,2.405961894611667,3.677200216090046,1.698404198507271,2.302250250165969,3.4114646427172675,1.754804561309565,2.660333768485428,3.4605233887155626,1.9297668335901579,2.73135193877758,3.4281368474080693,1.8125182718205417,2.8980828273338735,4.048935688219248,1.5158000178766253,2.383224039991713,3.9157772602854783,1.5412578423743544,2.3119425960074977,3.363865643404267,1.7630340064211878,2.5315685928100025,3.317842186286434,1.5988681307413235,2.4217793284057123,3.253737303975496,2.042244931591409,2.6035519928134,3.7482925352333267,1.6266383797821613,2.516527798106511,3.3002048852163006,1.3022437497621198,2.301958330167384,2.9930267696054895,1.3625324333072588,2.3348353846263414,3.8709875902268567,1.6933345748443467,2.782301477217811,3.615075121532245,1.817383823857274
sub-0-006,0,2.387838540845176,3.646706267173948,1.8093071351111518,2.446203487397935,3.6566713037725265,1.7849281637862249,2.451080528196585,3.1856248389641215,1.522380750215259,2.565570997545863,3.5915627632610083,1.581121125431313,2.5547853614386975,3.659750370118776,1.792728607199795,2.829338421622048,3.857554633015452,1.5498062850865184,2.853045517716844,3.3513265787243998,1.856730921868164,2.5622375926891956,3.384598174032049,1.42884547103376,2.5191183881610573,3.0633726941144293,1.8450948853764157,2.8230226782850645,3.2768649229969267,1.7452956113778906,2.4194295260385643,3.324024275561699,1.8161742055798056,2.5430631128681855,3.987101451740683,1.6276651281945618,2.729880539845408,3.527275755628179,1.819366701461635,2.4695116216806094,3.486123525485557,1.6826751681051597,2.3995097193277584,3.685382829682891,1.7975373508367545,2.656839845083002,3.9303503830969406,1.9174017201854454,2.4825099558271555,3.60445464916157,1.606459896611268,2.55420395690062,3.332070154246718,1.9430105463704077,2.6154656670617333,3.4389518441307616,1.8790427857784564,2.159289226236826,2.9360512734377187,1.8193757982829661,2.5608843206611263,3.570124964073013,1.5010405845022177,2.545817932046934,4.060982634912376,1.8236299429693794,2.580547178125706,3.3770649051706174,1.640814072219591,2.1667443799439967,3.572139317857925,1.826822466272278,2.266388521109289,3.3148032701540915,1.5263803051649867,2.3762367849344224,3.514974855510132,1.3873396767517288,2.6605686789042715,3.711079419581431,1.662334611794463,2.1034724682027823,3.2210027847193308,1.8849352901154044,2.049961029468857,3.4026934445858146,1.5229998832299112,2.6948226542852702,3.310968093399831,1.7605931031103417,2.6517828754504364,4.014143235124406,1.6695587084486945,2.61768798653207,3.084184465844318,1.8785620344940615,2.413108407347154,3.342988834055431,1.6966628307726184,2.2686808178388267,3.5640556081001025,1.8451199409387515,2.6027280882295125,3.055108682029957,1.681428605850551,2.6835652025363084,2.9741631455295456,1.538785097927343,2.7077778487346733,3.57562672157524,1.761795737319013,2.884709065372196,3.6311947779817366,1.7986832015649767,3.0379341948992984,3.4401347237346624,1.5803175854572258,2.6270033516844835,3.6229174882288904,1.6209926912080688,2.3641685364801273,4.146756438185222,1.7490265205582034,2.4181886313476264,3.7564604846382874,1.6836282272657999,2.50448133966279,3.657436404136058,1.5062176597652464,2.613472896705091,4.03562734616489,1.7699266493295966,2.4822818213189763,3.358010521480092,1.6384490039982336,2.5042867179513992,3.394214170827684,1.837446716161185,2.2380223614223826,3.7413600141153975,1.643047021228616,2.617850601425167,3.184443385143758,1.8992946600274154,2.774214292830937,3.768685347210021,1.4727867836309692,2.6992417927918892,3.6133594245379985,1.459209312930115,2.545626470921253,3.6020696569293134,1.7834112910734725,2.581907046050794,3.5815447967172664,1.9210417088379643,2.7706861037839223,2.6972246129408317,1.6523842167743477,2.5203628150420885,3.009412399636448,1.7141274587348467,2.774776399033891,3.1957609993146345,1.7504601408034808,2.385151774086641,3.3118646333696904,1.9216090451255052,2.452339592379871,3.6294194969229747,1.419317282590852,2.885217161051078,3.6687426849658196,1.6726250236024607,2.6535983717999807,3.105250559894613,1.8773796112628984,2.4916827404106425,3.4428605357864384,1.6262516577551773,2.4454827475057948,3.6945077712559544,1.7383860275156333,2.667314665452547,3.49753748694404,1.776979971661577,2.474607226093493,4.1243249155946735,1.4648104375354252,2.776968718241337,3.8830140862018716,1.572176179105161,2.9512692499000748,3.778737279224689,1.8456708510234368,2.5550439936646576,3.4391766756987705,1.6685886759440587,2.620295507337513,3.892332157009491,1.7271971326792128,2.3859401478352877,3.7308395774677945,1.8381726119592188
sub-0-007,0,2.667838715120601,3.708739693826995,1.6593607804763288,2.3827819499164953,3.2569058394205816,1.4546805127313212,2.592650750078271,3.476634340696554,1.6340018443205437,2.0179886116178873,3.1507511084856326,1.868126097710475,2.4303673199886364,3.6009656697439154,1.4913971855037116,2.8089669868246614,3.4596722551846906,1.7435060594725302,2.9686403625387032,3.924603228165033,1.6540151568069412,2.443220366723335,3.408847396774531,1.7764847372714803,2.531059655834843,3.389331639399028,1.9200771876063563,2.5294422194799893,4.143884946050449,1.7136113845628258,2.871357310960451,3.6000494383589756,1.8444440859874172,2.4195700107268094,3.2609474176755247,1.768955893252248,2.7279395836437565,3.5112718205601294,1.5070409997374454,2.305153494067921,3.1004018073878523,1.4348566830590928,2.569707364700476,3.8150122980782473,1.6979876319612786,2.1431253436791864,3.4465870711063262,1.675580150505109,2.927279775040579,3.0920013843825243,1.6413983596101207,2.8570534824980216,3.6259939355770334,1.7844969610274637,2.570625198664298,3.592384190824034,1.8166414295417803,2.404292462599302,3.745856402094296,1.4940495474671691,2.6091062351096768,3.550047469720172,1.6075560367711839,2.5459166504413835,3.325688757253645,1.5392448009707382,2.486349346509544,3.1908831820959347,1.7484196196139872,2.3429846110525743,3.6993535664374946,1.522778139810677,2.448066915195419,3.32511104569975,1.8987720093312257,2.609452190210986,3.4407145352875697,1.7748079161604584,2.170705377480656,3.487922594900546,1.9996271266707144,2.573822371152481,3.519015687367414,1.7822192569463293,2.711208943796582,2.9407093259908392,1.447651027731346,2.5878524323955063,3.299834562668697,1.896803789332987,2.4932686098206593,2.958331394000327,1.5097979124734004,2.0550583164664964,3.4344448495607844,1.6717423809103424,2.4735967122392584,3.802086130928327,1.879777975477504,2.5193300837958996,2.90228577310648,1.7925922370738387,2.6499648411315433,3.5866296396439448,1.8472219623962174,2.3403309426370127,4.062451508131839,1.5560858370287198,2.6848601268961536,3.0275426455642616,1.5604602969094923,2.82294635641056,3.426948049559762,1.8259883907699197,2.592651969969464,3.4706117163199517,1.9045775487399035,2.507401411562658,3.0013933298822284,1.5795139862072443,2.6492145111663046,3.610742549781502,1.4649412624646843,2.4196183465065237,3.337118022223371,1.645179560882866,2.3023355540517207,3.324056089726546,1.5907084272110708,2.6888759867571452,3.726553967077268,1.6781284312866775,2.479432836743268,3.5391788073709516,1.5775137338816636,2.3435702252098602,3.236738061500799,1.6047780254042814,2.340574716037391,3.545376676537605,1.8094573510675562,2.264322305856316,3.5070360391404893,1.6670096307100497,2.6114715633966243,3.4963771449309955,1.4819601080102554,2.32276992620571,3.5082386011637925,1.8543171379618264,2.1514462732122595,3.5968034423444424,1.8784433007931465,2.5224553422828815,3.6540566988874033,1.5945396378653296,2.528514084130162,3.0461442148737174,1.348348503737169,2.7196978442205495,3.224201420237156,1.6316708232494854,2.300440394411365,3.1052084831365145,1.6739243449858074,2.4186761050555834,3.6058318794385156,1.7678807628469388,2.607752936338429,3.566808221459964,1.936665230739783,2.3578331215719204,3.484618237463183,1.8699034730779382,2.777617165680846,3.1019061781835195,1.6531466837516196,2.7944617972561065,3.642262149455738,1.729289454721966,2.5108167551817617,3.392535740801831,1.7432328594635487,2.5045726575027927,3.4880779861075557,1.7117898059172556,2.42794712487117,3.648996224686803,2.1371366972623127,2.230142404921306,3.590723506773194,1.5859714867071641,2.6539324639534647,3.513036092531801,1.8142782161063695,2.7615911837715803,3.5538779129750906,1.8698078432621266,2.128026379118038,3.9453266434164864,1.756259322783851,2.7440118040341326,3.158434791444374,1.5753845177591996
sub-0-008,0,2.576268892946059,3.4952293909855103,1.7424602882014983,2.7452127289673935,3.005738311715202,1.8460728607575962,2.5514907437924266,3.4429410788851267,1.4793327148422664,2.6405487603078357,2.8240498017113094,1.7972591016858068,2.281420949614861,3.5149682155328925,1.6821246744008118,2.7605168665128987,3.4499765526761106,1.59587921582815,2.4588115147251832,3.856407175251306,1.780444545377134,2.480586603325831,3.433795002409936,1.464923436412183,2.6199253561532774,3.0072516018452697,1.8127694698753183,2.5731518866484278,4.168346503880699,1.534979666941354,2.531520823612686,4.003520556258458,1.878708446043712,2.4246818307156177,3.5627108799445653,1.700299903462263,2.6007520561309483,3.3043694779242476,1.6866019395948897,2.2623505724501913,3.537834566523063,1.7675031010132747,2.509064505724101,3.0477857506362596,1.8482797794277193,2.6156145068387042,3.2967157726437266,1.6579099329742903,2.279879507499269,3.212885164222187,1.619328298046429,2.771115746210427,3.3209390505515066,1.7960320488993138,2.4531030834849155,3.569425317038525,1.6787906746784296,2.7071501880166937,3.3502528252988037,1.4641207624996337,2.301249174354546,3.351074301696028,1.512641004398292,2.623838162822319,3.3695849138397382,2.056190982503965,2.2372113728753162,3.5570172900387442,1.5308070464741497,2.4611877587311177,3.5395974525353524,1.351194293768857,2.592628701021845,4.0328140894367674,1.631984255244711,2.5967654142249916,3.7869780740751118,1.6754069749959504,2.445427166064333,2.8627938069579093,1.796148607909246,2.529629686248798,3.216448521611315,1.718989506541654,2.444937535774887,3.352040683287653,1.7909436734163062,2.309091165961708,3.793248280100652,1.4903470755322394,2.4307137464960524,4.038424934338642,1.8691032142463633,2.567568718649179,3.2366515396596593,1.620609153995016,2.5631895566254252,3.5105065050550874,1.6863693605561054,2.5444501474648464,3.439974969282568,1.483703189653998,2.4570280664110498,3.756094735116317,1.4947498553673324,2.5158800079229295,3.270468899944164,1.7167025644097167,2.4800460274079725,3.9136702261929073,1.775987473128538,2.3138754301601017,3.6879438432518357,1.5838022215606906,2.4461406531520438,3.587869325629994,1.6262378870404797,2.710714046938132,3.283137182776249,1.6071580171112956,2.4318532391613403,3.3416211504605893,1.864878733332172,2.6631833328498544,3.97878430712338,2.0401466305848883,2.3644709342521786,3.519717355651641,1.523569952503485,2.4100309330053116,3.3235768971284125,1.541426768879259,2.360660290878285,3.459600374014329,1.517492237242039,2.7015828526447736,3.243029009523096,2.121435345514459,2.4687507988264086,3.5201649397367745,1.5056988223300947,2.857096516462975,3.8134601906248164,1.7445373806104167,2.307575541219678,3.5589867257628938,1.5317853430974118,2.8132239474252048,3.726574524918888,1.7143158557731604,2.1114523806154817,3.2246435259754715,1.8031641697399807,2.768319064510168,3.810567547217797,1.4611980496637818,2.6042794152263227,3.7843442606152204,1.4512496651626632,2.548577187232817,3.576675871526368,1.6548853122729896,2.2166108660277835,3.408804529179356,1.6509041854617463,2.523346967181404,3.3422280008809806,1.6335481770137799,2.5428528691775436,3.623887289391519,1.6543359855714999,2.4762631928937595,3.525859130711248,1.4118626111157226,2.635866322900762,3.4998423328055717,1.7059540289896342,2.7229321753670033,2.9532116515864906,1.4039249195211554,2.5992846921582333,3.4980072805640154,1.7255265414787897,2.4668171264689596,3.6860190287871806,1.839895826448668,2.6371168129112745,3.426968031646717,1.3838465918578395,2.6884625174466827,3.842084026540926,1.796683761797597,2.3916643630738488,3.688662430226972,1.8290794561942167,2.830586924603835,3.254689221216172,1.6660318123183793,2.684508969205822,3.516074820002684,1.5324008596923087,2.6246309313048064,3.6620252574682466,1.7131944344496504
sub-0-009,0,2.58952528689239,3.4275623475279957,1.921741840357409,2.387875406931718,3.335550186426142,1.7016478270291289,2.7082117249861604,3.0807355123735296,1.503455487535184,2.1832088686077507,3.5091546630709156,1.5322541274190185,2.4807809801967746,3.6851858931696784,1.603768591882573,2.5916307640938054,3.4161853858295177,1.8008171472644654,2.6355230521226414,3.306258565071109,1.674702236989932,2.737873811589689,3.610145523671147,1.4904556913373304,2.668011251010849,3.1963090257178535,1.9118769604941508,2.7343377911713844,3.581167933257152,1.723584926515429,2.5123741939150643,3.6899867063920078,1.6443832745806908,2.592402576715181,3.7441416226254463,1.6157290184711615,2.4390853068016747,3.1655776653971515,1.540329088081074,2.2208888439405294,3.7043520609243483,1.9713371813124156,2.806559209824655,3.0446963431845755,1.80872820073343,2.80597914298624,3.372093205393174,1.7152171145975075,2.188579250855159,3.5746861270334596,1.5404660405847923,2.5859343032240725,3.0628631817871135,1.7814287336716395,2.734412281576804,3.280709638719753,1.5294616127884348,2.161915852341003,3.4254042104589506,1.612760909857759,2.27081650577735,3.626845251767408,1.6325044427203026,2.356367527443858,3.3447197264206747,1.8606956808394424,2.6585286498759397,3.463592702780423,1.7928657527697278,2.341035847850387,3.5090636282035685,1.7220983495729705,2.465429428470229,3.621928334068077,1.5829349818033323,2.641767727399701,3.6545204560287616,1.26242601789544,2.764255026631821,2.6466628817012285,1.6075926461665813,2.734562646166396,3.4111597169293164,1.4800721026295687,2.353127328890999,3.7875336089697735,1.4117743204177042,2.753218398173163,3.484571412268159,1.521140700433635,2.4450392869855153,3.2151771844915404,1.8299337801287792,2.681837005757311,3.018634882514707,1.6394611822221,2.39462658077803,3.8621827911686237,1.4974851322810367,2.8387612388433023,3.4906774729352574,1.5257098390429868,2.4280906468783297,3.2755467245848338,1.5088072396976742,2.5670688347514674,3.156183645806284,1.3729450686892717,2.4816582352473286,2.995200265002993,1.587175869789872,2.386361480051396,3.256059499832772,2.000144465238523,2.5601540820905226,3.568703882518693,1.4335402555486558,2.4322866359453537,3.560284736383623,1.546320663063049,2.713451311833237,3.1632449559477114,1.6570450796202236,2.4445107048043995,3.5460097846269365,1.603926489221686,2.5012391471272313,3.433883574302164,1.5898418363913047,2.63731689632948,3.566748744954479,1.6867079082120249,2.4725174999768473,3.723032328545599,1.6646248634278729,2.494794488191331,3.5293132083686753,1.9544880024456275,2.3087358825561832,3.715559930055499,1.4160243258142842,2.5891091684811522,3.941023191730445,1.773300278670096,2.5807125141371627,3.343074148735139,1.704657080073283,2.504628693227396,3.2799265497792205,1.6565186576787694,2.5857086089127588,3.2851792208114206,1.5790577268972974,2.3051561812334085,3.609403007304891,1.781798489295059,2.591698879962573,3.7702477379640262,1.7131801455621092,2.620561968725836,3.5850744791785174,1.6862689970872689,2.4544520709366635,4.119962732421735,1.6322073530219736,2.4301420119983215,3.62152275056603,1.7377781622942508,2.297137521430141,3.814349911277847,1.685870813697375,2.3500324028611703,3.8328595520190847,1.793851335739423,2.3223824414493754,3.997611195272163,1.7988196052549288,2.5481646991874913,3.945261265574098,1.723894667574446,2.544945046481274,3.315115967513843,1.7872775658960618,2.635788534118316,3.504110439169119,1.5815020469198595,2.573387373749893,3.4804563399866013,1.4999788521898698,2.2850737767616462,3.6582429460667356,1.3097167527422466,2.5869738948530268,3.366136743828929,1.8962369910319865,2.4611757223523023,3.684655579990531,1.6404629238143311,2.5704746676275056,3.7063142286576145,1.630616642551313,2.7293798792097124,3.2217645944101845,1.7441889263837569
sub-0-010,0,2.716075150101813,3.6848104977012937,1.9874667315103114,2.412580922884081,3.1138382096223953,1.550849733725732,2.6688796619787185,3.639418421595426,1.7153384989471123,2.3478677311607163,3.714722842132137,1.516294283352419,2.758610924827842,4.300082758479162,1.7549676719857326,2.6549594644183934,3.3619992647092434,1.4284680018369775,2.44151051465456,3.1939893324923503,1.4829493135377476,2.860024789559217,3.5764015050472167,1.7569531370920974,2.494375974264675,3.451596096915838,1.8446826023359,2.544179318634861,3.6485943026469254,1.6705993553232477,2.488412479668231,3.1060640336314784,1.4033376406449307,2.5029188578080475,3.515819073758105,1.5070804944936813,2.543794524293766,3.5150507176373407,1.376598799091093,2.3852775612936896,3.6140338902459312,1.7580588094093614,2.342338515048043,3.5443654541399257,1.8533610838040708,2.6898731326183616,3.4733199796360985,1.6298035530013562,2.436717992819789,3.630989539214704,1.7292655959714331,2.663292721098396,3.5369246676739228,1.8228145925521162,2.567026655932386,3.7197128405168725,1.8306234155549959,2.4051852065595334,2.993719666876191,1.931523928402183,2.5961985715282068,3.019943949261086,1.5929270754171934,2.688937372626569,3.42169048728279,1.623190787102131,2.802158734856334,3.206759599012533,1.5802769963367749,2.588049565508688,3.609327380975087,1.7744514551511097,2.7140228480224105,3.555602013790825,1.7734075908407614,2.503342333323285,3.51755552490628,1.7161301270080451,2.5887176644474263,3.7163111461231733,1.7832718522917246,2.5579590605220326,3.273444724216509,1.7101506887094065,2.544956798718766,3.5540908423476956,2.0309787960710604,2.4557208998625772,3.6182409253551007,1.8602693100866448,2.567640344537889,4.1545966333682065,1.6432941062402784,2.608336060017608,3.276334391429965,1.647271289728506,2.594808103871398,3.7369651374461643,1.7478642251035361,2.7766406728802524,3.473409713034052,1.650174720524149,3.036717319310289,3.6103865418437686,1.5920777681032179,2.4250325227953473,3.2360496239312244,1.840485403378518,2.484412087279216,3.535661493183816,1.6904736988342597,2.6816686334293682,3.2629116539924743,1.5386641570785478,2.590373515292687,3.6682685997159714,1.7498798469646462,2.404298328762481,3.68969575578559,1.588420860935655,2.456123043938451,3.235693013077839,1.8951737522978045,2.6640158773849225,3.6693981451900846,1.8870817131713675,3.05627686468297,3.0214166909051565,1.5892435128684337,2.4390884848485856,3.261770505732846,1.5383625128594431,2.4960624484700342,3.1593509597189664,1.7502563551306118,2.5593056978571505,3.6346880261338237,1.7761592677457378,2.6585412336168015,3.395445497689313,2.01817151039505,2.5921976009667773,2.9785042692650574,1.5496436381350673,2.236709461974993,3.504853696162366,1.681729216392,2.4656833743780973,4.063059311472144,1.7823474311115366,2.68069770506034,3.239299423376211,1.5501282663003482,2.556624989837452,3.5484419991026233,1.4215532649328315,2.5175447358870837,3.5039401832045813,1.6677276251343307,2.403589725777598,3.3489301490620806,1.6734711209640805,2.5663440042498085,3.669341643114159,1.8621284307426307,2.497017409765095,3.3722762650876996,1.765648351030146,2.6599520849539537,3.378423878687512,1.8185590215449259,2.726325361408075,3.8616722103844285,1.9667481360079733,2.394045095041301,3.503891498613103,1.701691654492799,2.5323467576641483,3.3182063825091617,1.4771656995153393,2.5666823002852204,3.2848604153265843,1.7128990221121436,2.4070721624942064,3.1920956631635846,1.7351447540565346,2.577165874825169,3.6621989519698612,2.0278795649626438,2.5999121156179523,3.6358228947779563,1.5383658006699013,2.3183566607034525,3.9431922450965335,1.5614780330100044,2.3620900671356444,3.489052302059365,1.6864711379933917,2.3875488288402074,3.414607498760332,1.8844063576475156,2.404921150410276,3.1097717043774717,1.8413890431349689
sub-0-011,0,2.6386134441488465,3.326254786218375,1.4626749475809624,2.4159677958410586,3.484682757682204,1.8748508134825728,2.3634152445234617,3.4763344331767874,1.8012716989842346,2.121371878778054,3.789460127022892,1.5226324141690344,2.609759188822248,3.5690712818910084,1.8626879587195766,2.649166388560837,2.834358662315605,1.5822831129266013,2.57487692328359,3.4454056318864597,1.7716416094635155,2.692085980020547,3.6703664862003103,1.66785875861683,2.217659337998313,3.3724652503206514,1.7624552222208432,2.353719494540914,3.6767569244340415,1.8362589945900956,2.5728360557332515,2.642141637432529,1.5082867455932294,2.8895140485400947,3.346969417952054,1.4023785165306506,2.772344529895849,3.5037395656322285,1.8657410733436588,2.5998525615394854,3.628396558139407,1.7544513871571774,2.6755478961457797,4.137680525595708,1.8456509503938783,2.2655389227878038,3.625065224278093,1.8712221152154827,2.766486145176506,3.380550604743452,1.874741666778219,2.716993631919217,4.220304882351525,1.5874997395627233,2.458667896247923,3.414286666431213,1.6264666774941836,2.3897962650425515,2.7264508584113516,1.6347950789415298,2.6164844507459826,3.361897883258345,1.9903071775293664,2.552407646288855,3.861488135451558,1.7392130619094952,2.6987533157807864,3.5781876351013975,1.9053176947855344,2.5600690830238317,3.63891379826486,1.7549499400475066,2.4981086175370826,3.6133950492989095,2.0351579369296524,2.50132855042282,3.6174501699989094,1.8886668426304163,2.75524559056997,3.5032805969614222,1.3424916945563958,2.643006507356724,2.8785472075855454,1.9204905846411846,2.5805052968147866,3.779908725564157,1.5646833292728424,2.27054865480599,3.573011227559527,1.6949594840065787,2.46152265129171,3.523705158605174,2.115115383804839,2.70021459852643,3.7938596096417294,1.8265905337330033,2.8163031858933945,3.4467799315877916,1.3917858038487059,2.516054496058918,3.7272859987990206,1.5545299407327389,2.5182541289119205,3.3063044719593524,1.9253043877764695,2.684902262773181,3.6824313737803087,1.7932401969681457,2.543295134540617,3.555315759107701,1.5222223129201524,2.1564404438248976,3.5420227164966067,1.7485985384408216,2.767667622316568,3.939974028503063,1.935499772749842,2.370355753207102,3.4013657902140646,1.772050144382207,3.005742841993592,3.9144277770398963,1.867909574299757,2.4801981680011274,3.252704103276565,1.818336182507486,2.351880972437815,3.4332378217255153,1.6827833076497116,2.836724176042105,3.4006847551712904,1.3341125542141077,2.640800036579244,3.3042738811309005,1.706394653665662,2.5343931538484177,3.423362881171025,1.8185510872677055,2.2740843218965123,3.3552360170127793,1.802605686967607,2.4394647404380136,3.049534121404408,1.8002833014885102,2.752157033479477,3.4874013418599583,1.4058731602295702,2.677074554405787,3.0352313932024875,1.7463198915272249,2.390256511546411,3.1752449999852494,1.6337134974380465,2.517006439843093,3.3196216898917945,1.7883054917322725,2.46970751187741,3.77445344406811,1.7421759748465218,2.4244397028126645,3.25753683252696,1.4528755551428842,2.602331972016028,3.4007154867696197,1.3441706707904728,2.453571322901508,3.247710471808613,1.936351638825599,2.2434998498592043,3.096421776074465,1.866495446465855,2.794217368343513,3.2914047771568202,1.6051871265786632,2.660922371379596,2.848412056855313,1.4208209473241666,2.4994679878468715,3.9339693585161553,1.634640486774989,2.5681686225123275,3.8174609963179233,2.016032709991722,2.4461672748333037,3.4952857173546406,1.9733082832014264,2.2760041304655427,3.7877226997550704,1.5472526701458111,2.568445026078568,3.4320666667279234,1.5562982598948156,2.3730416530215104,3.5773960219910514,1.8493308992244022,2.526647483426069,3.5196316844453004,1.785676109943657,2.375108620857667,3.7071139023556183,1.822901464558962,3.0186527337750735,3.394690826643317,1.6312877297497808
sub-0-012,0,2.688413856883274,3.729349167295399,1.6197369269934931,2.477430718152591,3.6515166347010513,1.5758623638898008,2.476103882157297,3.5250859748631616,1.8493908027233386,2.4411722490876824,2.9841323506314117,1.4125103798722685,2.3233056479928957,3.1323130389040177,1.6768083862070136,2.3360015723524308,3.303228611250063,1.5838871172526925,2.470708585047361,3.870301212826474,1.7992921384145775,2.5529032947496804,3.370912641437365,1.6350151015065468,2.608994364591351,3.6635673405386413,1.56385737408491,2.5565665360105614,2.9311465207743526,1.7317570676255896,2.6871868635525633,3.421580784473355,1.9724790494210158,2.3913770794615106,3.560883316284913,1.6946262880001066,2.531946419860186,3.4679897929586705,1.7160657545014206,2.7026325738234656,3.8857661461569286,1.6996624633243764,2.696756892990894,3.303505255045301,1.8148933179089348,2.4128415257111415,3.805384782104677,2.031596131608986,2.5280249001651494,2.8860878225739253,1.6177890600132765,2.7717375241720745,3.6548615003670686,1.7373370398012544,2.731560304071871,3.6356469629895583,1.8826587781176705,2.7154962617964573,3.9260761267663487,1.753819412585938,2.7129466922689116,3.41400441953598,1.6097808782661491,2.857218175275415,3.5605373093703525,1.820732084879357,2.57227320259405,3.33577561774241,1.7016474338873602,2.808478923198188,3.6554672207982386,1.4432790260404311,2.511255997816292,3.9990422619573196,1.6679304707225064,2.225913835487847,4.030053687918312,1.802358876471919,2.537397685413696,3.3960030338970206,1.8623527894687602,2.452442987959285,3.821511798864477,1.7813292928586384,2.5940427465877227,3.5407441454939668,1.6737547944928732,2.7382152216376676,3.2577040070114864,1.4567112309754686,2.6605992221206454,3.676746731858801,1.7720361728767648,2.6233911065312467,3.4102486940654866,1.8181224056578287,2.5417995371841826,3.3636082029717502,1.65321630316169,2.9137151457796495,3.0142066970272787,1.7749682156443698,2.2477601230277306,3.4696946652695675,1.6349558772268717,2.174694906597622,3.608930525321454,1.6429942906711705,2.172142858338976,3.7350790654167905,1.9152509266983402,2.8182223816133827,3.600507803382412,1.7069087207865672,2.789068191761243,3.9710674038952276,1.8700353054313437,2.3805232315986355,3.5563765589001783,1.7659274216437142,2.2242689455948987,3.6314209846938166,2.0409487738969085,2.665188509844142,3.9125556628036917,1.7274372095193058,2.536820701682912,3.6067559892226733,1.577626002802335,2.37652046629781,3.8545652760074223,1.9058513514299777,2.371600863194277,3.771039665275082,1.686956003659097,2.6111655434082772,3.6288612190418177,1.8491525702186478,2.5648892763353737,3.894845358684542,1.7464119259639888,2.6623531690445157,3.266686474369571,2.023798851605725,2.6345684861768937,3.699639279096628,1.4587721283182686,2.401913635845762,3.846607432617245,1.7430336677438907,2.2055196477307932,3.790721180115469,1.6184325793470915,2.804037057457808,3.475406009990964,1.7307060029030794,2.7622118241464966,3.2487019681606943,1.5510729788249091,2.5146302843283403,3.731608383893942,1.5003684121079763,2.2497537720199623,3.7306418595722617,1.6095532531149495,2.479399317674349,2.9800930874567535,1.5981531028472027,2.5486378866063926,3.7605058001344096,1.584315475064804,2.8483277016418493,3.308324313229656,1.5975362297622238,2.826724359341604,3.5592088426618966,1.6171962906482635,2.5220760363874932,3.878860601711777,1.9199304229438523,2.4029772277313537,3.4881185331778495,1.7135235241501359,2.372476780107012,3.4844081852580016,1.7007984290677551,2.755237706208612,3.8380790079271363,1.6506185902461488,2.5114884341050536,3.686001844575578,1.6122217326609483,2.6559552273127323,3.47538618353662,1.5545902133392069,2.3777693916816633,3.9051764348887086,1.6765367781285052,2.8452637369016958,3.3561818469998252,1.743680780169724,2.9806818101432833,3.203931711494282,1.4153278250150334
sub-0-013,0,2.781586223631702,3.2684934504899394,1.6968940453840649,2.4445347221187146,3.5750855786674887,1.5574195689221386,2.517610784181005,3.6259482914358294,1.5487536670588606,2.42398487466374,3.402732806592411,1.4856776848660582,2.4739390230962255,3.5332630311728126,1.6400676587617358,2.5011522312722896,3.494427532146156,1.601638480635153,2.6743912618560377,3.9020738749444974,1.6303429411706827,2.637335681665987,3.4329071964782987,1.7548231017557756,2.8318403156165854,3.6424246720450677,1.4339878191785478,2.6317192136604524,3.8452018481265227,1.6667605745002845,2.7292142651012097,3.306767648477455,1.4771691260716588,2.575410423389875,3.008186518191032,1.6640343480659612,2.78163160727619,2.9652663863910416,1.5080754806129153,2.3642341958709157,3.4822704392809314,1.6451424821530685,2.8018445487052954,3.767217532145675,1.7742909419102897,2.576213456581899,3.6101043375557516,1.5707026467029936,2.70429786364019,3.1886276087794236,1.8253065490853346,2.7635056503813895,3.5590420885846643,1.6735680411557037,2.622055783495741,2.6987748563718115,1.7453387327728191,2.5295962803888346,3.4858241283440425,1.805979876934674,2.536541594118349,3.1807420801376756,1.6787895993761932,2.562159987134548,3.5321814952426838,1.7242879050927602,2.7370864280853393,3.1959103251504386,1.7263550684247275,2.782187345751283,3.0143087808575855,1.726947002117008,2.444631869644852,3.3962010923475305,1.5642788745178366,2.51948087117392,4.015551572039533,1.510335445823418,2.3394701995538107,3.1354583203542186,1.959112742994215,2.466778853006168,3.4928210631026513,1.639582558834064,2.3800038818874434,3.4341578189479582,2.068736540860484,2.8005727657753656,3.261177411018164,1.797136115459253,2.400325900920052,3.002617061123058,1.8529266376496945,2.758816712395839,3.7928946302934117,1.629520212617064,2.519980367879642,3.7099343550242745,1.758724405602216,2.479145255166532,3.046659890366914,1.7170812791213017,2.7442217350625002,3.164675279070436,1.7958139072513966,2.6096775051240644,3.7100415137050535,1.830796324957851,2.4249962564534364,3.047251367953815,1.619972071147568,2.710042917154861,3.3482389070127283,1.5958935014213538,2.222156938453565,3.990741315274263,1.8238570462137964,2.6885812766294572,3.7709631082982527,1.7865062542315102,2.5060208060676845,3.4541460508457837,1.6358653453111813,3.0242533357947,3.655655368763844,1.6304299337972847,2.63378941934993,3.216956703000231,1.9256760077883839,2.4310075627547145,3.6403039211342905,1.8598966444614702,2.6192583379568983,3.5264515977094986,1.7016203127284022,2.5398406025603206,3.3385244231002993,1.6325774855345443,2.816326267257168,3.469609742848156,1.582130559592584,2.457066432564928,3.8081037905952226,1.8013409949746717,2.650859252081806,3.4278940643052582,1.7860043705259416,2.434158997508883,3.427308071223183,1.8454706731087618,2.7073699822054316,3.225065243133775,1.5716710320637135,2.5695663875064136,3.983317064907463,1.4126652253296508,2.6000999291226905,3.1147078671595185,1.604850350971168,2.4844028847484365,3.3822576638376707,1.6199306090511187,2.5512972708677464,3.350128441343438,1.480631392271877,2.6903765302540994,3.7108042068016864,1.8264761465034003,2.272667790672465,3.583697082723562,1.8013968283710384,2.3643836276808745,3.502568509490996,1.6825600032034451,2.881587118542287,4.038858890363521,1.45034654100047,2.998906861031038,3.2437367980770695,1.8471009941491139,2.724689636555471,3.221206736484294,1.7739901690758648,2.5306439260321083,3.6552124012970695,1.7346008453570938,2.7653411073666443,3.5211118720808976,1.6748188895860532,2.7472915619502922,3.6625108701604088,1.809772009148133,2.4303743989934525,3.2073264212084274,1.6148416785120947,2.438252150577494,3.720135795222816,1.8463976075441078,2.5220765478841676,3.9006573252708185,1.9052704090647694,2.593811804952097,3.2698703039679486,1.936306497415331
sub-0-014,0,2.539016876814886,3.535326255000673,1.6490592461590146,2.389837741266504,3.0887809595117184,1.7949302485335932,2.408987810298608,4.35666874411911,1.537088962608128,2.3236711545033533,3.6428388403717635,1.9293970218450942,2.5616261382497796,3.660227877652437,1.4234678873811935,2.428047921775482,3.1993875958414812,1.4157431225078179,2.5710564421242994,2.8720082659490784,1.5016706050868827,2.4533051170775844,3.267239965933699,1.7594612753310601,2.605004434542446,3.750263648861928,1.8128575599069017,2.7553463020850484,3.499462847997465,1.7455200351225004,2.6420724663454545,3.539663875269487,1.640420853512439,2.4901603438188413,3.27108364846761,1.7632425244864744,2.533077268664672,3.314311349821706,1.600663277101311,2.332128228999098,3.7740755755464157,1.711792650429768,2.3946959964768113,3.726393369888565,1.615932678530844,2.296829887137798,3.785942240981357,1.619435451565083,2.4763981637624175,3.5115304056977696,1.8713883834185172,2.553606712355936,3.1642472046793353,1.7815815506168269,2.4627018496328894,4.02861871202825,1.6998320417003163,2.14769361037824,3.600062192203589,1.9916896688390342,2.83366565193817,4.012667200851839,1.5470359721927804,2.71418743127582,3.297841528873721,1.7336434099125386,2.320868562826848,3.3195523858328393,1.5985629953954577,2.7117399504256707,3.7242013540675036,1.741522959399623,2.3069241447500306,3.412740958494078,1.588082527558591,2.7065416362050083,3.8298917587888117,1.8584578379046324,2.414060504504936,2.732930725758946,1.4349557152804917,2.8058928560547973,3.3876486169904494,1.587391307260233,2.845678852818522,3.8542447847367316,1.7036673082879679,2.4971874436084844,3.463011660412325,1.73407441975812,2.838008510637529,3.6182908787864236,1.8089043549558712,2.7604686196326305,3.1724907197131627,1.8132292838711064,2.49697762416091,2.7954933451836252,1.3807745687021282,2.3667388299266365,3.6487425040059227,1.7170699348010445,2.5831860072916193,4.046264175152274,1.509636557771028,2.5450619962469294,3.5852419463878684,1.5895590325192497,2.5550988141149293,3.0520141864563834,1.911485932591254,2.427309380544522,4.068792046137981,1.6951288514123817,2.7350496417718526,3.4850751966824767,1.6953884251609206,2.4448747200200383,3.533354700222558,1.747699804162107,2.4088334683952675,3.4649875635592324,1.6084851700914329,2.963939532530671,3.4748753844247466,1.9317848227544838,2.514787980454616,3.572600539629774,1.5017953892532097,2.469526933463784,3.558949707820989,1.93790057464398,2.5899568999817286,3.8874417011340396,1.796109366530438,2.842932241103643,3.4834681791545843,2.0585334065977707,2.4626286834754576,3.2853906864246527,1.5184920725466449,2.9695844408804524,3.7294453203330113,1.6498818899929537,2.774824085437229,3.692553811832979,1.9949191207063386,2.2713900901068156,3.4256991696720087,1.6306217924085762,2.1947371182464517,3.7968916173383143,1.659440516629496,2.683133616897581,4.160736141612292,1.6470134462258588,2.474192463121712,3.5332259675227187,1.8480871029475114,2.4479916554441727,3.3233307528030034,1.8585783905362048,2.618155078290846,2.9274760863586504,1.5161912300796336,2.8202224554888975,3.6125399192620673,1.5856706103444127,2.519326261697703,3.5037062683844677,1.8103600040420245,2.3055125889254175,3.2645342411722718,1.7409433632295084,2.5320297755108188,3.660120571138279,1.5155738903960603,2.614283161728838,3.8056434134256922,1.7730227820723925,2.5750401131570864,3.473152591281528,1.5747723270842746,2.537040253360838,3.8527176388065136,1.682145724009981,2.389835281917286,3.3621708151456917,1.7301275445913895,2.4827674805074476,3.635884919257679,1.7784265641123544,2.7100169724728365,3.8985966522342093,1.849378808655854,2.381836968453367,3.2470103549586438,1.6886342785310262,2.468788435696905,3.181268516450936,1.633746230874051,2.4645876719485726,3.3118826328668622,1.652631577076749
sub-0-015,0,2.7621211530572993,3.555786651549787,2.0707713614083203,2.5806914734835367,3.4187815832975694,1.7006199323982298,2.596168556119837,3.621871108007898,2.0115066988788537,2.3978423163040374,3.740532896289766,1.7311625896421186,2.2672024063372884,3.7157956589865337,1.8901435341205857,2.3957082473200626,3.497498516990248,1.4411968606988443,2.323414837256819,3.7934482817328306,1.6300375240988847,2.3504154645111526,3.5642489020483605,1.6216381352853464,2.465252101600403,3.707011287188973,1.525739996159848,2.38703426171727,3.543142397801683,1.8454114686122307,2.7728688542681725,3.3137827182987456,1.8406065450379472,2.4088543871753263,4.011338617133904,1.5299343461870407,2.7891261859425116,3.316183890090757,2.0019869682191898,2.656437731193447,3.2155153717656977,1.621664228068624,2.6906126169402733,3.7947404369323574,1.6893926612413306,2.558038490573424,3.7123388491403384,1.719769764051623,2.3171691253190922,3.2723672731007496,1.7352679914727498,2.7687868349695846,3.9524750787653735,1.8169294131157174,2.6017123369865454,3.7096678880750935,1.5999873724689717,2.5224184271535215,3.2692433980249467,1.5126886083938431,2.6100388220945168,3.5519437258437283,1.803147872676352,2.6483001295606403,3.5679403959706812,1.783492499851633,2.5423170426790542,3.615609590662272,1.591078339597046,2.6165470666150434,3.6871569518800826,1.5995477857891696,2.559329777818712,3.325391297303779,1.6210239955225827,2.347512716081612,3.8544169790466354,1.859852776208007,2.6467380937609204,4.052214866544268,1.6716131455147412,3.0957172347199142,3.436291763698298,1.7382790027634025,2.4783999754907624,3.6042511568168853,1.8253422391829366,2.529495049250445,3.997481557192934,1.735872392695019,2.5986873694998356,3.245480645536159,1.7627748611825576,2.525875100254314,3.3296928757855597,1.5835288387777453,3.030917408356203,3.42622636994987,1.4814521868828099,2.4243201372481367,3.48556100494666,1.7820000548924726,2.649863373910556,3.689452074497427,1.6032709540044006,2.611279279830278,3.254703350049038,1.6070535525478982,2.384812384589953,3.1672511207124847,1.8596314233287012,2.6739501061761994,3.7734663035938762,1.7058969599036444,2.6898253857957264,3.006838966700087,1.8294631277068032,2.581881569400905,3.6755906880417664,1.757003494857292,2.3723300721833604,3.080548862890507,1.5931918750725556,2.651685110629124,3.6932255962491105,1.4948086583927205,2.3734021138557213,3.297494007936565,1.6464042409599775,2.3048308504465225,3.101825505480763,1.576724705538867,2.565525690520501,3.1694335848690227,1.682629473504235,2.7405395069055265,3.1355016735242174,1.669033136238419,2.734456212075139,3.3828848506981335,1.6139495463712372,2.759429246575165,3.4142634178879665,1.865674253780835,2.6272137704028955,3.4040034971852458,1.7719535795896295,2.607680912492287,3.785847189880693,1.6177481693202471,2.5574170920206916,3.4827756097107017,1.8056222212459676,2.365467745000048,3.7847535735066,1.7699493158255624,2.3129534867460695,3.8383135911345403,2.0351139621196594,2.7303301145188934,3.8995557348234113,1.7128057072403882,2.250929114447068,2.983646273673093,1.7382623065801637,2.4434438146086035,3.2439186420683415,1.6905879974046987,2.6608053518150316,3.0932278869065986,1.6326683569579423,2.8217767229616566,3.198919253538015,1.8304641780747435,2.462748462921181,3.6528222527579866,1.86459912608043,2.683430718057304,3.7545646886198853,1.5272609699888064,2.7504587472134334,3.2612459279022503,1.7389312648357307,2.596484313659501,3.6358343164834825,1.7505435014090285,2.39811420386555,3.1220371245571994,1.8308523019942653,2.5834502239534047,3.821825515468189,1.6932900598718197,2.297070415078147,3.77051631068115,1.6444444085508338,2.6115606223357837,3.3187113600257345,1.9466452565350536,2.3922183316470242,3.405519668850271,1.7161173054045975,2.3534071811243473,3.5925454680045266,1.9417865716201235
sub-0-016,0,2.461716811075132,3.610639989328883,1.2875846920942167,2.5429927439127287,3.4123481599406627,1.5772253596384422,2.7446610845331354,3.408651769145328,1.6733783769359618,2.482105282537967,2.9632915559057786,1.530202033988456,2.722996827501639,2.909213818873608,1.5850526975576442,2.4780503898678425,3.9882141228416383,1.8152905648244553,2.4497093051304417,3.8652638351923545,1.588922626924832,2.731637964672121,3.1195143711415554,1.8609886747683735,2.4768959438152223,3.2120188125364444,1.6674284580385528,2.5999219523496384,3.3614704394528006,1.7830930258992985,2.4450611009404675,3.6737042703007803,1.7663333093054898,2.5390338501525713,3.376412952537534,1.7227311193647898,2.6490456737460657,4.07730376276485,1.840913063269727,2.725678190966851,4.364783414560879,1.7773937715151766,2.6372358320361062,3.697124220810063,1.548655103361762,2.4700977054446236,3.3582726053261465,1.7971420965829341,2.518648578800184,3.5387025591328047,1.8631181930222696,2.705367132966745,3.454718119148451,1.5995007354682667,2.754349451697574,3.7166895306547625,1.4590614772556927,2.4936322909965094,3.5463443293646937,1.8168244575681547,2.713818269089159,3.5794936803291324,1.7877871297038284,2.5615446244280675,3.311321527309443,1.6608103413438118,2.553418413595219,3.490289809994795,1.4171640643334793,2.4784529997127023,3.5157375828649626,1.6577945012141448,2.5055717168079146,3.6366375838252845,1.5381564219427049,2.256952401488782,3.402512458565731,1.8146171608252684,2.853759547107595,3.7189959069465273,1.4797604360196728,2.508173896912181,3.5718576267028284,1.7266386675385388,2.6470748195297173,3.243226294990987,1.7097414631326113,2.625658109359703,3.7311878669250245,1.5791422750080812,2.4878717638962784,2.7429310495794645,1.6067807048633338,2.455605319265212,3.214516337713116,1.7248418225348978,2.5399298222318514,2.8674201142782687,1.7323261953952633,2.382901656457975,3.6359929085733445,1.5077223128407002,2.555401176935569,3.4207142679117784,1.7454652827425494,2.5724455099772423,3.428554030993993,1.4695591528933631,2.284102566577014,3.336511657054179,1.6987580174105619,2.440515369504159,3.6750593405622505,1.6581168621182474,2.376297709539688,3.4221330379633854,1.7338789754474828,2.608479249388425,4.025946156958076,1.599663598999487,2.5367738409137277,3.6193147051094394,1.6964865561198776,2.459888733722042,3.066207990623612,1.6233748161420476,2.3567335657107957,3.016550129285342,1.580648173749412,2.361523490262038,3.6634602326820254,1.790163775612144,2.3873017278754425,3.427135983442326,1.4212636006831196,2.461018808967115,3.611714932196657,1.8237406834421153,2.4216515252955633,3.7945193609477057,1.4726462117729793,2.325426996154117,3.6987053223786055,1.950668184284487,2.638817757873065,3.4887041317704766,1.3707224380216687,2.1859595299121737,3.536234670330843,1.6462905995643238,2.3509496672126184,3.518349122632414,1.7172697051261714,2.719994856337249,3.538248639243556,1.8842591552501577,2.551438925318786,3.4677062014539457,1.8596468279370773,2.3738806415925415,4.288045286914525,1.7562886217250102,2.618549265510781,3.647026872712327,1.9815704712997464,2.692651334101069,3.0505843258789014,1.9105205577151256,2.4886386156998968,3.5300034203950106,1.50811190417371,2.644716363262301,3.3176151987810854,1.715025445699021,2.4988621790350587,4.039003584486038,1.9973390450218385,2.5583723706386534,3.5179137591832794,1.6439835550475728,2.749081132470501,3.4079024363066543,1.636799408803145,2.7261467154596932,3.3492762533113383,1.6943367448327205,2.265364059328021,3.6971732966344866,1.9911300408772803,2.6798205671039623,3.9093037669132453,1.5730846795734004,2.5925383707650758,3.2359152211765707,1.6658351681627985,2.6889980659234505,3.5285097716689235,1.4881038466098166,2.3132947610032044,3.113274099182583,1.7737178884909386,2.9215010164182003,3.8814883083200598,1.4156022201280902
sub-0-017,0,2.805793668852561,3.7621921167641013,1.4682050081706863,2.49542370899211,3.806746275218827,1.7825650266402178,2.3143628905701625,3.6710078036229343,1.3793749105879118,2.509892008363702,3.8186278954320136,1.7027591323356979,2.4601912410068496,3.749016951056258,1.846212772262987,2.785807144716051,3.7448158799649884,1.862206219090572,2.6819235403387562,3.5743480217526122,1.713426349964572,2.5072932505624674,3.1605368779432768,1.5567032736770288,2.4992373932516623,3.56760660468868,1.9161218897006393,2.5424764989824076,3.7809733614457457,1.861897348464818,2.5083395764160175,3.6665132591836516,1.6634707937412707,2.7879844609341258,3.678036134714461,1.5214274367967466,2.579074437387692,3.9614714053106863,1.6728153448179948,2.630588705417112,3.652846074566961,1.5445065651253098,2.6419274308584324,3.1097261574303046,1.6061563840397906,2.743630134148954,3.59989176128634,1.6543283288380208,2.6303629838241336,3.4831741706285633,1.7018867753527749,2.6682273348096244,3.296337032615443,1.7060504608332037,2.4937917249708024,3.0560310551119283,1.561931636562605,2.83227716047149,3.6077225280838654,1.5014617547897915,2.272736212347286,3.4685941079690363,1.9341779799764722,2.5163835357352164,3.8659598749531243,1.7527896156227987,2.6348250824122608,3.1259982573947207,1.8406284382624636,2.4897122332907506,3.741665887011054,1.577874502702083,2.581868882551784,3.5985608271025367,1.67689500251362,2.622818134755508,3.4254088189460976,1.602641037043808,2.8389870089029134,3.793706802581204,1.5858702882427735,2.65231997500703,3.2920499206836773,1.5222973034506513,2.7360856994518157,3.0228521048187265,1.8390283870364812,2.5045099837368494,3.440766951137452,1.7614626829434934,2.654615786158965,3.268623910487906,1.8076588413125094,2.57040669684454,3.1483046579969494,1.6745188274630392,2.7986302228006066,3.969446543508795,1.8076022686413016,2.3357381721296933,3.6373699326876485,1.827629135578879,2.6806274369973697,3.719787200832617,1.7544894618871296,2.536965779010502,3.329657101146875,1.4153096722247756,2.611135518008403,3.5520947962226126,1.7836363764237224,2.309242135207279,3.680604673008217,2.0081817641931163,2.564121023540024,3.4827337106221687,1.746350353412855,2.915820664447861,3.2133786267240305,1.7304810400090858,2.406061663986424,3.3468386781634014,1.692561453817709,2.7925181834904405,4.004277368192846,1.7672213216940058,2.4822129498557723,4.197966882658785,1.635866827800572,2.447195535415247,3.0030159475179565,1.9094137353867116,2.724284206626833,4.1769855501126045,1.491571497167281,2.8124707453462396,3.5196379451425157,1.8209150325200203,2.2534001146011953,3.911062910346283,1.8179775126997746,2.542996193738481,3.680631552545114,1.5851757048436625,2.445700784595294,3.370235508184889,1.4220908207464582,2.705116528956606,3.8336462119711188,1.5947983775354238,2.612676542870067,3.4256486671038138,1.7492410943121546,2.4370360965820144,3.252640956295462,1.8578112329035614,2.538503294677591,4.066190506238973,1.7069464947191209,2.383305952736911,3.8435434454020627,1.7946200246219028,2.680837115465356,3.8333681900830174,1.6020805559231308,2.527094404382648,3.451994047183418,1.506388019462657,2.502553772971516,3.8741862482055107,1.735600715569077,2.307708960987902,3.064364964733818,1.9497164088122407,2.5337425781540763,3.3187251424035473,1.6589012352654495,2.28408460422288,3.8984666418632536,1.6410420593620956,2.7961322749929156,3.5144624800452484,1.9144297961852659,2.5962050098277554,3.7389051456033413,1.8078639569132504,2.6621923919253545,3.597421653611159,1.6650723925826623,2.8947782444831147,3.2460576441731477,1.700646146351474,2.552679457537367,3.612683410936186,1.6355791031158249,2.6066543350061258,3.4527240761431695,1.462707122384315,2.551719411526232,3.1918417067515574,1.4398421356326647,2.574637197724089,3.6366073357654787,1.7790047063156864
sub-0-018,0,2.652090727263545,2.958875074136629,1.4958474608138794,2.9052338586264606,3.20678154717843,1.7916261546705032,2.4263512281001476,3.5223083669949182,1.6050118696589608,2.651077407831536,3.5382967528486757,1.632756533953365,2.360969018457472,3.574976775297903,1.5180921801436114,2.6269465875817506,4.235415774530332,1.9025255076893017,2.679302619640949,3.4760299566324786,1.4091871059494712,2.3119884487379667,3.8591819997087597,1.581536587981283,2.4241346223304716,3.453617866808474,1.5406930611730167,2.3291816277807054,3.4858672596212017,1.5662705817991944,2.4166166556397988,3.2812665126788385,1.7783540320751703,2.5082173757108355,3.449999848989721,1.7895418845963325,2.5244328705180705,3.4220889448319918,1.7705675533355256,2.670275611840373,3.458819420137591,1.7120911663430782,2.4092777586480008,3.2590087479139327,1.815372125295021,2.630089571258032,3.6274835627566415,1.7421281523088283,2.5583165896466915,3.6949953294303755,1.8402663141534175,2.714021040934316,3.4717821835351237,1.9080489094863258,2.5911229227118175,3.6770653339184234,1.742313183625232,2.5944612073471514,3.2939894427299103,1.8052026257517237,3.0621529910833747,3.395057379058777,1.7106492073137423,2.4696830524174924,3.3633544275626583,1.931667421717801,2.428865216809056,3.367257467457419,1.4618760764403047,2.413629889582395,3.0216480299730626,1.7947707048817894,3.0539454999307156,3.3973299377778536,1.4499863100514645,2.711999939597352,3.296461011499556,1.894902039583031,2.4992347713978096,3.3230916070568215,1.673306366638147,2.6863998169685135,3.4363222233884163,1.625491294580944,2.514210311463803,3.143880548339752,1.759554740344097,2.228389213107916,3.3756459927776556,1.8139077813246114,2.604548690927889,3.665289760436189,1.6902431490921785,2.760554312577393,3.7589157750955415,1.7669211506371512,2.7169582399164374,3.7101185952330016,1.6340804729979663,2.30809819589556,3.6177013952359345,1.7819133846247142,2.7462849584049414,3.237830042987318,1.5640353411084256,2.6327820479353985,3.4800732431211356,1.4171357584143307,2.617519469475754,2.9813215838030924,1.5582115172189934,2.7933026471148192,4.010966124985992,1.5176515447292056,2.490709523265715,3.5119343064620376,1.9671840391372353,2.4612835893916074,3.366472473550682,1.9323088337694292,2.482537952510713,3.702216478510608,1.4784285552331358,2.519178106063381,3.0353128852686067,1.5416849328566442,2.701056243927407,3.4860264904957203,1.6521341389170539,2.415225067683435,3.438216299492441,1.745166975065104,2.726924917163117,2.764958928452895,1.5752358238605786,2.578637323594021,3.47231832753056,1.7605064363790086,2.5981572515027795,3.414636998361846,1.6209720206019234,2.50580973184761,3.821647857950368,1.5901988100641429,2.538694789834088,3.551335819919558,1.9340526394811686,2.4959445135174634,3.768465863683069,1.8847969104897533,2.538524232301683,3.4409986858585064,1.6506419491927675,2.503951835836335,3.7391871609615133,1.734651496588327,2.592352147650576,3.1849374170936464,1.5548764883937147,2.935820428459856,3.450208796919167,1.5837842006632459,2.8075978498060734,3.5789063936313945,1.7867232375296782,2.525151526449324,3.410771534638495,1.6745620441254063,2.301107129346247,3.475380325362429,1.7444049615563926,2.8830833820918755,3.5240797382014604,1.3498734436684543,2.533082622098768,4.267061157270326,1.829954935247756,2.404039990114454,3.665509824040556,1.588697986266539,2.3063146464815656,3.40245657829446,1.7137289658858292,2.2130120095619885,3.178235398649182,1.7015503344773533,2.476528828321988,3.6105471559209055,1.5177997509037158,2.678540474739594,3.1685474528231454,1.9464101452906444,2.241163508811903,3.1940848042926446,1.7626056204547744,2.849561985269575,3.588212050112528,1.7844286880273585,2.5531566423011505,3.212608432847746,1.626479247764093,2.33185625040337,3.141961209022476,1.7602623378979618
sub-0-019,0,2.3478279632241668,3.589475121882541,1.5047265871668354,2.6033489436210155,3.3631688806903703,1.9109923300475966,2.6082694012042316,3.8460192100383597,1.5866529925362212,2.56010580124395,3.225295595727442,1.6379592135883372,2.5028212399059666,3.296759698207601,1.5176745711731456,2.2955668817425225,2.8448705276019286,1.5415480304744813,2.6629489014009318,3.0524204110362807,1.4947815730620042,2.8723617428219246,3.3217811060424887,1.7481569013747253,2.665617086370089,3.6855073163387586,1.471652865408791,2.5084092576180916,3.04689636453485,2.0669476788365486,2.262922452477192,3.2066047387164502,1.5439098717737743,2.2806011141898814,3.8787262947318326,2.0633671851625244,2.4643651585237287,3.130281518883565,1.3644611751910967,2.5060604306660217,3.411417681514796,1.6023055810459783,2.589847545715721,3.610648479988336,1.748462488690685,2.4930975230456722,3.1915458877192067,1.7998749646710073,2.5522524766958754,3.748740106953702,1.8185113324208346,2.2940828275715193,3.0984177819118712,1.5866688921889207,2.3598722265076795,3.711470497273308,1.7526964513981875,2.7478531188813555,3.6110163088750573,1.7312974372810053,2.7659513604619503,3.6315236551258137,1.7102151445156577,2.816481546107523,3.532250647282781,1.6543489092623118,2.399191813420023,3.696847128532715,1.8855575812763703,2.5408942677419826,3.8662163746583547,1.4044977452042635,2.540018392534575,3.488773424610758,1.590950844138898,2.979094986836737,3.4814660628471468,1.6388403842593349,2.554673180418031,2.9392121532127677,1.5860198111982626,2.7269831945001726,3.323895300618823,1.5756687255799593,2.785714614572592,3.8752712322665124,1.7775485708241712,2.4680788798730395,3.4329481017674293,1.579377505763756,2.370940838574844,3.207563383273639,1.6072918389822188,2.363750221676746,3.062162566807918,1.7329104004630858,2.5922272045608183,3.976221972359929,1.5997492447467945,2.6032981061321885,3.5875595221969445,1.66192436583117,2.6839800459749417,3.7170641723182,1.749111664279631,2.5039848530913966,3.3998915696047303,1.494836915180441,2.4049347998488155,3.3258378933075274,1.5314042356355848,2.6291863140037792,3.835055803316363,1.5637906351506274,2.6010194584340347,3.210448880931681,1.6542616743591256,2.425740675748,3.6685307816098036,1.5981817739236732,2.732098874467196,3.431198183374584,1.6025594435607753,2.3244050527778706,3.570897262882698,1.834282760333927,2.599197826176637,4.126872866596039,1.9144681178705627,2.494645002350937,3.4109523185340205,1.770454507922803,2.3991565475233765,3.826560725829096,1.7542400782765375,2.596162603954536,3.6923470269758285,1.9584244825053587,2.580771963393751,3.4683486961560126,1.9263079434983867,2.724159074878404,3.410125644692558,1.700777967298853,2.5851685648689835,3.601307624489395,1.4965100223591328,2.272352770595719,3.2515307938393128,1.5552892335482986,2.434111677484949,3.677718979785201,1.674660626551289,2.5853510289018335,3.1571950451881667,1.6307536695618583,2.655706379114071,3.6665866882895046,1.5913139257718139,2.5790992295483193,4.115677398975053,1.6973603106116542,2.4252263496943596,3.4513465309785953,1.7138265661290248,2.522789691475701,3.4912206838105795,1.483482980459474,2.3767265144845284,3.458186133619981,1.6752098044966344,2.4480859305252,3.4504361958985976,1.7091522283121308,2.7100944221744143,3.472220714136706,1.759865480794738,2.452511945741894,3.660186802607575,1.7563595446418534,2.7058470605723675,3.6997689294844567,1.7883103434321719,2.5322848664415996,3.568582983572451,1.8595263392677288,2.432626577507497,3.3240458219648774,1.7272147096925543,2.6247503442477815,3.269250180206079,1.6887856154880037,2.5330802206388188,2.8797215676310284,1.667060901611186,2.521682790087276,3.4551179760095545,1.9123871411865903,2.331156306268402,3.2691056800627085,1.3081706302521,2.4634350000886545,3.3892198048447195,1.6235034235498615
sub-0-020,0,2.7493819211070765,3.7409729062543495,1.7116785086400956,2.4832896503628246,3.787333107069922,1.6970363210246222,2.4027113929946773,3.0194503703043254,1.6338028259156476,2.6858358510910696,4.137430833072065,1.7092415519284214,2.412236007278345,3.1682097416804202,1.7827932344458397,2.2323691105708314,3.654096628393369,1.8226567409394367,2.6285303015819155,3.438494731857204,1.7847410980320222,2.580768906803094,3.2821253242790345,1.9775618483562538,2.486697711670107,3.7172106441259745,1.3372078575956428,2.779764758900567,3.911253848503283,1.7044750680689957,2.6505787862527965,3.6563842508501176,1.6035824645538914,2.648482014979081,3.2735834684356844,1.608686461453201,2.7528497657782136,3.772904153396057,1.594043674682631,2.4179562581698124,3.319232951311852,1.8098959349698236,2.3700027394541285,3.599879538930067,1.8120270215951442,2.534115818947242,3.78281783512218,1.6543534745765311,2.511505991821095,3.22637105528308,1.8525766021430308,2.412026319543803,3.5979361089602167,1.6893025899311098,2.3604990486399005,3.32945111972947,1.90743083585611,2.5862983576742065,3.217437904417284,1.7457992431023037,2.523699474312982,4.467132992628371,1.7427685762013407,2.481487527528054,3.8976078169803894,1.423844574906073,2.566977628148597,4.0584399785107,1.6825701073460368,2.2380058119633457,3.389142969965033,1.9181777061438554,2.6176925273377387,3.265120289336495,1.5972135789231463,2.4492539511930334,3.6011354075351187,1.9007294199407978,2.7394361423038505,3.627683410990556,1.5002532859913775,2.3109721474811806,3.649310565939854,1.4981793353100659,2.509397936207651,3.5851621249321295,1.5293609006955966,2.3656327798154044,3.4736461019210108,1.775547543128608,2.741073378674476,3.6699749617357544,1.7110484892488291,2.415684944359731,3.2001460411635345,1.6233684367506278,2.623788405296502,3.594254637855656,1.3850147021412316,2.408578134911849,3.8372621144497234,1.711882257170621,2.2949383956414624,4.1596299308474824,1.6956587401527852,2.619180112676413,3.6118669316926377,1.644860680075972,2.419036737272149,4.094068995818463,1.8504808804426625,2.697948696199562,3.661360973681099,1.5495023914457473,2.779955434513249,3.2639228557567104,1.7424930197225967,2.2549098170163773,2.9285595218186944,1.7477436803979671,2.404362131904916,2.9430330800367637,1.7810914254420613,2.931614538789142,3.889076872402417,1.661402317210149,2.55159215520545,3.748557751899496,1.868319202975236,2.4881635706113743,3.5095697604028806,1.7450922210146804,2.6496977376501896,3.462738596236845,1.6819872132396883,2.7983698193557895,3.8386657966840083,1.7716115860154131,2.859439632604127,3.391795186576603,1.943446017294407,2.647652779836399,4.415887314220085,1.5211277109826282,2.425917854600878,3.617263391896153,1.7595851079468487,2.901025017151503,3.3128550886761303,1.8357377778040826,2.759243340842759,3.6973013930217813,1.5558505487113519,2.8033965849457556,3.844210980768316,1.7899376779685565,2.5867825836976115,3.563310242812424,1.6881896311640934,2.6653413241654755,3.5087177588245937,1.5727212536971038,2.3612535039310334,3.2894298489773584,1.7333198363824178,2.5451479494416627,3.5602962621208496,1.7751219700319165,2.4370822333349618,3.9103848471366973,1.6598433759428788,2.471983142739328,3.6350681464530865,1.424523469643739,2.4077037990498744,3.7747003836337134,1.4393867106406835,2.751163355447968,3.9231182385805576,1.6445816993264377,2.6025262981367354,3.8133443837582877,1.629981621793472,2.7061995936947123,3.312078337363412,1.628359656000023,2.4061194364215046,3.595941215774545,1.8736953578848323,2.51685967221891,3.144050235224527,1.5375939766569777,2.621027895846697,4.016352595750395,1.7590587498971595,2.4803586208827744,3.7145315107180794,1.664075204661988,2.4819086608744425,3.231631450405326,1.9112673266369533,2.09294257485078,3.7234005760781956,1.6304382593303695
sub-0-021,0,2.4761386683387094,3.9738482437129874,1.5928803361699924,2.427587552274886,3.4634896131025315,1.7620771078718356,2.4704659591872833,3.059319499449952,1.5701452728677352,2.7806400941636134,3.520937500957943,1.7676630925555732,2.502944182708853,3.3153406450714846,1.9516354174813115,2.516125465730805,3.3758564337324044,1.8644213549533009,2.4199751354038703,3.333476343743281,1.7015370026025347,2.550048618735872,3.5726911774129,2.013750363409323,2.6105246843434267,2.834144890429776,1.7489448415147342,2.5568183990081277,3.512166006818408,1.7368920964094257,2.5448379082185357,3.4852686139444913,1.791956631465618,2.4524254565049897,3.234647826021031,2.1535672178933587,2.421145660119378,3.5280400154888216,1.4756509623686949,2.5709643147092556,3.2386968458069862,1.6336290585724984,2.738111639838802,3.6321626791458606,1.7852614286862227,2.2311831290894646,4.014330647552123,1.5212178033587187,2.8251409465728954,3.786032282474816,1.786599911267702,2.396102739436491,3.5424451565494666,1.629361788403271,2.5552271228709524,3.4300357674560433,1.3942084240141388,2.751921147177226,3.4772899961661787,1.6272799400746645,2.449141098090642,3.600368681382695,1.565936549255829,2.144068399474672,3.6139963448983172,1.7778654496935231,2.514066271558026,3.1785871949467976,1.7133403311333928,2.2863841737035537,3.2123754329274554,1.5873953095243758,2.70190903276048,3.398468933877663,1.632820038233531,2.9018446527740243,3.5986894992128398,1.750849176571224,2.4834538658624203,3.333015933061702,1.3720390339974273,2.7243732957462403,3.6255267176117862,1.673125101017988,2.5252991936694738,3.7061203934330953,1.466793489038022,2.4438213603203147,3.1818351983900914,1.965726392373012,2.7076179957335937,2.883246060482098,1.4729357560040035,2.526177778795652,3.3677167406197213,1.5013426687884668,2.900057202777088,3.587511175915122,1.7712224484294636,2.4254373091382013,3.7022367612098406,1.642935085852698,2.49899822873265,3.671080548751073,1.455650365240955,2.837465014773177,3.551068980122685,1.8921416313170636,2.3564244438086126,3.241513765272106,1.525714966760028,2.5950535810796707,3.5184753245371088,1.6303382271153228,2.3674675452806495,3.145353044475364,1.6927274149294016,2.466194379674052,3.3080300421396864,1.9320634229197413,2.5351813779253076,3.855612021499539,1.6200121725975956,2.594059731083758,3.4844667154482263,1.4453566535722815,2.8071008951275043,3.4621569900309237,1.8119627329449441,2.414634829956919,3.4538435731576658,1.5699721460114968,2.7724797268974104,3.587194617286189,1.7550580290021331,2.794473146478896,3.8237755631317265,1.8148013804204428,2.2940890775332567,3.3052098465353286,1.549416779598297,2.680956064852644,3.5477825436900146,1.4914231349554108,2.516026041657979,3.081648545998742,1.692026526789536,2.252032949282307,3.6480716981476915,1.756694393905111,2.8934307288024383,3.737404521059256,1.6365628616266246,2.6972526167894073,3.10865411333535,1.5556291094478372,2.60996565577352,2.8956900944305803,1.6944258822599174,2.3663526074186843,3.528365975442914,1.5383395462929104,2.6263646647419336,3.505411678626869,1.9100548875321994,2.5512122161382917,3.2847800146107895,1.6629671216259074,2.308037448536988,3.613718431317523,1.7884775369472907,2.994455286604707,3.325885922630767,1.6598308139487226,2.446363465601121,3.5593918363167427,1.757253580171942,2.540392528002868,3.804171256724449,1.6074530744367834,2.727511328620328,3.650779399019503,1.698195512015158,2.4933114046637135,4.179466972444784,1.577448702388688,2.6036279718543143,3.289938660332203,1.9678431122931959,2.7096287391838563,3.3100620339244795,1.7768892490146841,2.59638522982978,3.355345066647073,1.813724632584226,2.6200749703987936,3.5603956398880667,1.6937120433136506,2.627589808667937,3.5642285452178886,1.7088639999537525,2.4346171351222385,3.974254547413498,1.542437008497718
sub-0-022,0,2.626974519398354,3.4103325921555987,1.963932090417395,2.3873731432997083,3.294126286707107,1.5545272905107261,2.6082237091711096,3.1155458153207802,1.628220725786335,2.1625741518862287,3.5673179791558653,1.6249677711865607,2.2821497860922664,3.8039706328327365,1.503849965242259,2.6934498642050784,3.303708569283415,1.9402357066843139,2.684919097006706,3.2177465961552723,1.562437617168454,2.6589945369403756,3.4265341234011535,1.6745986239467952,2.7790029951189776,3.2903671154564123,1.7136940658263182,2.721833002857415,3.726552896747968,1.676058099871899,2.4979969414465213,3.013131670494139,1.5415632511002206,2.607304660783452,3.4613929870961737,1.711239061784934,2.737065649734131,3.1675495294625633,1.6645729546651025,2.583967973414019,3.3028352174791356,1.9147215670891125,2.7135456242903664,3.5812373315848514,1.969134766899288,2.280198849670174,3.497836641290409,1.754950545340109,2.385380091577094,3.584200071708964,1.5340126259318183,2.6743003172893656,3.796193735076094,1.7408500101692492,2.2164963932883097,3.2292978140735102,1.784706500481974,2.553815755832226,2.7456792670461034,1.886424557580236,2.5745981711256896,3.2706590940799876,1.8492433396349996,2.428042797676758,3.30723340707082,1.7537528976521053,2.870586922663613,3.9546044098324082,1.753956724835616,2.633229418593057,3.721619700983751,1.5114524486945977,2.6659467006873565,3.294459428919812,1.747771710019487,2.509055827030679,3.64033833159198,1.717715519750969,1.996854551252166,3.5500896792774506,1.7963229428448892,2.6302671027009215,3.471275935061598,1.9463242537895609,2.606047163241899,3.6225485240540696,1.8566737841075853,2.6152667399453877,3.248555029044023,1.3342493879330566,2.464118237636745,3.7130647472467126,1.647035550287329,2.6942121070107112,3.5416438892576765,1.8932099105393276,2.4968609927182808,3.6309321514389525,1.7758827596803037,2.8202883370736145,3.022141554226402,1.6312387588170263,2.7027328989699306,3.9328510143380213,1.736010726896312,2.497313250404132,3.7119931432288444,1.8303054012847524,2.4852608978398845,3.592486047409713,1.8770790893617955,2.890282618789401,3.7079293885858817,1.706620834499839,2.540266468313176,3.6560710360142146,1.6826490736280824,2.5841352898240295,3.203794645931355,1.894558579473674,2.3447667491132376,3.3790087070731563,1.714638989127772,2.908377638379955,3.381648764241348,1.6000976279059405,2.4508529548799167,3.9644912069311675,1.2781479509740967,2.369507157813254,4.2647608385646745,1.7886323110237454,2.35092270911894,3.488262964991064,1.7101181849101792,2.702302544263009,4.015060560790317,1.7582827521918822,2.452838105457667,3.720383643787497,1.5952620954705707,2.3639992507219745,3.007225515852195,1.4652307408249399,2.388639871897631,3.170218865043756,1.7469854791062076,2.3341076713516733,2.6197734354330717,1.54341323381158,2.4650652634101444,3.3304741433958496,1.9279287018963776,2.439562339327953,3.7466585696957755,1.6971526100478707,2.5423851493789322,3.2660935191225495,1.6911826022628849,2.4122826971584646,3.5476068079912797,1.6645625551064467,2.3799669720255117,3.777730415116167,1.7640260720032137,2.469348707854395,3.540738053169887,1.6874266217747054,2.3938336312926105,3.5197389441259257,1.6068482367788939,2.379911909588382,3.045625147525373,1.6462088969692052,2.65205471872507,3.305495381053919,2.0781063038236955,2.709423417657492,3.865212437144934,1.8192864518110636,2.883515695488943,3.279639444627688,1.3158893921512067,2.469697390496481,3.6563012011533105,1.7227275457621967,2.599585069974201,3.8698548007475644,1.7573086361693748,2.693804326966384,3.2369224322812276,1.5356909466175945,2.8405405061444076,3.528252429841179,1.6065156224830797,2.4381489911615186,3.318245525941288,1.5936561468431236,2.319033395531341,3.0798822873782576,1.670749343351837,2.443273343342328,3.8100045999241225,1.7439614979900375
sub-0-023,0,2.597757182414037,3.2919262858847538,1.6818457376330036,2.614980198653659,3.700534807119549,1.6859162260222451,2.7442422802783573,3.502237006494224,1.818927067777652,2.461826602453953,2.9924752573607805,1.7402538482027783,2.6805583313663925,3.6610972529061194,1.763327999215616,2.4872543461281023,3.274111049595234,1.782759240356567,2.6267605349156895,3.3429482545637286,1.8664136283788084,2.391084207381432,3.336613453938509,1.9454637818512497,2.706344748792104,3.3997573943505137,1.7431071064465324,2.5778626040142907,2.7312281178063342,1.5640289075789928,2.540847608920329,3.400148786563394,1.737065384724563,2.7533068163306256,3.4099699802969003,1.5413517805815702,2.608473298531988,3.408545466601015,1.6765904748767146,2.4974807305524456,4.127714584003076,1.3638943608503082,2.4800998974361237,3.4989670728184503,1.5828286261575832,2.7119686497830906,3.727712150041499,1.6928368072267188,2.501278724038135,3.4686520864151387,1.6842820019528284,2.5358928549373627,3.4473602515752964,1.737867397188859,2.6855781716690155,3.1555271586723985,1.5424004151150277,2.2352667546929657,3.7425912721001278,1.7375484939785695,2.6409481528678986,3.0997404932582286,1.9677422184320208,2.4404068365338354,3.5470976259911517,1.8281576991017556,2.372343643956707,3.3470291796164533,1.726875766190131,3.064345153583647,3.584314927998567,1.9409541725946076,2.7670211661345516,3.603042810218465,1.5516206342553982,2.7407556499472823,3.080529104338547,1.9401312685515637,2.5860009554792858,2.757937406756511,1.648924085745224,2.667710607766129,3.433633315548865,1.8072508716490359,2.3969956498117866,3.13432493561947,1.689283189542859,2.5556818201121847,3.40245238170255,1.8840936719963288,2.3969626724749693,3.5876863700530577,1.7101954956745438,2.2697911286155046,3.1306715485728165,1.7017866524372947,2.906615999763653,3.662195547331667,1.441154776228305,1.9901121482785191,3.7052550060412264,1.6855679775607701,2.7554278745118665,3.2533989822007965,1.7525318746787788,2.7023112233450153,3.374710181302185,1.63608716446534,2.55454730959771,3.651949377036892,1.6978498993232134,2.7253193407967076,3.3706581470052317,1.5007407191805335,2.9058555662603722,3.330702553768115,1.614733687442338,2.5381554022070065,3.518810710703115,1.6419974536267574,2.546861898549178,3.4888665752001113,1.726222899053121,2.125652257382283,4.026645365962198,1.6779067529698164,2.654512071500457,3.114131624370473,1.6293499608126125,2.4289831440623253,3.911522654062393,1.6121279589746176,2.686454397649216,3.3178822732515054,1.6321071590519083,2.505800970263876,3.859476635512204,1.4165221011454823,2.313180560050602,2.9547545536068514,1.5368746820357824,2.4039119907854207,3.047945248854691,1.5898778380077996,2.1873513934319853,3.214963157345049,1.88006305998653,2.6226458526505985,3.5524909482083076,1.5495832165581327,2.2735047073719494,3.1810362988504015,1.6935185259655976,2.7062718203508003,3.75266287679789,1.7945918543725,2.41723976446777,3.5068739530731166,1.651798620494413,2.513785842570945,4.070395811148748,1.4356999644494581,2.507758173133993,3.8392896940149237,1.4801162757449693,2.434125463452075,3.3518692206810607,1.6665065416919023,2.262727711270881,3.666680096894651,1.7999430923769715,2.6415075585032306,3.256295371198497,1.7129766186180941,2.3881007568775643,3.4068729349839764,2.0230201890756314,2.567225167967326,3.1674925587235916,1.727050301099587,2.306676733308604,3.164277090095797,1.5438315296076812,2.470024298604777,3.7623513187649764,1.7867597297025257,2.644139159084519,3.192301121634648,1.6188028466846527,2.5989601992389737,3.3240704040912443,1.6582450339548351,2.629444564655391,3.4023436492636354,1.7339089383653037,2.836691122083522,3.4518795362836405,1.8769006714578809,2.650686612115324,3.0891722418237055,1.5346794456104713,2.3999527410474184,3.2606462232588207,1.6864565380839778
sub-0-024,0,2.660635928654728,3.851444356677322,1.7462262633087624,2.469777679910422,2.9169724517836353,1.7105884363126007,2.5546386348650985,3.551220050990908,2.0159360446554997,2.773307378314753,3.719817057109996,1.55568843048926,2.457660945144586,3.4734435100600196,1.583688931398447,2.640083614497321,3.599934477780397,1.536753831041796,2.765427007637302,3.528646893466481,1.4406393279886622,2.540758285497905,3.5787378076584133,1.845918854215361,2.489254247437209,3.731822714885218,1.7280712980155324,2.3132901703732354,3.103753303424896,1.8683839805224023,2.7652771521087183,3.5904145845133226,1.9243560081770041,2.740189772827489,3.691416044254322,1.563303276689949,2.8616571751858215,3.6501644010183165,1.6421241838082568,2.429711399045046,3.57189945882388,1.4493411372742317,2.675941189563515,3.2330001718856725,1.755591216323643,2.456108339275531,3.425962760437083,1.5864635190852403,2.5209787023874557,4.02902627288486,1.907758944057296,2.613806211899182,3.4929176056418134,1.8266301786039327,2.75339467093936,3.267650852981892,1.6883841698551696,2.2220475186777455,3.8144685908730507,2.0097536386551282,2.564414872432155,2.9049971650271553,1.7913335774865546,2.3872639500931654,3.3142621563339514,1.7939864584686505,2.5958197425922904,3.3633295429051917,1.6025591551097502,2.5726504899397495,3.3853496452965373,1.5336144299595489,2.490138627333895,3.5950859345114514,1.673284479977055,2.2955684523153264,3.776938093985151,1.2891782844585,2.4696542720948815,3.3263444327249037,1.7222268316807121,2.651099125404492,3.81549414631309,1.593139268997176,2.6555848207200263,3.5548291486068093,1.4432690937225165,2.8920972459781398,3.097142964372744,1.7629245908464573,2.6201927899555946,3.5771782990521417,1.6258134676757587,2.6989054772052903,3.063097107295933,1.6901256816989114,2.4485025582205573,3.3103565762212313,1.7643121681180318,2.7439461376895427,3.4038883866856775,1.8171021634888667,2.5589533197800276,3.2500349814133576,1.6613071860138404,2.4960925396575093,3.304935224498475,1.764272439298375,2.5922363137868567,3.054618084484563,1.4522711007140963,2.6264432015770356,3.2717197999375305,1.7453061732650486,2.6905676840596535,3.1441332055264435,1.4882694118135722,2.851397702831153,3.5984398192294886,1.6371139014990093,2.3818907185236724,3.3570765623059615,1.5214141495830034,2.709014191336306,3.28250967699023,1.86403018823244,2.477886794441398,3.207861948587152,1.6360547617979297,2.077649980049745,3.466184798531278,1.6744821213304761,2.698453694378634,2.9718346201646537,1.874279954129532,2.697707873099578,3.8505721978356258,1.6920917935993793,2.732501430138496,3.0880516702260667,1.8069571347806799,2.41119070282201,3.0376074869215777,1.5313789222753458,2.5509956049532687,3.269196221699071,1.75641102975437,2.2245172400992765,2.9044126877875587,1.9058581151215364,2.712684023292258,3.206196885944134,1.699550053479419,2.733511270836238,3.6173761703213696,1.7222334644275217,2.7471277346362672,3.2954005069436585,1.7046767672996943,2.546787245107369,3.423626626652108,1.641529173286887,2.563116282809128,3.5096340988759476,1.542735853619821,2.6943232637820804,3.2266121418254476,1.6672649833179238,2.4968495149103904,3.6002690115445803,1.3821344089674001,2.710363766687302,3.310442702668594,1.8829944942165582,2.4639303135870922,3.486323795994477,1.9870679060102634,2.5000791224171395,3.8468779677085685,1.705856762834684,2.624775389452828,3.5195884050351847,1.8271777439450185,2.4266043096864505,3.224466413554628,1.6042135714434467,2.567947867738336,3.4381707400459076,1.8065412314706764,2.7848517059678732,3.2267652655741976,1.58990768125791,2.291476904703686,4.06850443741255,1.745700424868274,2.636364417609284,3.1247416521913065,1.6998245016489688,2.641664637194355,3.429227846650361,1.8613558437239592,2.966129602615709,3.2348224084136934,1.5466869131034955
sub-0-025,0,2.392003908204856,3.9497357648046174,1.8563532975544526,2.525604992797143,3.5102367060322446,1.5775184560704918,2.710204888393773,3.393627489249605,1.6609885190817502,2.659582158875266,3.447361417336698,1.664755100975323,2.5519035369952334,3.7226995158620615,1.946973961322575,2.6553875218042946,3.724927982614795,1.6700218906848312,2.422596384629631,3.6831161450258323,1.7256861236900856,2.293926843225045,3.4081405054408327,1.687565446477767,2.4581175839348735,3.914885966471796,1.7719758555353324,2.7971714852199563,3.573759073262605,1.7122081754637617,2.381412392830155,3.503340269295039,1.701958088851316,2.303919500873838,3.3489323084642892,1.6515076102225457,2.6244263179300296,3.629178031355998,1.6128022277052192,2.6343965284575392,3.4490178997824152,1.2695569962717566,2.462753634248722,3.802116819239866,1.447729136505848,2.570284416074797,3.9438731399718803,1.5859080570484279,2.550386834476983,3.134875447976182,1.9440846712495357,2.5350001271406093,3.513055515982325,1.9031450698258432,2.6690661110361864,3.254823954900913,1.6029083113869025,2.6390876348141936,3.325246104582377,1.382413503181921,2.540416656244966,3.085540454885053,1.9424422630345588,2.5818217747973673,3.2465509841117988,1.595205137800632,2.2099084341826942,3.1921506717014587,1.8524484803811048,2.95172150618863,3.7033910236957084,1.6861936192068456,2.472247312382295,3.2321811721986187,2.008964884900961,2.516025233664412,4.092376352417501,1.909027926441509,2.2366566423576706,3.3135333291873983,1.5996432313739266,2.5356276544609666,3.483112009128149,2.1494358643097216,2.3560989825945433,3.564111581986029,1.7924761613701705,2.5497170391955444,3.5308505617787804,1.5432786658540119,2.5691675150284827,3.6431917189288243,1.7491400876406693,2.652636162704176,3.895530212178145,1.8405449812871513,2.5628330304295384,3.171907661472682,1.6099992087933321,2.510466392654865,3.5706568327756054,1.6282500857750908,2.3815680241468167,3.1673043670463055,1.4523233361416703,2.5077088733205772,3.0884936762203146,1.5499211473763912,2.4790976628880252,3.1259431533703985,1.7569628282748044,2.6832401514490236,3.3461604344628886,1.6344459038584997,2.6467373586250336,3.3000813727742897,1.5825899132604058,2.765369726073532,3.7475725668395805,1.790232500351588,2.7166160318509367,2.9463619568971384,1.903075332018966,2.6205711809850736,3.783018787521606,1.7580742668674543,2.558806468442428,3.4229134205386247,1.7550716565329307,2.4938853763971807,3.7430053080182315,1.4620315033171698,2.4525163448770297,4.072550509573461,1.6060879304641411,2.507036929848574,3.2528773386619787,1.7503768509328737,2.417472319774405,3.448028938254026,1.8273299804052605,2.424222584613333,3.720811113394262,1.8233343973340534,2.7398920970494727,3.5393514785770512,2.1861888615465177,2.7398160653775747,3.5909657348339112,1.5686113378877398,2.5325293573426544,3.8993715535320095,1.9564301923439402,2.816099238079241,3.7198538458842934,1.511650969055664,2.6376891272086205,3.1524073341451606,1.476879320992886,2.5930485632239026,3.6464958452355303,1.8355065647721207,2.6394845232694966,3.6488440760079697,1.5523021122511436,2.53110419675676,3.0780073000223434,1.3994946305899707,2.683315687771753,3.2891251697385315,1.830874775321458,2.7495025640184068,3.3265911491055045,1.7885466641832948,2.4309917888495445,2.9831539151044892,1.7184964106663687,2.465242701651163,3.376775077035603,1.9963014676768287,2.2753457431081188,3.607203917904012,1.5507789144282873,2.713487053668118,3.5835607461290184,1.756901652377092,2.379919868831593,3.2856353842792694,1.8390875761018828,2.8687435899109612,3.6344861888227724,1.565386891884285,2.611008934043172,4.179692172414531,1.7153634216078366,2.8131313546908476,3.2927077775651608,1.693687092254542,2.6615217371025977,3.611251926313602,1.5850416979833257,2.404286857716492,3.7767196328687445,1.8787326218975218
sub-0-026,0,2.8221858404619455,4.005100535310803,1.7201929154483895,2.493984136038313,3.8782774628579713,1.806960392277738,2.3731580534398335,3.210582013654705,1.7737895302034463,2.51809056093288,3.492599612672605,1.8608800047065293,2.686626686097306,3.872364509557161,1.410269584043995,2.595611625099816,3.694512786271218,1.4710121214968475,2.4321187845642047,3.2646641545479027,1.7032547256589874,2.843013714364931,4.066325033306172,1.5778568670390076,2.644780305088843,3.6564633985998483,1.7581438657272122,2.621816334253062,3.585047900686372,1.9531355181209629,2.74844397258625,3.203156908672485,1.8193581621320822,2.7106272074120614,3.588190840402501,1.8697136555754095,2.5838533261738266,3.55613096190135,1.7181860817015564,2.1867160645560593,3.4774884497063554,1.5997624138318143,2.3364393639253396,3.9015251197270664,1.7756311277801686,2.5446304054299813,3.3418550616913207,1.744425437694311,2.728458496797152,3.2684495638068567,1.6992757441585085,2.706251969793211,2.9579196838564434,1.6913645356391893,2.472727553301443,3.4625276398285907,1.6247557165442146,2.574772428937313,4.038615621718361,1.6514116289107172,2.602507981636939,4.058528997154552,1.6174976632441167,2.8766415628072144,3.50149044185559,1.9672844338797388,2.685036202490337,3.585990341523078,1.690155397717012,2.437672540821742,3.521221633990019,1.8346042188530036,2.547639942420599,3.4113456145826797,1.662382619873334,2.7286457904449493,3.8430452074279597,1.5999274229347444,2.4296541856594516,3.6062204975067913,1.9291298097135883,2.7562782554962606,3.149481380589625,1.6603886045012206,2.3824913601558877,3.4250964938637276,1.940661499405303,2.2939318832190567,3.0467177178815468,1.5757168769849597,2.6017159084636785,3.673811349779412,1.76561726522923,2.7616233725815826,3.0063360336144997,1.8782504807538405,2.4938228423916673,3.704818406745363,1.5014861859855193,2.5508922054616323,3.566155815764924,1.8733626556247627,2.264654167930602,3.508610713589773,1.5372147063286785,2.640989287957489,3.7176206302077155,1.893075536376213,2.4536946982244925,3.7596234159928614,1.904135238121558,2.2542155454260158,3.6714565776275663,1.843776688067016,2.503429250450261,3.1609833982929696,1.8414433634164493,2.3340884110396036,3.4500615983369474,1.6939813913295005,2.67879684930672,3.324543163336491,1.5973124466758217,2.56780478617736,3.78178933373353,2.043117500097972,2.2786533840398207,3.588295764980242,1.5370197460648563,2.7333860237772134,3.237207526753415,1.5988027672726515,2.4439312453684803,3.478664297158455,1.748479639528806,2.637066250849532,3.498385087068821,1.5005163466339129,2.681001507055834,3.4851715741743523,1.8742602185022048,2.4226070196936114,3.0513630763417217,1.6948960995975386,2.7832714838911676,3.545063798252494,1.6700495301240714,2.393337536821662,3.9921746106706304,1.545559610767283,2.4194290336269164,3.6596095749035262,1.4215968965169816,2.779426319768641,3.6747740719808597,1.8348846607716665,2.6504610621509377,3.4548854151122166,1.5405276934766865,2.524786420579507,3.2269338327092623,1.7729232965114574,2.6952203694986583,3.913506416735498,1.7557651460829293,2.7164235641871333,3.4167994735755602,1.6282584292987707,2.635260940347024,3.3917875956392654,1.7403778683241486,2.3589854059196242,3.2531442489066356,1.7953113951527435,2.709604213573097,3.2240162726893296,1.8005921465759631,2.4541075788536504,3.5046214493360868,1.912541662368597,2.6953477021241303,3.722844156646214,1.986318553768545,2.4233017186110364,3.223955007002087,1.5916816594657113,2.504189810386809,2.84072582799827,1.6688857644954784,2.451977268258916,3.7194527348713837,1.752862906851506,2.441874607001519,3.665189036701613,1.8084894589735654,2.411661757837546,3.3619532084929227,1.3661955219353026,2.3536812046135287,3.292108523081398,1.7111249264909032,2.379831117715233,3.3562334436262495,1.5162003977626102
sub-0-027,0,2.5808005017356286,3.619200086483774,1.7603548022629734,2.5522250037429464,3.0684995609796095,1.6070069504160722,2.4766847989826726,3.387077312382225,1.7112471826984754,2.806597447026783,3.727386939551688,1.5518723330226958,2.6721125175533937,3.679284662946406,1.5790898790572652,2.702795866074379,3.4550945419353263,1.4885069764978331,2.6319364904346854,3.5607493106120667,1.6658483556221257,2.5432584447030058,3.2986560659112305,1.7915195755695663,2.542178885788393,3.5466056763055036,1.7535712886643309,2.3421745894032613,3.2496007538730254,1.3685083310575685,2.651653606528273,3.1605811933509056,1.7198854564843478,2.6167778804891193,3.6686587948899056,1.519397462924591,2.5382709087346753,3.96767851782057,1.9571472019976475,2.727718156924851,3.5944980788692753,1.5492340416731933,2.679351892570389,3.4557540559508846,1.7840792412909265,2.436088178126619,3.45157872840482,1.7246221040114638,2.5943300564688943,3.6382423600488694,1.613120752321265,2.3082087986201634,3.9549398111719425,2.0733881253535036,2.630535728016428,3.129282213475569,1.5840207324735684,2.6416411624291745,3.87551237127076,1.5180664048187216,2.5276200922471976,3.5548609780443114,1.8296867676928812,2.4881518030079315,3.062131886429861,1.7931796339179353,2.7524632737308226,3.476874390711355,1.7607860136959645,2.464591578703127,3.2631836174767495,1.8539638520820827,2.619749252606603,3.637303207832527,1.9253172721991918,2.3601283798226564,3.3454326449153617,1.7236900023252042,2.4484236172029763,3.719278229876286,1.6718901168644023,2.3713440946505058,3.5184160690525452,1.7255508156210182,2.7182427713213393,3.610079452881279,1.7691719587039754,2.6076525031213005,3.4472976940382596,1.5925671327333102,2.6019909032986877,3.4067250655525805,1.9534733930661523,2.791592813059179,3.6771949570584503,1.7567700408939477,2.534167370823388,3.146885355222802,1.6675741665017052,2.568252006012946,3.5642478128445054,1.770430455052374,2.7158394356179834,3.306196859925997,1.5975386589186482,2.8111542023537686,3.7158748449740817,1.6413843586800019,2.5307019895885974,3.4712400949310283,1.7047361183422074,2.6350829566029503,4.209797968907953,1.7284634841743978,2.6692676670765447,3.02778652226676,1.6272650010831746,2.7711867004889887,3.6126483095798525,1.0416328122702745,2.671324176416915,4.037086030496056,1.400613862082031,2.823489781616192,2.72385242342474,1.840699841758012,2.5484432473177967,2.8420080597315076,1.766920674085968,2.7571511548473704,3.6018883610700403,1.7877241455589419,2.4758982997789687,2.9788108685381136,1.8037796033505595,2.864955705500333,3.8162826391836884,1.401818625559798,2.2773190067020317,3.2631290322967446,1.4610536823079785,2.557954185520087,3.6101564254505463,1.4854620075136449,2.689883122669595,3.668309104325604,1.6177761312734444,2.5189460425228827,2.954055670817151,1.6501606765569388,2.5513292953434585,3.547249326663893,1.756831536803026,2.5939635137815027,3.425983764765612,1.7429292413831474,2.7303657587958443,3.4732605394732996,1.7476392336247515,2.5164892087204587,3.31890750338572,1.7784319500376407,2.450059330049363,3.6081211322778133,1.7042383057265067,2.495291758226374,3.408120006998935,1.623781851137647,2.253755789023977,3.6072106266452737,1.734732023791748,2.7029406454407288,3.3511920673540976,1.9843075438215,2.481647529387066,3.2549693001854854,1.5509472620236002,2.2378939674186604,3.929135809870076,1.9056601086152993,2.658134129319256,3.249095133822782,1.971690152233868,2.486690550926102,3.424672767256537,1.9155888620654113,2.668603905206557,4.116308878851286,1.737308339047853,2.4785344560758293,3.328694632631257,1.4229505734214059,2.499852760894883,3.8204861348716666,1.7898251258984104,2.5536554411808727,3.2214183557314278,1.7340309527019104,2.732306466935167,3.620601391811596,1.7250102754450038,2.406547622409383,3.7428109079513634,1.2302142771883728
sub-0-028,0,2.6189122275957257,4.219690154664487,1.4737439919002229,2.506553498153754,3.4977849227650766,1.6306125778915135,2.736547363660616,3.6322862840194845,1.7228450558820978,2.69350906101047,3.504690198540088,2.176979673323527,2.5772424480582132,3.5546789875771174,1.4434297925640087,2.4521789410853834,3.8212657509039465,1.499681472446019,2.161639708625648,3.509048331932521,1.9056116761212467,2.5576286211653025,3.405885111264624,1.421226809338853,2.6314057420863946,3.6851570304872525,1.4327401251348348,2.7542158407654993,3.7143947472497905,1.8698473913821019,2.6550345165300016,3.6830311584671693,1.7781081348052608,2.706325017870215,2.990747824645303,1.4748410849567728,2.417518577965841,3.463650351931685,1.7582205384962268,2.608442697581193,3.812789627207689,1.8722742947870525,2.392970680507117,3.566801310814132,1.5728252678417243,2.516115533096358,3.5901015833335785,1.1886931885292462,2.984023927135143,3.658594429671293,1.610644508687989,2.896926555941441,3.4027192722638655,1.7198779078742086,2.462319154128427,3.9625577144841353,1.6842522940541178,2.5769071381331115,3.837059002847125,1.7877709186191615,2.540217348275867,3.81090947226009,2.080772484414193,2.6071338807838957,3.5326928246043185,1.7255940625428623,2.785877310149673,3.3322246341907817,1.6582523660432509,2.2732602691572046,3.1685169984608073,1.6223299995953044,2.5399313410691238,3.9953433312156337,1.7803989207387836,2.385825868165837,3.296165464098048,1.906212302484598,2.7527898627532545,3.507881974862777,1.6336210301691751,2.7524879104268356,3.221868404517088,1.7588045597086284,2.9590786183607993,3.557499591030408,1.5836585781107593,2.623866366480877,3.368397558675703,1.4908826234369879,2.676186484836979,3.812993632153922,1.653363999189114,2.4820975786626707,3.230761690485888,1.677509659929865,2.4487736910738254,3.2169108477230886,1.9838253245599409,2.633968707014911,3.6602706302482186,1.832509935339864,2.688786519016765,3.38432921321692,1.7408828934457201,2.501574512833081,3.622769814937465,1.7512536328937245,2.4811211530444437,3.127796357581896,1.7219355585448262,2.513231492194686,2.9706957706415476,1.7761492653333075,2.7237615802036994,4.207939813058506,1.6413203745019007,2.4530318586211677,3.1893621114770125,1.731296285973051,2.586417272500504,3.2728370262597104,1.673760517699424,2.1938401799599156,3.759385489393309,1.584398111049175,2.5437618567456637,3.100525842036622,1.612646960080764,2.499673592366845,3.4968385628509675,1.7719598773283767,2.8090335150275196,3.7051590639754197,1.8443246814719367,2.8102987397897645,3.6595182068263554,1.6944939206571508,2.73164014312591,3.800442600069264,1.7972848756949054,2.2881670325335013,3.2643911571334985,1.6587718843954273,2.6903317837324616,3.4940230026602435,1.8705302950175844,2.78674259317397,3.835767731229618,1.8808310846720429,2.3633410971614306,3.6351379398476173,1.6088706438566875,2.2531680603553443,3.419508083024366,1.8987105448440877,2.632933561821323,4.0649866240496495,1.7265845217902167,2.990604495646723,3.549705943144774,1.7033720444230604,2.3197097841741305,3.810957567281975,1.6246812306589282,2.433531424906429,3.8587445578535204,1.8737334003193935,2.753769246097922,3.398586482464605,1.6923536202042122,2.5392262084147466,3.7191050905882714,1.9330347002741344,2.616266379935713,4.05296950390006,1.8345791627049592,2.5077361090594046,3.732039193716113,1.955891041806316,2.90969201700144,3.8323295764877425,1.7038511680486998,2.510995214269934,3.6612994609971894,1.951096174290657,2.628078441998601,3.627268924123267,1.7077096781475638,2.4909796087263816,3.454602338139703,1.7203138977868295,2.8592579993231677,3.4328801420113755,1.707891811386707,2.3942320211268284,3.7006566986124834,1.9050018768077424,2.842409612272216,3.556942066914799,1.7861531424918853,2.522360942009393,3.6478452303144664,1.747094772874882
sub-0-029,0,2.5604875897052675,3.5385710338375964,1.7677883425090473,2.497052561727798,3.4321008982181507,1.956104302050733,3.0378984183923485,3.1627772544104675,1.5110793193435912,2.377712490994533,3.4710792437892044,1.8343670766555884,2.656425529568689,3.5481687182985313,1.7793403320436847,2.4254244918068935,3.4316456239092665,1.6969858177436303,2.2648410590030665,3.1748331426776732,1.531765090808351,2.687539480263079,3.5686993856002767,1.7916591800110915,2.218862101835556,3.084601327905551,1.7994823160384743,2.049839464500111,3.8428962201279453,1.4265024284715815,2.701802080546496,3.2511963050680506,1.8573355572757373,3.1274689645049687,2.8635102635660847,1.8043065721790972,2.2245307115531268,3.619495298220901,1.668984175467216,2.5733608180431315,3.2447278426280937,1.817081166424475,2.2892955891653313,3.847658433611647,1.6386124540084726,2.2975156780674437,3.9465823105353954,1.689898602078627,2.8933744746795647,3.841979716207736,1.5802781442820346,2.534701835831385,3.5338906231058007,1.928945479997966,2.6287531884060806,3.5493619339070084,1.6700180619352538,2.5408997335461647,3.865285783989931,1.700555802619621,2.4789004911663284,3.3419379936281675,1.6169352269245756,2.297622720712302,3.289894913668586,1.9247630413475485,2.5128121330978503,3.6972352671957074,1.3281865223148748,2.652296035613858,3.454821242776648,1.6277839965664236,2.5825727923358035,3.3611689289326323,1.3814187620167466,2.7160046294109486,3.568044917177494,1.652908631787822,2.376086633026961,3.0884398954900023,1.7335839060602085,2.8404193728405644,3.5568866134874906,1.492585759086076,2.590521010866912,3.4850639705709163,1.8296065439111344,2.6592119719341105,2.663969690449221,1.7817863306642685,2.369373706289265,3.1019159523943642,1.6717289884439654,2.623974799625402,3.040594309119689,1.8056864625586326,2.6874009925556877,3.5131533349638593,1.5698564554659427,2.3737119592459273,3.7872609968424635,1.4733165970256143,2.741604682947452,3.4537442354434775,1.6856248250535715,2.2425442130256013,3.4589193435639958,1.7920378274017064,2.309446184186643,3.639618042830517,1.7133518380518533,2.4341239895101845,3.739308464217565,1.3696614846532165,2.6124025347738673,3.9534418442605217,1.9159914708650991,2.6201652096969337,3.415529382683363,1.6046296165178553,2.495473357096984,3.6522660294170137,1.5789134291810876,2.6863362872490684,4.097284945040931,1.6907175147308906,2.308008935409005,3.1234714710314044,1.8164848327567362,2.53924568778712,3.745512650897935,1.6199548626260976,2.6995122385571695,3.4556762314340768,1.5901243917014076,2.4778202738155706,3.164824780481494,1.9984039337872417,2.532651273559472,3.680463944831015,1.61946963006938,2.3606529920436317,3.434513456942978,1.8651788800068798,2.456268277548309,3.2562510476357636,1.7233196366553716,2.639824068129194,3.9599974872788914,1.753062571755874,2.665918682135622,3.70139706633769,1.5270476927101053,2.376600227315482,3.196509038910418,1.5001781366462532,2.6931827774766726,3.5812140256658513,1.7119244094637174,2.0833110272275914,4.075533520413213,1.5658591993769666,2.9193262960690123,3.0942123854176313,1.5781398262165194,2.1534871111482663,3.6013949932639555,1.5348114768783152,2.356859972262296,3.1156960191911685,1.8166032594106793,2.678063457282158,4.00736948950206,1.5971440068390539,2.5893874867884237,3.1389861447274536,1.6497441465897023,2.4566078436093877,3.630045988098718,1.8525532709627286,2.72839200434967,3.264012563779069,1.8497701856934499,2.542064675320596,3.409112869148836,1.593723276977162,2.4492115570149204,3.9878478769349455,1.7461116149741034,2.5814301325502167,3.426570879609655,2.0668967917157044,2.784901887992356,3.298102607856338,1.6589577417943062,2.511435982193236,3.540844153919128,1.5948161011052846,2.6289869742051053,3.906584676971008,1.5029557836493754,2.3469335873234276,3.364715604516754,1.6344806659838256
sub-0-030,0,2.909723857454267,3.780478581604155,1.8416483528177396,2.502414175167588,3.419832246099692,1.4822441879351902,2.690713241048607,3.63749528934646,1.8928996047017426,2.5120506515958896,3.460301839063889,1.7255068292840954,2.710541563591277,3.088339625812706,1.8104084200607562,2.54631079880889,3.203581564972965,1.38730913710189,2.525434731861896,3.9053596353167395,1.9512027000112093,2.6139677179206173,4.049361585875829,1.6935588375564883,2.7215946392957004,3.3736553511062004,1.6228101741073777,2.4280483589614854,2.9230518948051927,1.8930638389920367,2.434506160955157,3.2755971416685448,1.5230042477580987,2.513215301423469,3.993777846956728,2.0140668276234077,2.2510439623556247,3.4007545611266408,1.544846334485945,2.7279007934180735,3.5802461932422993,1.6045146008930247,2.5630631545063833,3.3663227860058416,1.9421369141562344,2.6484527127028867,3.6875505578566026,1.2999623782950653,2.537978037810814,4.08329906853653,1.8989193605055026,2.2175238745343453,3.4122407668485937,1.5197720801121917,2.8579982808653166,3.5683979190372543,1.5848306660402847,2.556148429837342,2.7699376518608245,1.5372558044815134,2.5565598706487354,3.7367891031669305,1.4088028819103988,2.4813920446135627,3.78271200678527,1.4822820013440092,2.591252910261151,3.518472860869681,1.9571570480534903,2.508575485239905,3.4519518324549803,1.8282439629747032,2.311257239751118,3.4381527021657594,1.6316412483739233,2.524995873713082,3.7375538057095947,1.7831242227623259,2.415237184464838,3.5382757769316195,1.9235662421150785,2.400354174216485,3.5406466985111633,1.6710258984592057,2.53865909714938,3.043415865770168,1.9116144281468306,2.410616657840127,3.7873001516429894,1.6067935087928733,2.437409162658763,3.839674510130331,1.8490826905216886,2.5875598618135167,3.7131221539457697,1.6567170829615399,2.5484938270105997,3.3147451701101307,1.8356097423950388,2.4251856003898764,3.915843776582599,1.6526248747520262,2.55369154152294,3.7124438457832136,1.7035796631784372,2.496376503428644,3.491593434613628,1.8340727530336376,2.430686600015393,3.464653637963486,1.7015430091006212,2.705625335194978,3.4720432953159976,1.9712448641740583,2.5218230560112826,3.4334485812465214,1.6743451817573403,2.313004542841558,3.2097164829075684,1.620399966539136,2.7544493727930233,3.4907247033786373,1.627303371557644,2.770776254209187,3.934329597209833,1.888307369136164,2.3964438004976714,3.3613303863457764,1.9720604105472077,2.5934051445600037,3.425064421829098,1.8077521941996255,2.73131383212446,3.339994120140086,1.7329159937929897,2.71678081245907,3.175119599131241,1.7018518186139209,2.3494098624508712,3.224597460860493,1.6155349883779544,2.6358815168183045,3.4098336639813223,1.6027372812547391,2.5592798213984924,3.1788504360853995,1.7643204826750865,2.7536496171524956,3.477822868523357,1.6696026510049686,2.6172192635788023,2.9320285627271674,1.78052261848968,3.1083394446740753,3.465650658087878,1.6821312449425503,2.6838492600179427,3.960693147095429,1.8462451766651202,2.1619907618549608,3.657751674545569,2.085789521786251,2.6620393884167037,3.17671146428391,1.742274443662792,2.3194762947586076,3.8451850329952806,1.556617611795811,2.563363854244564,3.2598215994422826,1.6180327913678014,2.817507116254889,3.5289680061702353,1.616119628941142,2.34385896524039,2.9759235838081577,1.512307904971597,2.570152663459988,3.774465455242346,1.6159472761366698,2.8326978481294223,3.2990998817760966,1.664298241568018,2.3556761903392944,3.7774132856789997,2.0146265921066853,2.2328729470314843,3.4030746207822844,1.8897169770575053,2.2895498061433917,3.6586714939519043,1.8832208300311355,2.5640811865842306,3.6540736598632373,1.9641353579191412,2.900716779738206,3.4826491803503448,1.620143322605115,2.3844035800067345,3.7735499621200397,1.4942336663313547,2.5045366731615832,3.5287531358672504,1.6245496230921868
sub-0-031,0,2.6003676477034423,4.2180637291219725,1.6817602114480186,2.4716269870630696,3.784292910826919,1.7359375466218283,2.8090804388180475,3.546112533549521,1.662736518804345,2.2289295201429797,3.046474285732713,1.4246451964359346,2.618281049931163,3.1185701456371113,1.8883366048879073,2.5554443816740715,3.4316276626515325,1.5734217387193492,2.662006574688637,3.274740610528125,1.5521932993895178,2.7639029857089628,3.5992939250170064,1.6647605857627592,2.665457937252069,3.5025009244709957,1.7574519725677524,2.402967377572418,4.079711610494974,1.6130570048485662,2.8300829388509956,3.4471167221947465,1.8210645673482444,2.6821602298247043,3.8211184914420127,1.5739064439253783,2.743614372230195,4.0170031582552035,1.6611960531137213,2.5562470920855818,3.353434940105557,1.648034562172235,2.858056103807848,3.218814332683543,1.5586821767223842,2.8399621685545875,3.6748735592487414,2.0180555373563784,2.468921045191346,3.5353587184265196,1.6008984584342294,2.575794210356585,3.0032529247603947,1.8027431834982512,2.608225335028621,3.4838846945095425,1.6414453513100502,2.388944282273742,3.703759615369173,1.524336502144489,2.6421412641688637,4.0808463905466485,1.9228282232966447,2.279076970319282,3.349713343103875,1.7632176110833007,2.5373492540374167,3.108166398880922,1.7577973927210235,2.548196958879066,4.0360111144090585,1.662015694607383,2.760240609358786,3.145215247123607,1.5457986053155237,2.679899152765708,3.8034446185700648,1.556391091088841,2.5543339331671038,3.113157831411858,1.6728170260541781,2.7006461014123424,3.3782116202418795,1.6626447941084295,2.3466368283067105,3.3184596441850207,1.9637166374321506,2.5631264805090836,3.2193538253378327,1.6527842075123012,2.2624630281900187,3.2160352862007406,1.904050960856968,2.524353163610411,4.029404449308338,1.6856978242255916,2.5435238346855304,3.6794503643917946,1.2991118626670897,2.5868890782576432,3.4862837833429334,1.922905834027272,2.723642290949451,3.182566328046896,1.886320792794137,2.502783385395421,3.246753096637107,1.7295654876306803,2.5135015159805127,3.9307702879279867,1.7510933042736814,2.587018605759481,3.7521811831995233,1.8639307427139067,2.6910489169735134,3.897449772388187,1.7913023619370683,2.580177263650806,3.8469681773846482,1.6863655789876792,2.555984372942039,3.9820415368431363,1.9432886191932845,2.5485283547538016,3.373005558354427,1.9194760250312748,2.6940753044247385,3.5883627511752616,1.6517190934715082,2.6097053841686266,3.4939216312314434,1.6003492730640505,2.573227619145702,3.57431873277909,1.6436907399619654,2.712688623949713,3.860873069847077,1.8454846540483119,2.500275290661481,3.711630021172744,1.711694209619006,2.3275657238581284,3.688364225979369,1.7219197461435423,3.016838640372475,3.908035841717997,1.8066725235401786,2.594850690231872,3.545842231416245,1.5494465894550338,2.236982299104016,3.2556834494571616,1.6928424472744354,2.1710029299223828,3.3475898981636303,1.6628580450313362,2.5112232203726172,3.3147173925073194,1.6487729278427898,2.860300889062295,3.685400678817369,1.6159548834652775,2.5376973980948465,3.4920722660173653,1.5848066849389773,2.411556560806106,3.7829467256914797,1.6370323433724776,2.3529546503344427,3.487920703660556,1.7177014629693685,2.1949132396451096,3.488591019811186,1.830196990152239,2.6312212893939297,4.124342632254592,1.887666422346827,2.8108081244551535,4.2840240620560115,1.8137234392661896,2.579352637427886,3.772647282160773,1.6161145349907509,2.5693835375090943,3.318636259938072,1.7596976836344322,2.4326563641564323,3.307660020038719,1.7620209939658256,2.525211940659498,2.9602940819993107,1.4816664618031865,2.3434920315369365,3.252767866288087,1.7621634994217956,2.5894089924728942,3.7982782240757755,1.8129202734412657,2.7429425321128784,3.6703509336085545,1.7314518963637233,2.7478833136117777,3.757435581687228,1.7564143051330987
sub-0-032,0,2.7787929367548254,2.843179292099049,1.6564305238789325,2.494957716182688,3.8227512056948396,1.9357092495426154,2.2889677133621524,3.8951268087617974,1.5242832220960596,2.344581255799052,3.4344000033483377,1.6522690291801123,2.269484889650962,3.6819658325779185,1.8019103637089902,2.7397274873094606,3.3786325076621977,1.6940625927541326,2.5445231103175243,3.97263872361117,1.2748632826050172,2.3777500171819614,3.5015514359817033,1.5371644647626745,2.5035023356911985,3.4646988498164255,1.6013470836811297,2.5616044066984807,3.675881797772188,1.6645600332453496,2.4684249478856275,3.453585823336916,1.6988845480031616,2.2367424782398038,3.629235097029158,1.6323498155829808,2.7770763134659893,3.665494973179893,1.8755099606329482,2.368019317131316,3.3960117404675207,1.5136312268813885,2.423065582392721,3.8505895188624057,1.9231235866883742,2.343336006935197,3.3716822528711607,1.6885706491964076,2.6554090155257604,3.007253126209782,1.459549987770734,2.638132705897032,2.9542692007029814,1.6329803890791694,2.579176525540591,3.616386471581273,1.678742285668425,2.4841637905714444,3.736479840720614,1.7427808889548635,2.433537008048737,3.5105624110710267,1.7574753533984289,2.8592827034612487,3.720170627121642,1.8821835283930914,2.4400906686660666,3.353228786248599,1.6646930010780514,2.52415692360513,3.2177530118151907,1.8898900439835227,2.7090032947965823,3.414410198835578,1.796256597352078,2.5901218493406906,3.7015518346607847,1.4983539314711554,2.5237810068244615,3.4837492121863773,1.7935463149417477,2.4368812317872157,2.800019397256929,1.5377450423475618,2.5390113625720363,3.517887583140933,1.9525622183937477,2.6548943593184577,3.522828478184817,1.6951413084827842,2.7487530087905445,3.3347690733959174,1.6789574318389102,2.3539335383751054,3.897293693634685,1.758874840550242,2.4226458067192898,3.4679525971108736,1.776447614480942,2.50487059570999,3.3503482259204715,1.6018589471023503,2.6110131418634004,3.3997448018210084,1.631936339785588,2.3095088840900266,3.5217393614276076,1.6728164841812136,2.492103297244446,3.555655789696841,1.8122003394103847,2.676281784949284,3.6547639802519334,1.6638994582046418,2.4479402995305763,3.2077036204297174,1.6110265238992876,2.553537017124582,3.279839885937305,1.7144085708676164,2.376217797975864,3.0349222710780337,1.8229109181297192,2.4646053728341477,3.2656305770973106,1.5359229288053842,2.626146475451472,3.8849741592110307,1.6395389208490783,2.511198592560735,3.8000569151689403,1.4284331443462532,2.90403635572428,4.184348084651384,1.2940493705869875,2.5324494187949838,3.298694831076522,1.6602842343642898,2.4746906874691335,3.7272925475742205,1.6831145139548014,2.3860367014440076,3.4517881548373652,1.7772176355443614,2.336930161002249,3.0390545670884053,1.998911420125298,2.4343631976524813,3.4615411636625337,1.640330689126164,2.6486557867347855,3.996381178465492,1.7869900762593927,2.2766942734428013,3.112445440437612,1.6401552837009625,2.501718024084012,3.017853644526952,1.822901138026166,2.354462299581334,3.9181244373952118,1.973094889580858,2.505314364126208,3.6229123393170917,1.5152079166873698,2.6622617387662406,3.3605061214383762,1.5369147017617468,2.4979197021144626,3.3695905576464984,1.6512260895494368,2.7209423825069443,3.280113874061995,1.9602534499660813,2.3114892660914363,3.952320476490007,1.5475234067139958,2.549817618143409,3.3627450882261543,1.6484406992693217,2.6942443025439986,3.919951503224067,1.8785787057433463,2.477125860178467,3.551591462273275,1.5826883189497456,2.371520943736555,3.179035746395973,1.6343640039523806,2.5949290135826892,2.9646917552695786,1.693046944612885,2.822884522418914,3.814135099340755,1.612222388521,2.298562876329098,3.6287524858101516,1.3523857624688749,2.7498277408588816,3.440195511792693,1.9746950480866101,2.239146212596236,3.7570809430581935,1.6849236744778702
sub-0-033,0,2.4904109043350253,3.1164438297405996,1.7893621860067574,2.6717047292598344,3.999835784550449,1.8512075394290888,2.4430988407879677,3.218918476587096,1.494726284971642,2.8151803822151047,3.2821112004021975,1.9220344803456961,2.6445129673551717,3.592372806846309,1.6539697531159552,2.668921124340405,3.4956681864056955,1.6446180062796785,2.6752808615966757,3.4596878094180834,1.580249783189176,2.657968819582917,3.4820840164240017,1.7733365017636706,2.468305225496246,3.1614460346893325,1.9602610943771412,2.828390053937443,3.747459789153349,1.641828397193859,2.495942764831007,3.88705168485101,1.6469254943648879,2.4361399134574864,4.024225709178207,1.692848347757919,2.868316559132492,3.1084502650067996,1.7777277324176752,2.9227948678589906,3.508330208504481,1.6603993261598304,2.3398046548322844,3.803056055241869,1.5844807876038969,2.5329344593098018,3.1543393616580686,1.9335341900146148,2.7578793559306227,3.491156270220323,1.5268776596619607,2.8264632688636735,3.397539116426799,1.5342192738773721,2.232818757754942,3.319129763069743,1.481804281620509,2.4378922494258912,3.70843444543536,1.6436899754037149,2.6140248087804676,3.2974662953309752,1.7097753599546346,2.895762147975484,3.402423898152469,1.7576644156429488,2.268205099055681,3.925629714276724,1.6284190056582701,2.73909605698317,3.4655095171875065,1.7917369047531209,2.67078223689798,3.3733167049364394,1.8637859653642777,2.413382724481242,3.717821581607712,1.6414692058750202,2.612920430753771,3.370641959340807,1.7074963962059893,2.3565551336954815,3.569315955712862,1.7066281752439378,2.452772360266955,3.484592169410717,1.7201006714251865,2.4390557304122797,3.4639475987956927,1.5491672088657618,2.972231947012981,3.796553224858292,1.7409641158447327,2.760980326945805,2.9458093065285422,1.316348039324899,2.478127608885017,3.1140020397914094,1.6645091713327507,2.5870181953070817,3.757716059535371,1.529260402358718,2.6219335235088126,3.504029114082625,1.7521263964899627,2.456441048864352,3.887277839161394,1.684473702735541,2.8693528002306783,3.2786911769689775,1.811424100993333,2.539259673499105,3.408232123333306,1.794847301070132,2.496148773745874,2.754649705595948,1.2405697815238539,2.7790359888511285,3.844472368206315,1.983101141938392,2.546844915309208,3.1380622554405906,1.6370624236023497,2.5520564127650363,3.2180292972001694,1.94728620844608,2.9531105183358726,3.63391859620445,1.6983704379952707,2.316905943874602,3.9330014909236946,1.7114460216273568,2.4979504082860897,3.6347287448288705,1.612143270651622,2.576437531161927,3.096109281763215,1.863063078387865,2.531206012595579,3.824464240977523,1.6698295733237571,2.5254840524188835,3.1605511200782517,1.8139635459527215,2.3923488082758433,3.363801735504216,1.7001570779123805,2.571820353064084,3.0222928567390275,1.6653791201767976,2.6931414393558684,3.394065350333307,1.6662902368680017,2.579233089151691,3.46473107888684,1.5454226746418593,2.543457697739957,3.778340487601651,1.5423236079099363,2.4825932598925524,3.113143229298178,1.8412072925735516,2.5333755227691817,3.261944102590358,1.7138398400214765,2.3333519613188183,3.2106212511910863,1.4809799705222328,2.357979737239668,3.880054523519946,1.5900322503076105,2.633920522077266,3.265835602412342,1.813930061864483,2.365305239832363,3.510983819773292,1.7079276964803423,2.969004960556786,3.676519080634446,1.611064397850609,2.6733088134570924,4.098688851735858,1.4555545864273558,2.398353232337629,3.433668683448278,1.6374367659287072,2.4901037943006226,3.134814965633892,1.9105934080325018,2.2939304522742083,3.4439404133057003,1.8568745887641047,2.5445667257137465,3.2257696332672245,1.4976986515439064,2.508600144714999,3.2880317215618695,1.7307846637554467,2.2977387934096476,3.7276500063285343,1.7173324284746696,2.584170550983446,3.9035014979072047,1.6343306752442202
sub-0-034,0,2.4193529949480195,3.3466261840628757,1.6711210145715112,2.5336263189375607,3.2674046337515037,1.396537212045041,2.449032779841773,3.600751186560329,1.7204387459380237,2.765919804568649,4.047536232309861,1.8139000657187703,2.7988537156334803,3.7146968018336737,1.9564848883891075,2.883153654172428,3.7663262478180997,1.8059570219636878,2.5130582090512736,3.4884255613301054,1.6493244002974607,2.6618252899611097,3.2983025495393825,1.6713340685330134,2.126069420667906,3.982465170536303,1.6669288126120523,2.632004478720584,3.908180274519193,1.7450440156161768,2.8099818663768175,3.1523134125976173,2.0596064884396554,2.7456798357279775,3.5585766978962594,1.9137618998938168,2.3396457205219128,3.419187833944542,1.9166375594603569,2.213929167438906,3.6569281769884654,1.779826423976773,2.9044606470279892,3.056772482477774,1.941444658554745,2.4492952662331975,3.3748373512246808,1.516699341956031,2.3541866332559533,3.612986257287098,1.5331502127827967,2.6832511800575247,3.314369506848469,1.5180449291227027,2.454994353655219,3.5942780136917656,1.658397010710347,2.5561578212999034,3.6949380893141037,1.8623632177425422,2.4941828444539023,3.2076178356386755,1.7114141718383773,2.634716925498733,3.090996914327854,1.5664087554488622,2.4205463587266705,3.4418097871582947,1.585844914455982,2.677267330517442,3.050562703591643,1.4630421954208364,2.4899000139279366,3.45081721484084,1.4818034190712843,2.440785208323438,3.387707731122655,1.6410053079466782,2.5773386669920724,3.3147579123614026,1.921675445001241,2.637876835152043,3.2740082142204296,1.714176724005136,2.5723227573490086,3.8401220128593785,1.6099426356625473,2.688120965589703,3.511719253219094,1.923734977467315,2.7823604614750934,3.555154205285928,1.660657606847591,2.641189063742302,3.4494739924043936,1.9520460658967502,2.564124614071862,3.3864200628964056,1.631057737088911,2.3316535946642327,3.6558365558661303,1.5769983196040747,2.7476666853937943,3.1379781848795596,1.7190862173459875,2.7570402765295414,2.8973708219053815,2.002739831568828,2.4734486645043403,3.539506707005399,1.7857173838274516,2.6807032301007996,3.576687502712711,1.849607687555955,2.643432728325926,3.993046719209045,1.7783491314281896,2.9036343935789555,3.7523020752665435,1.4291374811347606,3.0199984821098114,3.3391836496263787,1.9243316022802603,2.554822819761499,3.7971052721287224,1.596728163370131,2.6626340177561256,3.4291066472895664,1.9368504667384832,2.6289602701350616,3.7620639395644386,1.3753884692790395,2.5345969176380474,3.6149544578163226,1.733542235965956,2.723008298469213,3.397546811361513,1.7073180657551945,2.7626208175946982,2.8619670790353,1.788402575245751,2.48990073132116,3.2445509251249858,1.7504816336413969,2.7709412334255576,3.7909602728155707,1.6797330453640056,2.7076333734769706,3.7430590115648363,1.686894309426025,2.4252455006421223,3.3221344712857475,1.8256780023302206,2.5424135735317157,3.2070689784754354,1.4472705746736312,2.699729661377348,3.3469020417660174,1.7495581633483972,2.773147243272442,3.133501146481024,1.6932293929230733,2.5192750536806034,3.606328005175829,1.8858739997630651,2.3106986733607666,3.6595434256376147,1.8547285662490551,2.5164521284877788,3.4615148419899255,1.7627674053477382,2.6120670740201617,3.663058730062794,1.7841920789601824,2.373244984989183,3.7772746193573843,1.8750174743285357,2.5834949208642537,3.0816365141660933,1.6827881440999863,2.584993057849302,3.179511933419691,1.645979290463448,2.2963135102394623,3.6700418229962044,1.7248932972353077,2.253759030333436,3.5984101612429544,1.6915236578914563,2.642954570895793,3.3903709185484803,1.5797780898885463,2.4112479672375944,3.349312339366447,1.702823764487157,2.5766325237764622,3.446598434213731,1.6365020676505222,2.486747411759013,4.202162939941942,1.5843912272752687,2.449565038461685,4.422279150343082,1.7631519953690828
sub-0-035,0,2.3016034801373344,3.7359524171136336,1.5634941666198279,2.7136310714049174,3.4409305617762094,1.6340306225765888,2.8396496943889646,3.6585923787445886,1.845948415617381,2.62828554231359,3.3755555333379323,1.7917031630387312,2.7676587706832025,3.537726652184915,1.9702463906519758,2.7030876965763433,3.5593551139360513,1.7377229796526725,2.574702683214172,3.1496531400334025,1.6864891706287093,2.5898135673614098,3.3834961660453717,1.7506515528057043,2.55383534826392,3.716633729507655,1.7994668571598595,2.5800875917652712,3.1171803904354403,1.9686084108021755,2.524459620257194,3.4773517929653632,1.6486218726950919,2.4620859019082033,3.932336253440147,1.9079066480579119,2.6299908126439804,3.469899956759397,1.792867697752063,2.563283456718487,3.4467375828695324,1.7507158882259495,2.47059160554982,3.570633993920961,1.7306331388432452,2.658528483826426,3.3266416519068294,1.8065204529314811,2.386863931268909,3.339681337546053,1.6206612411281383,2.3570306809727377,3.7843854393479854,1.5546421285715304,2.4241950592667987,3.8515141589362596,1.6144125947219523,2.516134316675142,3.21663187974337,1.8249426811434026,2.7024125239543917,3.706904853154565,1.7806294742290916,2.5632460399835058,3.353174533257364,1.5777546040000967,2.7821829948171004,3.7141451960834453,1.5960043659199363,2.557169718280164,3.4159677739641965,1.5307683941441375,2.5819772477918344,3.3836620540130253,1.557119500055647,2.2837561402544826,3.062135019942412,1.644286080845804,2.534682905323515,3.2549157731545515,1.797610914148584,2.5382016224790664,3.661527886967622,1.6725633814718437,2.408318825662721,3.5319529199188118,1.5105988231972516,2.6470989337145965,3.2375982221763224,1.8377348789800172,2.4890779656764552,3.797509384566777,1.5316065217117527,2.428001453868812,3.6066617851175997,1.8755745640140131,2.849989603496686,3.5115825258306446,1.9756618446180134,2.497860381031422,3.8076549342616324,1.5586728504561043,2.6256360912353855,2.8443259485601953,1.5317613482520314,2.6340018236545375,3.132517121383853,1.7640424416183778,2.7131624617462253,3.359630346038882,1.5546570566488702,2.464646409146147,3.229572550628428,1.6848179662976124,2.5683763124798547,3.4143171655328937,1.951153886028023,2.420507312456344,3.8896012901914876,1.543814114553183,2.5630999625894786,3.8312695143934596,1.8697035728379976,2.4743535784139574,3.6554195216199767,1.7631768625496338,2.4528109478533064,3.672465982401461,1.9793738258078557,2.6349061197112733,3.658579786139788,1.800823246730106,2.2870242106760745,3.628862908497761,1.547486063774221,2.443820350674396,4.1053436987327805,1.6620107585511785,2.4167686612270387,3.82272312209239,1.5578484495736435,2.469464554045858,3.849734607036127,1.7064151347961938,2.2689125318772247,3.652317092010333,1.6405301176930236,2.8271732675754437,3.3302676546624426,1.8576838960588888,2.8696256458258285,3.2617358973327604,1.671018046886271,2.6199525493460007,3.259943189284831,1.7405442420061745,2.509514348248921,3.4313810799538578,1.7073407589062166,2.5628276488041415,3.545886615341291,1.6101760481814824,2.450069089617044,3.4667954751290475,1.6932863538146308,2.471007118809609,3.590703099784085,1.4277857376987204,2.4185160733963884,3.421620208663201,1.5715827219454093,2.8432556426656004,3.5052813170829866,1.7265154517338854,2.4630184725662168,3.4955819022955708,1.5177119803545898,2.5194329335028867,3.2376376399931885,1.6583894622865756,2.08921501806555,3.184159101635813,1.91958896067715,2.6994715948393573,3.869331014056265,1.9081581904506386,2.6711377363496056,3.3731967680938424,1.5444123580601565,2.756414028980945,3.5180790328284695,2.074103422457286,2.484282364318064,4.052410839338535,1.6764812313956368,2.790488747506566,3.9750736864250875,1.546557510772893,2.4627003459076433,3.210765816804411,1.5155083267612663,2.670072033094491,3.444944056330274,1.7078549484785204
sub-0-036,0,2.6501230442951904,2.9799316865598238,1.8930149005935581,2.4871630505988147,3.6490723657466,1.793106925884282,2.796743380937491,3.4706399314207506,1.3814543811435605,2.5602829704216408,3.5561979202852485,1.5448608711289824,2.5765483177979287,3.3989148382766383,1.4985869076076235,2.6708672811016707,3.342156957748617,1.6390431177894396,2.4667358074883246,3.8459340072899613,1.6938625757339911,2.5642379676982476,3.376621876771809,1.7694300233382358,2.792877248721121,3.681401028896222,1.8030300442002283,2.659121437059182,3.1135320598728744,1.5685821752451292,2.513102269152157,3.2967580681018966,1.5403194462866003,2.2130083666432965,3.1229718203224404,1.6615211663986098,2.537503253972601,3.2779449426834386,1.7118387819024838,2.4719099446364923,3.8053606044646777,1.6757561353962744,2.6753395586523085,3.556899853442514,1.4896893441133918,2.533681528367308,3.1540252521879686,1.6837818742674617,2.415876452898476,3.6069496493757462,1.4986468493800698,2.5526463285502987,3.660276363117694,1.8361393353963493,2.4124498035808397,3.504970272218009,1.727622045936736,2.828482730317698,3.085227582989962,1.5633346182393426,3.0548032486924943,3.423532760492327,1.4163509285145088,2.44514097419733,2.724715497989979,1.736138106868423,2.695761256850079,3.244734534672749,1.6293914116622739,2.716257747966404,3.0099396698431002,1.5017643181700682,2.5089392672911845,3.289346245509291,1.6559199653789618,2.322524942506826,3.560007776058022,1.6776150372230016,2.6488542889619455,3.556111860134482,1.7310035108744035,2.2896646761845796,3.637925634460564,1.6503700397293337,2.5200123046230685,3.7935140253894266,1.5920846665224657,2.79321317912262,3.904453083824466,1.8129176656046557,2.373488254061864,2.887837891224459,1.8618252371389912,2.570049311039594,3.2913447081699907,1.8760343515633404,2.394919401441994,3.3812365276953362,1.7787335546475491,2.349551490309322,3.469345345310021,1.8633705775870042,2.5879999338518034,3.8492793743106306,1.8700403537008996,2.5513929001958915,2.845712414619931,1.534134155717704,2.687400140229208,3.0659296023201197,1.6509961117119574,2.610926510464026,3.9114797948132227,1.613747045531838,2.4341722123650364,3.48531518538126,1.7526369454715154,2.5222355710687028,3.793795137688027,1.5801284250457293,2.571628968008228,3.6246595588691655,1.6399650785141215,2.7011477885807937,3.541708391547858,1.818326856972841,2.5849387394487895,3.6053932800164237,1.6051412364725968,2.4364610930655797,3.8428310143800575,1.7953265666780498,2.3658662700799677,3.5506417589033528,1.343933591969686,2.4466907705341048,3.7690877494535737,1.681228161693326,2.5712242805398855,2.6554132509743407,1.6411619572795773,2.610889000288898,3.630281165111535,1.8443533567001547,2.512153604680783,3.4536163724652384,1.5001823855885206,2.513186122948824,3.1467589825286164,1.4228194820291875,2.3546677133800955,3.922431774185112,1.6594158197730084,2.5895779253442055,3.356221049664544,1.4314173470822154,2.718500362487347,2.891784520840435,1.6167810984812512,2.5401693214469887,3.5645371001603596,1.5910295593206696,2.2191669330501043,3.275693878146077,1.5876863018570506,2.410843170872085,3.771616405258129,1.5179595832791286,2.6041762693988684,3.5443231704210163,1.8440682616207504,2.5260362630873523,3.7215166708153165,1.6741669792858853,2.628190654785264,3.0791764955707728,1.3042582885563336,2.6179584336418533,3.6207312752909844,1.7713253499727823,2.4555121473441575,3.9171222306189044,1.6310183276394468,2.6257582235410264,3.666498143001142,1.9578110239623665,2.49293466843783,3.317105986255837,1.4752781923377014,2.829426061199245,3.6179950539735914,1.7679591658841454,3.111006763438305,3.591012527532164,1.504651789234995,2.5147373565012643,3.227060925522377,1.640619740812584,2.4775338715041704,3.335633170501226,1.4910076241966905,2.836650294061013,3.58367745244275,1.6661791947949642
sub-0-037,0,2.6863748093128335,3.6318988369578293,1.7413536099113072,2.6732996530980286,3.537501728252424,1.8005332185487386,2.6855602141579995,3.5455612458091847,1.6669408259755827,2.825471604261703,3.3661875688634386,1.7586970400641018,2.624503513933032,3.329323801366182,1.578826642203276,2.4863066362434267,3.36217928111083,1.4812804157541701,2.43273088514653,3.5745424356976776,1.8898915376222898,2.649790440331254,2.772130340456333,1.796195557213599,2.4495326785387705,3.6268624209125737,1.6978797111184059,2.5153162273043708,3.4713739961706005,1.696636353759533,2.791992894976244,3.4944951476161754,1.86283041997718,2.719183055852218,3.6867727533234227,1.4320071769805485,2.750993878109089,3.3717876376420355,1.8073590921612157,2.3749440900167254,3.168179267875088,1.9964583105246798,2.3777430479691395,3.820909858934489,1.7177630482154782,2.4743783894951688,3.4874479123875424,1.5048358255203034,2.5475242116703383,3.1968327121091313,1.6406834308529021,2.7165539215145236,3.571173389436144,1.4776744251679217,2.7032678628444966,3.49801206666544,1.618672209738599,2.6844017347036075,3.4531820856464392,1.525150799014143,2.8826057480609286,3.4951595159905233,1.6877922193276673,2.4770810690884937,3.830390407048125,1.621268223778694,2.271903625413911,3.309970254669126,1.8990161900682188,2.699783789062281,3.428595617255239,1.9059882712460712,2.6846296011879387,3.4253549781823103,1.675113521734838,2.609277191750178,3.2670716540941314,1.7006757598264026,2.605532405630392,3.0276494531896088,1.6716019516148153,2.495449886634176,3.78785904558889,1.4233254509283448,2.481328916453332,3.3651086987379157,1.84401064458824,2.5421616175143193,4.002906500782664,1.799332007285958,2.4761598610458866,3.5671044350365086,1.6468896785945812,2.704691296288275,3.1269846402785166,1.5764456035143,2.6320241853398856,3.843211805642614,1.36970471057912,2.7974048188782747,3.4607621640401582,1.4174187557094255,2.009688988459919,3.0717719015736815,1.6970442716231897,2.5381383531944004,3.677296121718607,1.6175769233658555,2.350552701639689,3.38433581145495,1.7050415430367365,2.5915391030919497,3.2790338842037263,1.8352170050503038,2.4381485810896737,3.256479138549027,1.6186412735797564,2.743471231626469,3.4628169931766153,1.5958229745395343,2.7166993950807377,4.099969591185649,1.731452395146342,2.772091642955778,3.790101826160941,1.60915403725125,2.5547941524857216,3.1408875036828836,1.6692586600457546,2.4372857335573697,3.3871919319908224,1.5875157452929494,2.498322574524798,3.649025152154176,1.6820762134340006,2.2144128244040306,3.291086241828424,1.472090097116262,2.593930840676718,3.6409288619351727,1.7384822332781247,2.40826720920611,3.5691191001567404,1.6294828616346686,2.3451194190449542,3.7077403775185003,1.8227041630585656,2.720801186595031,3.329662391990912,1.8769043469039617,2.4611551947609476,3.6829803700307835,1.6233631007349987,2.509683210525761,2.822070199931027,1.6547130178374627,2.566396194021305,3.385186107138125,1.963428210212771,2.34075610464145,3.342197253610901,1.5642691085021219,2.448520143780815,3.7887956576233974,1.9217047691490445,2.4238573300345903,3.297557888037503,1.5264307027109127,2.7851313695734743,3.8138812339365646,1.684102730001682,2.2987021446647615,3.134134481672249,1.725594417557689,2.6488808253203695,2.9214794545940785,1.6518035134193176,2.841293260120329,3.43909742214352,1.9234457136185936,2.666828303212023,3.1964017117660997,1.6560993059972215,2.5268350370619532,3.2332967609338183,1.5545197965783588,2.8212183465813405,3.2263390264859737,1.861765411461302,2.471432793894297,3.4928209876327116,1.7842766627357858,2.4422594388771577,3.6590132077784694,1.3930355450677427,2.6291473299146344,2.808811565119942,1.6659729909952312,2.7037637373573284,3.6742426856963455,1.5052384281557087,2.3394604087031667,3.307171828709662,1.7279323793537202
sub-0-038,0,2.184252025792133,3.4962973987624038,1.7467144060700097,2.499053307443223,3.6470898710548547,1.7335586237489307,2.4525022333081985,2.957866979127343,1.7200119622356234,2.378446434258604,3.3380640650387674,1.7718686326944628,2.805120009018183,3.4893431654362375,1.7831097254668806,2.2899937185924797,3.5687466026786097,1.6910141093484257,2.7712609645127126,3.348671626711948,1.6637543574256444,2.740586604083903,3.4742305381294982,1.5336737928069097,3.009293989192222,3.1979940262657145,1.6902949877675715,2.61240386808461,3.574932902528712,1.6715384443990402,2.5167431333052646,3.4342190774393724,1.5326099212112942,2.937039458596091,3.4384025430402545,1.7895396489234643,2.489762485617311,3.4006661717404647,1.6316834505995523,2.2710277581619347,3.4550260807661846,1.6389488518520854,2.7608744116532598,3.164923967076336,1.6134279233667717,2.388280715984265,3.9039085103233067,1.5695887332717993,2.6512139720507046,3.7716452125536746,1.6780815632876886,2.3021740198307157,3.118036919546167,1.8289646097194119,2.3230930766160256,3.6097674510967757,1.7171523664730894,2.617883847175985,3.6320437461968487,1.5599493823373147,2.3744049277773462,3.7001795975481127,1.6055983084153405,2.054973271439073,3.681651483407482,1.5445608067896848,2.6340844580229454,3.8899901178087513,1.702514368589292,2.7292378496994356,3.5430633505501365,1.938114399221172,2.358820720423721,3.497699805483383,1.8009742407562201,2.5157258837381917,3.8226213190627476,1.6351940690733828,2.9224868072931995,4.094215301196229,1.742310799434095,2.6494682124638307,3.8336680019748988,1.521920390154895,2.3138399973759975,3.8517972958801376,1.74109827093095,2.5092290557236376,3.5031145248067252,1.3420937791453895,2.5156987833977396,3.2891469130258972,1.8377107450422623,2.729105540109121,3.661470465556375,1.7593187973198712,2.2804775852303516,3.665380062399125,1.7944096918285075,2.7741346776783713,4.093098747480456,1.4461158989642586,2.4800741713887215,3.2921653415958594,1.7258760782577611,2.552412334479247,3.434457019537559,1.854140654210176,2.351745441987459,3.2084859891300703,1.5463662093352937,2.485141034263322,3.155994739544683,1.6927142766801093,2.5202117649664437,3.2797757680802575,1.8310649381084294,2.539289904908387,3.797541261928905,1.670742522319335,2.545644920118356,3.342420926689121,1.6989430189196773,2.6782016351037683,3.3848264149643166,1.7777617943801995,2.4037055470117665,3.7125341583462186,1.613014125903211,2.703302377181229,3.517073431881426,1.9281430600086595,2.3422678092742424,3.0866705034726767,1.607567413103665,2.3007700293538234,3.1128342295600824,1.7932326140689814,2.549247817185721,3.3656893265228076,1.6419556104041853,2.442497220421259,3.962103366989332,1.5896741438535444,2.312015898345006,3.7228941728961717,1.6676366564978269,2.916979263987219,3.352662421137642,1.8268976269635187,2.744795519507875,3.354025966983439,1.5885618848136447,2.6834459755675626,3.6609697370159004,1.488408484893361,2.34688158546515,2.7897995986145583,1.7893080280968203,2.5028711052355654,3.454597882126921,1.4462833853447221,2.352341576443921,3.3661715044810814,1.5991511599778268,2.571210493593173,3.663371075456908,2.0404418853927795,2.546396934594433,3.812312745667145,1.5755040834530338,2.2485096633044357,3.401355538921165,1.4603417423188638,2.5526411700904386,3.2814728451375736,1.4068592919868121,2.8624845262548315,3.3494827203304935,1.4543571045583703,2.711670922291312,3.2959879784890003,1.8635249050535991,2.4179890197579508,3.348548646726417,1.751724756421557,2.6567794885267397,3.7151754464553677,1.6865388291906005,2.6451510098798248,3.708776009938558,1.7300853707850274,2.5243215396124263,3.0953174144952835,1.7898761235169982,2.557591265845407,3.3841875613418018,1.891664954538749,2.292989946075603,3.960330168302168,1.69665900820483,2.6071532721305215,3.389387647931524,1.4499390631215006
sub-0-039,0,2.5248702182761593,3.593728573929982,1.801433816960389,2.5143540242809976,2.886088844462763,1.4687507983126062,2.9193635322773925,3.1940899245438077,1.9140574187358812,2.381864387264833,3.448912345276197,1.7937812389399856,2.4023649996154424,3.9458202380125353,1.7113592537102615,2.6329531523339402,3.4250700377546446,1.7988080430525635,2.834182693172975,3.4632399374655,1.9594569186123854,2.4399127544917585,3.713946891018479,1.7733671504364574,2.3576552269171733,3.559866717298453,1.7011048906775559,2.3964254082701677,3.6002406815743555,1.7219434319162776,2.5369343494847008,3.480798308663568,1.686498461161457,2.483814068175661,3.539153546604195,1.603412868145433,3.0282257084646,3.1053866912697115,1.6122895884148312,2.4589664211761506,4.071338156010871,1.501979802503375,2.6266660136374997,3.5695503382130314,1.7500403457011822,2.772541769269969,3.840432220729185,1.6323564760219824,2.584923140908918,2.9780514309973998,1.7148639512782893,2.4070819029902544,3.4478129207310553,1.4471942202774957,2.6228770116094333,3.0249607652388297,1.7222426910187378,2.329228993255941,3.2621005101619525,1.8732098153817744,2.6558252302644516,3.821776878547752,1.9339590698751934,2.410889032714842,3.919712065483444,1.4801741515731648,2.6842980602180826,3.361865439912008,1.5604549786041024,2.6606045761147996,3.7645864270473797,1.8372902579969816,2.5886747800010625,3.536948044372187,1.7790299878549853,2.6046775335930943,3.6515796350840746,1.730599919166607,2.7017010884111454,3.04438181416588,1.680308978737042,2.3009076311077945,3.5774765649293676,1.9462895263780546,2.4646647392495455,3.5356305684832203,1.8134730072382457,2.177809872282025,3.3538090649996275,1.7546773488909275,2.02854094938169,3.226493621939008,1.8651286960071933,2.73053944208113,3.6048091036636283,1.8323296459914766,2.5887187621958634,3.655510574083848,1.6526519436739078,2.5708462829259764,3.3229362918035696,1.889522501627347,2.823880693710396,3.8863755841951804,1.6387836857483207,2.3783206729142843,3.8575526250100456,1.7815860803887118,2.6091451814742554,3.322583016215359,1.7638495718955147,2.3546499492608515,3.677537459702129,1.9068330049409314,2.843588197903431,3.6983867351507484,1.4926967675568317,2.585519423570284,4.09911088833616,1.5697082614336573,2.5393473168761607,3.8957868185042734,1.7925700883110378,2.996428138407319,3.2947965726959954,1.5515366321388766,2.770342578450331,3.16515398408397,1.6704848016773695,2.5381836219252762,3.790077052548058,1.792140195203787,2.632271684551835,3.3873193541875333,1.8822506028622914,3.2746483276909073,3.6935589876984163,1.7149508311320254,2.316384665221411,3.321505194191197,1.6679434649079043,2.453771956751916,3.4954982063324826,1.9667024115210932,2.774490045126462,3.455526839388889,1.5187580083001209,2.790726175722434,3.486264803430818,1.4410249361596468,2.6782374213287463,3.7871922715853703,1.3361137392597997,2.4015801644160772,3.46907287683384,1.8101766366962926,2.457165614767649,3.2670002674472975,1.8090753874520422,2.4657019728034513,3.651775302153635,1.5332726517538113,2.306580056537448,3.7114753641197114,1.737877986547582,2.716042031982517,3.350873959741996,1.5807342046280382,2.794929399757364,3.0735715460815483,1.8877191063770937,2.7876908473468287,3.7408250639945013,1.5968288724484327,2.403025709389435,3.441184383560504,1.50574404847529,2.3768950802243523,3.680525601622533,1.7974023671336234,2.361076531223708,3.689314141884021,1.7681454958609708,2.8217795258238785,3.659358203722906,1.8587871580601567,2.6358739663674378,3.7743801507152126,1.5069324265148336,2.5280859977200354,3.489084824896292,1.6634375079597077,2.6298995934570106,3.67762630325881,1.7588385615606723,2.518150101380159,3.293995577643365,1.864577911123435,2.61295190699049,3.2147881196481656,1.6709468687525564,2.236206058012675,3.509903772017284,1.6702430086102105
sub-0-040,0,2.446595948936039,3.9436880531449883,1.5265768820686831,2.67715073130282,4.112278285060925,1.8615901855575032,2.544323019222402,3.1824607809614682,1.4956906735123316,2.475920694907646,3.3076397945041056,1.59206796365628,2.4912635780151757,3.471370813992008,1.7727817921467943,2.3271966804967628,3.308971737082746,1.6760491875766277,2.514812665183811,4.014198638075759,1.7348369889085786,2.2595538338473036,3.6170907812442943,1.7818495584115968,2.527476954915947,3.1602489311654236,1.9637082042970193,2.3574208955553737,3.6850162177964614,1.7300075793595902,2.6581458988253583,3.9779202187668523,1.7842458308211553,2.449440439132164,3.809677837035829,1.605335082493382,2.579440442051148,3.137936589755579,1.545007815899487,2.5592496006785135,3.6030642784026443,1.4446414065963453,2.6395117262401193,3.2705598865524768,1.8919532023506749,2.4866464028115884,3.185385764526004,1.7113706836938878,2.385077699805829,3.8553046396012753,1.700079531129965,2.522698207843208,3.665704285300682,1.549257884119956,2.317952342040867,3.614338442243658,1.5350493937986787,2.351998172325098,3.7342916887418487,1.778759616497591,2.3243106823584756,3.326641907976426,1.564440266608052,2.8697374736473042,3.7536829197197705,1.6368732730992088,2.6537150440818285,3.1202678679393676,1.599103077321576,2.5688753878695394,3.6266246097608557,1.6853811311729834,2.5946424319285604,3.5219342087868752,1.6754633896966524,2.496693793405639,3.3806458356502205,1.7347906262942883,2.623946806055902,3.5555405668492734,1.523210442499841,2.370192986794226,3.611686905665459,1.9207509951006316,2.5774347830805757,3.3847328445064417,1.7336510683164164,2.3453721439475825,3.86650408383021,1.7279891216762042,2.4294977016221013,3.453297269493995,1.6209445651904577,2.7861005958270297,3.4433727749548235,1.7233048619173388,2.6532707621972325,3.292585350945928,1.7290564199202736,2.5993984024909578,3.064857930114226,1.7379044733166416,2.541762828310235,3.536390561792479,1.705344457023585,2.5966505771310144,3.874456103189324,1.5230738881872337,2.4884125796099243,3.6866532161095944,1.7721388801591866,2.632692999601575,4.271001620388534,1.7921203286175058,2.7535688033259045,3.4140198235212975,1.5510631439154077,2.4934228627379458,3.6993488479761534,1.7610241782243763,2.622585246707798,3.4399835716968044,1.6439296071780536,2.51762569602721,3.70285312604626,1.8261091142255625,2.368876503059179,3.7134559166408057,1.6023918153865655,2.6344058973313893,3.446249592110503,1.9348682823858476,2.4747465667833937,3.5500113154505395,1.7909889736339142,2.392687406977881,3.4796000244804555,1.6600122673065294,2.4575135729869246,3.3768775595846927,1.8668021897205191,2.4422608677431397,3.6585942071480497,1.7471892503046715,2.298543579160468,3.6453674427594036,1.4879730185363458,2.6630565290697286,3.3579863399233627,1.7012550879884678,2.3170296090672586,3.5342670506093485,1.8390425626955929,2.404746222955928,3.329993215879677,1.7681931535351234,2.636331298256449,2.818429796445618,2.002310954567416,2.6451396270386995,3.695137225486829,1.6784689330006974,2.2160363684605957,3.6889221771500673,1.615221795765367,2.647907704953001,3.438735700326436,1.7357059068674565,2.410500651346336,3.742028903950101,1.5217431440813491,2.954202496561054,4.126625617796363,1.9449049378199765,2.7795862174394115,3.4763264596945804,1.8749820058620812,2.532688230310297,3.065015088171314,1.925480212104603,2.753188403326051,3.491225049856478,1.5162223614003274,2.4444838782157845,2.990079236231497,1.8417621278926966,2.2614043859644473,3.5803126436410695,1.5734459978330468,2.293193379900094,3.566739426118,1.6499300922031952,2.700874038976566,3.145070524755962,1.5864028031789266,2.1202244024716395,2.8883829289481815,1.969728861496777,2.9250476839379402,3.5259633374627066,1.5764256851140233,2.4962791934117807,3.7446007766961817,1.622841647026693
sub-0-041,0,2.592774096067504,3.49642830586525,1.6146780994875713,2.455285305721463,3.5821298440719422,1.5534667795418837,2.631311282212233,3.367957891298229,1.7191050956972345,2.7991132619103403,3.4529062273364532,1.8379706510287988,2.2274340859409105,3.3682983561806337,1.704153293161411,2.8961995222571626,2.9512134166872306,1.6855685207160833,2.812203993164927,3.280194286525276,1.6680741784361495,2.6097130173099967,3.5516623950423787,1.934865571318162,2.6307252858131815,3.8717764107439816,1.6459987464035133,2.4167054259749463,3.436797505954502,1.5261345359948597,2.6370321053178167,3.391954128428531,1.5992316650033787,2.6397585137317803,3.179759582167199,1.8155753320783692,2.463899270071555,3.8245470043463716,1.6410893632655648,2.663743739980426,3.5502774646564137,1.8115852810571729,2.569790440586573,3.034248724543892,1.8513190308863199,2.5342170739575764,3.7210645016593475,1.8035369715303284,2.410806633417958,3.243857286550917,1.7983032652173505,2.4954151747061073,3.762200198250619,1.6732698585705466,2.7342137599406917,3.6185252555785485,1.7431962490571222,2.4826779842267506,3.5650797319372245,1.8789279072429064,2.5402412174406024,3.6487288442314796,1.706954011437456,2.572428727694176,3.9825550119427238,1.8802595046559327,2.564292686735229,3.5600471446220894,1.5947194244673546,2.518865121672308,3.5866313805136123,1.8275920384353692,2.684859761443965,3.189407464346737,1.8465474096017946,2.5340207377120403,3.2236424204102896,1.9004577106147882,2.8133902194128315,3.573849155055385,1.8063190402857852,2.6881408575739973,3.8908162027874305,1.8092102788147586,2.3110161100610576,4.062746169711916,1.8598485334220063,2.4582856430509024,3.2117049797399253,1.7757220145606125,2.4999131930938354,3.5923986991197085,1.8115110261917395,2.4480404601605765,3.1874897620483855,1.7578727701807966,2.4539901860501447,3.5409068200050715,1.4985010344556602,2.504607109594565,3.700186529491199,1.7908898761470196,2.4080955652428115,3.1728859765909454,1.7023645534627687,2.6509859034634933,3.6134490392539145,1.6231760233458035,2.6036083996475883,3.920659531957279,1.730771703096354,2.256033371552648,3.55689609466818,2.0065935456818913,2.3182696536391925,3.5083229053121263,1.6660496850451798,2.567258932669511,3.554390602883056,1.8709957979094387,2.5652609915521456,3.857632676019373,1.6823516511820276,2.486975380684566,3.3126287647491903,1.427436945631977,2.599640654146651,4.075120080772116,1.7687353215928792,2.673614523749102,3.3843512289959525,1.6633499913089493,2.727235467899987,4.062434219281149,1.9231921903695228,2.6949440333510437,3.5098421622293423,1.7314578371400984,2.4143686825029143,3.094513094035256,1.530980246336009,2.5589640062139485,3.4182421668005305,1.4795837442920472,2.5432817917710473,3.4108395091495356,1.5240726717073878,2.483367778088387,3.4101331597994236,1.60750442901133,2.716800629659669,2.967187562613873,1.4021301513933544,2.550591441200836,3.526915613029846,1.7606322704028459,2.4529847685097628,3.242981334574147,1.6989025800957578,2.4705159356373607,3.9342999933035943,1.6513659125112212,2.5404266726909257,4.193117079087424,1.670785965990397,2.650108235735836,3.6809666413481787,1.8097102465577322,2.6021077077740253,3.5542754224349427,1.7150501434755674,2.4463210975979206,3.5911452647949953,2.0042968756136887,2.76792274361344,3.585097046222898,1.8283744697158986,2.3935483364284824,3.427056596824079,1.8421774766276082,2.817690094822474,3.284157471813294,1.6274617535865263,2.9426476428981365,3.5269531499353124,1.9735042959050568,2.5872343171096426,3.568930479051122,1.6541763668510154,2.719659925471841,3.88017771408512,1.54474966547887,2.486558900600321,3.756221986824782,1.6805677043323508,2.461190615664022,3.7826718030834323,1.8655179807068767,2.469064423679015,3.559462627836625,1.518728780614365,2.388813436113834,3.5347662649973466,1.7047110181369765
sub-0-042,0,2.375962303488486,3.299527301076839,1.5402433445066661,2.631910774244378,2.949061024926268,1.5482634155659705,2.214670521390182,3.6173257690802347,1.4295899674917947,2.555711255736397,3.9590667244092788,1.9510150971906353,2.224936637547812,3.5835546884566676,1.5516543055429317,2.335235513572153,3.468228412770779,1.8842436735399688,2.657938597359664,3.2997605400247934,1.8057550996115004,2.1461325002612974,3.2891751764386927,1.5764162682948124,2.564097724513007,3.4432081701752,1.6787793359570171,2.518550484580895,3.506274027476944,1.7810196450437334,2.5768795846984287,3.4203814913507236,1.7602622419707172,2.698702237857497,3.344312750597664,1.6910895903990986,2.7591431813483855,3.1912270103651403,1.9707053294383914,2.308952104546876,3.403297908862674,1.5574715004685982,2.943826859436488,3.3590619919227973,1.62487382652072,2.4832652268108144,3.526768786210306,1.6507337331643233,2.526080375167968,2.5118212131533535,1.708573975400274,2.5532051918675958,3.79079926327547,1.8963591422419102,2.5162125489494764,3.7285441428687074,1.534764682933279,2.6881216216852986,3.3397067762423185,1.5222953797804917,2.5165940379232707,3.892132285215378,1.727150830509627,2.819367866582108,3.2903548401315748,1.8571776656821983,2.4326111932973498,3.563092028016977,1.7325024242989122,2.669068512106351,3.5702073735751716,1.5891223193267274,2.7084552513766615,3.9848638464111104,1.6124294866615823,2.219658226239894,3.639809479139061,1.6503229408921776,2.5264014859280466,3.6557297716046833,1.6315411355261602,2.501606645158139,3.471966535257756,1.9204630906977525,2.5554125287404443,3.154011397371811,1.5206182278288327,2.575061385898728,3.1837601598065257,1.465654476961376,2.6643964783681215,3.6916595528032206,1.6447795199159219,2.6028586724073075,3.55267406037474,1.7903629078953627,2.6588549827091637,2.7703791954923767,1.663925156227641,2.6432227538720636,3.385072154509076,1.705430395888974,2.6851259967020535,3.5226590653106054,1.92618791258523,2.752857525410602,3.4668020371679984,1.6702930743912832,2.036941661063754,3.4085793848706527,1.497009666093421,2.5898213175601117,3.5428037991136003,1.8043783634040167,2.801400684950674,3.4926445596918487,2.042062446788479,2.5918412601395824,3.133139409759343,1.615689218733482,2.482905593944592,3.665795602322946,1.5579125149656048,2.4963643410943086,3.454908721377096,1.6327818788516684,2.696054768702349,3.6795699887702997,1.8749850702655937,2.490415467399984,3.8367077189414127,1.495400437103443,2.3000908258218256,3.16013552789446,1.7013817538948133,2.766428060983996,3.3314002174209034,1.6284959892553343,2.511116768044319,3.6603918745485435,1.6283562044968138,2.4539849475750297,3.1232893262598465,1.6142418333234319,2.76194311552836,3.5254592823739737,1.5890218234628126,2.772505915091208,3.3361402194231475,1.9129933369223697,2.802649256022018,3.515683255384907,1.4752175708942468,2.962110110762236,3.608437295754073,1.6514169462919115,2.7221030246595097,3.696644780365977,1.896640752482966,2.4307773980376184,3.58917255557683,1.5221194654632595,2.669940191233422,3.4935752965043876,1.7421513883230217,2.5236570497087154,3.429723130235259,1.5697653238977929,2.692277438643162,3.9171171302876027,1.6164997461634871,2.649637290894797,3.621011414904868,1.7012146717023287,2.275212767994351,3.1355527416890343,1.5828527073272645,2.1649791497570523,3.8942486043735722,1.755155484376957,2.544607011288158,2.886733970605008,1.42641937174694,2.5495785501263475,4.051737190335514,1.5952033706190376,2.705483642594239,3.365627325851011,1.7082858888933299,2.7686430928007275,3.4031335435533676,1.59648426379218,2.805252699742457,3.5127561899118067,1.8636807635879244,2.426655199190756,3.893868778509073,1.7410440911801917,2.6282617727186386,3.536856207200169,1.6241787527005247,2.549697094110905,3.3760747333629775,1.8439319093967177
sub-0-043,0,2.5134497099276407,3.0809779762177083,1.4480864397516073,2.2391907325823235,3.6730318121151035,1.5272743532939834,2.604015439650942,3.538240864897596,1.6902937107635334,2.628912936608826,3.5443249903853475,1.2935405385828576,2.4917474566472717,3.619028877537761,1.9460424216132497,2.853562370984849,3.118317856196128,1.647541205103084,2.26809933353256,3.9255678210308234,1.8519284312222826,2.613105819635371,3.546506561152859,1.907094665052421,2.768038535056825,3.824252515063714,1.7685019789673389,2.4871389060874507,3.7147949529649162,1.8224062857882672,2.5156852554734472,3.4016503027264124,1.8699969904337315,2.849540899578529,3.2901691813438654,1.6604934986828037,2.6131679537618453,3.636247719369611,1.6216450461138059,2.8890337134619277,3.618186674352648,1.779707511270583,2.8665991346721156,3.3742627449315146,1.6867352185336584,2.3244019987761066,3.451741867768998,1.4766608714096956,2.6846128837547707,3.617599090019598,1.6584396039442189,2.5319237325927872,3.7132105962529174,1.5296305869665152,2.586750216141454,3.6958627458084483,1.4326588883889138,2.673288841026363,3.031262510286761,1.68236082742227,2.340589601262859,3.900749042201204,1.5264318418771479,2.252965819446231,3.537338599646968,1.6379445529968766,2.279171058840492,3.6472282557633577,1.401275140632548,2.3634766249350374,3.33893888428218,1.820333358823271,2.7831843060623673,3.8087790292517205,1.677008931430665,2.1130845159368716,3.6094388459411966,1.920586060883692,2.772082273406442,3.6296257227282416,1.521574585349232,2.455444739346885,4.0414680316487885,1.48749056980038,2.3433885789329305,3.7639144343262796,1.6353261132791708,2.337284078003168,3.9278319300424442,1.769158396721771,2.481275790412108,3.1791830459481356,2.0071109845789907,2.5455986726256103,3.8912518574914583,1.8340450316914159,2.4562377189006175,3.3563764878028612,1.916947234690088,2.8132531198715958,2.9744635266861943,1.7824670391473287,2.5281813351497484,3.2106695143772184,1.7392619142075796,2.3070725776224488,3.369392500699092,1.5802289400845049,2.46003757245192,3.4799860217746423,1.547665000714177,2.8331722251971936,3.6381193053503553,1.969184454257308,2.5211856055659565,3.3463388105568095,1.963762342173954,2.4459492468226824,3.450078233843045,1.8080071115745973,2.32720935450649,3.699162511742222,1.7875020599246902,2.77847855724681,3.7492124608428394,1.8949967529316356,2.530124057908486,3.258452310762023,2.016497812112504,2.275194789206046,3.1005763379153337,1.7847692060763247,2.8424974886719228,3.553074236855966,1.8498955549553309,2.1907555090550472,3.3601274105892815,1.418907828928511,2.6904739724811586,3.066775228555076,1.508327173095103,2.642524536893052,3.797310818564964,1.6761547837656174,2.6526310507395316,3.650580686724466,1.6676859710836291,2.352953013080475,3.6581695939277,1.7919643536162624,2.7109243925562465,3.587378598742091,1.524725012978101,2.674261229046452,3.4996132975360643,1.6275893833514985,2.4969655493051315,3.306727990050694,1.8333265668281642,2.294739347955596,3.221823938254203,1.6506840672992458,2.8404751526830196,3.7951985537459976,1.453873879512916,2.7932424759754473,3.8778376607554317,1.5238987510966036,2.09613751129264,3.479777945742772,1.8683636613949732,2.8364271545640363,3.25616836597885,1.9627968656994448,2.1489721687529935,3.3969458281277993,1.637418399617638,2.757420664486374,3.863524690463138,1.8431335483150093,2.306900991225739,3.741533328903698,1.7763562952890237,2.2491778106496736,2.9212361279355274,1.8556983935031164,2.517582125823736,3.1401490141126347,1.6687742106936847,2.615527394600376,3.4768016845330867,1.467202077031087,2.8894002426415395,3.78118103131661,1.6496933822489799,2.496882961937588,3.6006564705196893,1.5305567906389501,2.6080817585766543,3.1273949176789855,1.689419867473225,2.339657130025765,3.1869364849485198,1.9468583920427314
sub-0-044,0,2.5606606609712195,3.558073815912327,1.3982930208378015,2.442539683466211,3.6291393932372173,1.7291204398921256,2.1622746321563326,3.5579986166639825,1.7549838205324533,2.7810771596757657,3.316535286697264,1.3636896919796493,2.3705812646750717,3.192821789116804,1.810506331666996,2.0609874140888427,3.374460191179666,1.9138693210365882,2.551298243310054,3.7509687085293986,1.4537302499673368,2.261641887622862,3.902427888196666,1.715182304863588,2.5685893851976456,3.186917208130041,1.7151172593425348,2.3437312376987824,3.8323237256935823,2.1091746064802255,2.6371093896597593,3.322215012070768,1.3199512504258013,2.2467964593823786,3.935361312687598,1.545621223509339,2.4832497212964277,3.68349127288217,1.9223434699042687,2.514074354190509,3.3866932764935105,1.7107431542766025,2.4370251930049407,3.3393306230779727,1.761782017630081,2.5833524732102076,4.096849485836404,1.7658273224953143,2.7572061986568888,3.2000401505175233,1.7787735935045406,2.4198633576118094,3.6107269137230364,1.8032771897172262,2.558976391920265,4.174051202012942,1.9141969653662678,2.7619041599092373,3.7140001338636037,1.9645041226595066,2.291345526455541,3.8836792730373615,1.5513133532000716,2.4484189585679883,3.657189884337267,1.8849830248266084,2.3423562062972465,3.3564874342502353,1.7146298108751965,2.5164541191547714,3.7391289771458527,2.2153891423976777,2.6254777275346584,3.2941449973145516,1.5055237504041505,2.4914542955545906,3.2367300319119385,1.7701324687963134,2.6313638944411606,3.370312902733012,1.9977432520675675,2.4176194825368187,3.466559300988511,1.7958743998834725,2.7105698808785688,3.8577214260320956,1.7642744718489858,2.7391642861418393,3.313769711832177,1.8377122940525572,2.712851247028152,3.92360826893099,1.4497346011657186,2.386707039191808,3.7304794714228446,1.3022953280177905,2.638561111281903,3.7967452389807828,1.613543712867434,2.4725657999798556,3.199241542772827,1.6217679320402896,2.4613376696468836,3.308804443149654,1.5893482733323254,2.501219138720089,3.420730791616286,1.9811197849791584,2.479046674238938,3.5963620605337203,1.6134675550285547,2.4438727603485377,3.0227762494348656,1.464295062828336,2.33274030966246,3.5514351137328197,1.8614260482926877,2.228400385158807,3.3462584956223314,1.4949663935974478,2.502430123055961,3.801215458238002,1.6329676397588035,2.541446945004054,3.907463950989848,1.7686851395761862,2.4131834659529754,3.544496280034003,1.5758676482896563,2.6256867622924798,3.644295243140373,1.494926044925232,2.5815268951294392,3.4670794877611426,1.7817016095758167,2.699642469183444,3.6336858891548895,1.654520996993037,2.71799940375552,3.2555424226331295,1.5019217009945751,1.9748483967790558,3.4803605335135965,1.5767680340759846,2.621595805693563,2.948056329667577,1.602923217365075,2.6346485830556072,3.2116458790222855,1.7613885122919293,2.4497359328877524,3.490813673261601,1.7892737009625284,2.7215034641607563,3.52589787516977,1.5778984557681883,2.4675530047716627,3.6783475016643483,1.5468119624776089,2.5179480126047626,3.391952452458787,1.6844957325021552,2.368329144735112,2.9814555813806085,1.7781113923939464,2.7235436562279567,2.9981910119005164,1.7553389241389323,2.7449729246721315,3.6668550930934507,1.63749947319859,2.3801706534448632,3.522673862217997,1.737167758827032,2.5672453520080616,3.4495623035670815,1.5376022413815864,2.626083892435593,3.631839258435787,1.7301233188192506,2.5699788561128263,3.9701898565689095,1.6063431823139904,2.7806583175421977,3.2944731486178855,1.8663425859434641,2.7720061590144978,3.417945663047473,1.949144458109125,2.634426459614296,3.254363716480641,1.6438765108416187,2.753897215099197,3.758458116525462,1.5412939397931062,2.52493368380571,3.556986435177423,1.6238593116386586,2.9744039502074493,3.5654258481534913,1.6907281713645426,2.764353187966456,3.3977402102451264,1.8511141415925985
sub-0-045,0,2.2498081687950626,3.3729768670512414,1.857360562756587,2.8326355897061406,3.283477200358322,1.5665267545672026,2.6521403574666826,3.3255505094230404,1.659713312336691,2.707752904452688,3.347651389148077,1.4051861372696473,2.315804801590941,3.502787564001679,1.4204865277290672,2.496511124886482,3.1102129754516823,1.9459908510298396,2.9397256670578207,3.203704811344221,1.7385138020056876,2.3771273282405665,3.413391631424737,1.9705203991933709,2.4659960614092324,3.4199095105736084,1.5586206099158455,2.7563140879796753,2.5862853232932723,1.6335804017702569,2.541740503055617,3.314898347641744,1.8295318261596751,2.7663649111146853,3.104628936393736,2.0140229980656206,2.293813411616367,3.8608165908692356,1.7224741547803541,2.459333802519513,3.385377259690766,1.694973081400953,2.5875152151354808,3.242356781615973,1.6649090063482415,2.4112788918730326,3.1597861324193155,1.5774032446313153,2.343004566114821,3.3823566244298546,1.7648712358202623,2.571727863752033,4.052816537464983,1.3684320479420125,2.634481373918554,3.5017976667868185,1.822350551355795,2.678963736775873,3.4538023099621507,1.7258976927285132,2.4160675416746726,3.6718303942192474,1.4181685921815947,2.689828758956877,3.493511435613889,1.6269406943253366,2.508144024099589,3.455425054315253,1.894595564072075,3.132028859384732,3.841563830762107,1.6152011321165365,2.66336072837135,3.6885321664960955,1.561225891632917,2.323056126500277,3.4822813399032992,1.8211561404052152,2.2598745118317427,3.298148597056766,1.785897756348561,2.557510250388704,3.896556613767719,1.4882948818885484,2.9733896880209016,3.0693621158005175,1.3956254421757608,2.5393956996904845,3.1823515000911176,1.694186650393268,2.53672916178816,3.4451832206099193,1.5736383451704832,2.627878107464344,3.4111456078651927,1.8655497306132145,2.5175329945449048,3.2298987215973547,1.446843417223492,2.519020302339293,3.1446227200184658,1.4975057218992833,2.6449423156464573,3.0022523828742504,1.9118290067499368,2.5787489491911972,3.487724063313011,1.544785108917412,2.687587013341729,3.4991866185927294,1.5970855035888796,2.585968445397286,3.0288200724769734,1.4547009302676293,2.3483665046458055,3.59786763493072,1.6995112517290802,2.7388162678000354,3.2424028413927983,1.7862001760722013,2.5295033005688494,3.23594734547254,1.7577961506069377,2.538117865515858,3.3238466256392885,1.7062998630716137,2.526684530531269,3.4569673408150994,1.6381110275133801,2.315109262999145,3.5209343164505644,1.579592843941788,2.3663408038240674,3.43260404365127,1.8101039816258266,2.5834104313843764,3.351280181659875,1.6142980913198213,2.664446387193978,2.828913984554773,1.819604748379922,2.2126771605125386,3.1036857856695654,1.6228601253105162,2.9406223457275518,3.9696774208039947,1.8059731633695704,2.6141776280931808,2.978562448956507,1.7235137244321048,2.451140126659205,3.271332586585638,1.723220463496199,2.465200198299594,3.743403872871278,1.4096067848581,2.5635020560222768,3.2538527774160677,1.638554625662646,2.6048327555062634,3.1871537984691813,1.7246348208968696,2.511779123062332,3.3150356777504713,1.629414127098362,2.522180659586353,3.2850057764823006,1.7010641712988417,2.499928208100106,3.328840889621251,1.9384763350854475,2.6247431860610915,3.3928405748655726,1.7218790646237063,2.3651723753807685,3.3777039501019965,1.6519883824342627,2.3255770962162208,3.608459133438437,1.624158094608076,2.4860159998594673,3.3407584394454606,2.143863588596465,2.4307292729686774,2.9207704529119685,1.4600102043561747,2.686674472085178,3.8742067536712765,1.597730421294072,2.780210940534383,3.7076451999559126,1.6715779803520867,2.5031196689213036,3.5506436633963827,1.831618373323046,2.621513021807104,3.310493675496365,1.6738689429460534,2.9066274218499464,3.5703398632429337,1.8303988140323924,2.6471792977048616,3.5765401683193567,1.7163048350022603
sub-0-046,0,2.711530312558496,3.7012198258869913,1.7395840217017322,2.42512274540138,3.6079564655535723,1.6899488095297874,2.4945139359578863,4.2500572729904995,1.4691423038438258,2.722532314630347,3.2584521356089273,1.7196793234015093,3.0123457534362332,3.230536681449262,1.5914191017759105,2.546847527312712,3.262779251863219,1.832608452641045,2.4537847015086065,3.6831226992418142,1.5006216302299895,2.224770329612239,3.4358842058931462,1.4647238242943608,2.823288404297781,3.0716550226614006,1.5443469968493952,2.6244515793854295,3.3358180939826383,1.4722418045198593,2.9171935488129526,3.2195425351153193,1.6705613288755177,2.5123453463809144,3.698886562550642,1.7693528691006588,2.4011758132084187,3.408768379115874,1.6659616349687276,2.684812709675741,3.172869863839592,2.0027165835133673,2.4133469902573,3.497550168908154,1.5260015840460137,2.316331377904689,3.255160045458265,1.5544215173503617,2.4754337356521305,3.2258897919461527,1.8043328631941313,2.4090628988426923,3.2497316618334637,1.6410546703824096,2.728710998165333,3.560165328610912,1.6850465705168796,2.2920519414056377,3.1800416312381614,1.5082385089940564,2.785233220261022,3.6485576744768613,1.5707569236613708,2.4484131041113817,3.2689187506535466,1.5671208175428937,2.6328541856189123,3.419489858180392,2.0121751616446195,2.7750647684130594,3.8666544953306823,1.800703546242219,2.473921367308706,3.6673814476682836,1.6476750958207012,2.843449689131105,3.613198227253978,1.7393540537904522,2.5728730792373113,3.98727459966104,1.484937449924482,2.8808918089803703,3.4478769339128417,1.4890776536276522,2.4146022483042495,3.037773966437397,1.798048511837846,2.3631072689376262,3.547226946537316,1.870132554524877,2.429036952858095,3.42493096595317,1.5044950085125977,2.480095720388784,4.220726615076544,1.8166899746165661,2.502348524599151,3.3287273498691197,1.693604990651535,2.5734091353948547,3.3826604819991877,1.7795088793656693,2.3783794517891264,3.2316514510044048,1.7555293185575307,2.3396444843584083,3.7041248308015113,1.69785790814046,2.2209763406309015,3.5306597551570653,1.4472280063116507,2.6748051617380186,3.430359987809833,1.977662632476023,2.742836311987069,3.203006098255089,1.3968890204237874,2.4140817737775526,3.158047591207496,1.9738607130315642,2.5481433613295725,3.7613572651712865,1.657245363117412,2.5176598521094835,3.4908644336975057,1.865980897788867,2.6060924560214276,3.203946523826534,1.9433771207129626,2.4972932101824634,3.3724543653145385,1.2755742046626448,2.6641919264090403,3.5282835391053275,1.7149888484902853,2.4774915592000526,3.3389390047628207,1.6445629359754355,2.63336895680291,3.678952976449338,1.6653452617438103,2.7208087489770163,3.4778872293151064,1.6243660372814517,2.5857148034833255,3.119371802821719,1.7349077463618872,2.272407221005253,3.212236451204546,1.3971962889925063,2.51847894851913,3.9506974366465464,1.6824385008377847,2.665845368297963,4.158647891247469,1.7606083772180143,2.412261831974156,3.3242807912339654,1.7000987312334508,2.4360789638530336,3.343735640052239,1.8477880863889233,2.734708130538998,3.038870105026374,1.577274572314967,2.466479210355589,3.6677449049262707,1.8714613382758485,3.036354228169299,3.3696114770408547,1.6376406928486955,2.6559426028147883,3.3089793186926393,1.6788557207764223,2.4752931404189615,2.76593690186683,1.718484984522732,2.5171750273254974,3.855944694071932,1.7008235611304532,2.3241454539034487,3.4277323155657333,1.3863375735295058,2.332034789664064,3.677941671082839,1.6628989340069504,2.7160514831096516,2.9492701697541466,1.663630790401437,2.4644077502901984,3.7676376031316976,1.8009144152249934,2.6656053870158933,3.9315948106635483,1.6447869336070151,2.7903145503541293,3.207622277753674,1.5378683375351458,2.6854943828697007,3.0786725932455354,1.7859148442628436,2.5682363748698385,3.8001187640233645,1.6910834052567665
sub-0-047,0,2.5600888103331947,3.6425941980189736,1.6006025674910331,2.42288286465176,3.6328402431561573,1.6956068286304042,2.476683494885229,3.4768204520846533,1.9391839261757493,2.470256686786819,3.3678345082810357,1.4438833663006256,2.542376471131719,3.6839273831473096,1.82542971735213,2.569479168293496,3.7676334004626475,1.8096845602820362,2.750331041344607,3.7756047435337172,1.9354967294160876,2.519455230018075,3.1284237481387778,1.799557811552813,2.6904995740780997,3.939598710146719,1.892193553425456,2.9001850420556217,3.6735591144914292,1.7343215887907941,2.3007030381613656,3.5862670296639427,1.6171244964693023,2.5880718024178444,3.5152636921667035,1.7707600383275202,2.532480472283068,3.7618056534051236,1.2915268530687412,2.584198843528412,3.8366971381627173,1.9805072762684321,2.681753040909311,3.971767246323111,1.7253403993638112,2.5505152636668713,3.6482363801037705,1.6995208575663403,2.409175655756875,3.355732731643068,1.5331770640885765,2.645107877075744,3.5031897075001335,1.6459570824862853,2.4479969237692876,3.6414157769358955,1.8170672270915105,2.346507480629067,3.139448292462827,1.8431764933431523,2.3024760170720526,3.6532963134702956,1.942536379813102,2.841462264610764,3.706604325376986,1.8063214272983181,2.955343341035362,2.8463692143897443,1.6303496485879048,2.702728532833788,3.405559637804252,1.8859667462910552,2.542916269144165,3.5368882808945274,1.6587988003631093,2.455948027414549,3.3468092103186575,1.7406749445255163,2.410578306151884,3.7668973673775605,1.7979838886904234,2.747894959374571,3.1839011803219606,1.4450785179820334,2.5492465639862822,4.311664171796666,1.8899313167141856,2.4501996644687916,3.6188633976407756,1.8091380361165526,2.303690116668085,3.883495243329689,1.6748863809768588,2.533677447970585,3.5066597046414794,1.8716810208961843,2.4140672115237463,3.0220483986603535,1.7484432939350065,2.182141544488837,3.4156909933620487,1.8780311434788226,2.6542369026315726,3.7918596984030772,1.7930527047804243,2.9838602079810133,3.3352929042560917,1.7597197515512484,2.4711383151817228,3.7679043555761638,1.6907637685924255,2.859392078299928,3.3513715324874465,1.9110689788575477,2.6567651154979144,3.4909109006556456,1.7813663506789885,2.5970275897552546,3.599667310470507,1.6689693390358413,2.4237140686401015,3.4061800864104916,1.4475282533077665,2.7015506998558725,3.154154087790866,1.667352941714645,2.6666481074665858,3.735031080787975,1.4338022094744143,2.533467346459486,3.6287285158456704,1.707802416389349,2.791933492381238,3.2698940680239112,1.3926438304714703,2.6958586830183338,3.3496158865068235,1.4362189103621001,2.5214677696980345,3.8445562332608763,1.5105121073280952,2.970479271710508,3.2653931535297347,1.7130516281188624,2.3305561647874304,3.511650897634884,1.6799378267361984,2.281891097580404,4.291231551306255,1.6256994246471959,2.460996739684915,3.771330046219023,1.9721382325022703,2.7527586362407743,3.163669565552556,1.7320863514241993,2.211352953170701,3.75247742277026,1.4547217792204306,2.4054237617503373,3.499103578871233,1.7667509841711517,2.5030317677888423,3.9253434294852068,1.8084859373288418,2.666050455731557,3.155767747444294,1.9549051846318104,2.405448274029868,3.9865118812363862,2.0033292585388356,2.642278175825479,3.788963667350238,1.2375620355414696,2.514899565211732,3.808606379177471,1.8386765402471126,2.3304497991420217,3.4177578288369954,1.319545174219828,2.6243387112310956,2.972668047656489,1.8695716764181358,2.7628904749291334,3.3671772919661804,1.7781913895681132,2.5109222296691085,3.5677343506041623,1.5279110865135275,2.6620486721831833,3.0404681355371634,1.4255104756505927,2.5280529029999412,3.440851881708842,1.7408452595827626,2.4330886517574606,4.027993666419965,1.7240907484069163,2.5919187201329206,3.5552254856739727,1.8504364803422115,2.6536831346072036,3.623765011918318,1.8103976157298385
sub-0-048,0,2.221569365331505,2.999682657835982,1.6885911882047835,2.5144187011172576,3.6623467563334984,1.7030025353275258,2.654735688201758,3.15123332452284,1.6983883144386958,2.308609787167599,3.6083202216239925,1.4182572436455019,2.6126958177373583,3.0886801733488083,1.6424708310167306,2.7110869844608647,3.563666396807557,1.4531509664413549,2.4289691079550755,3.0796140128664953,1.445786225059221,2.5711793717041154,3.656883536196829,1.7660908881073534,2.658472826678355,3.496664961751971,1.6589914671875048,2.3568475211287834,3.37677769190986,1.5017977422010744,2.3978702051171545,3.524899523722652,1.6823290868688616,3.1016510468210594,3.123177232698598,1.6812351918752326,2.2937282199833295,3.3914199547284136,1.6479360226827222,2.7020784047219646,3.374093369018982,1.6713020599915762,2.472542766755,3.1077055116639816,1.602184644231034,2.481251391284913,3.520671247353788,1.7838420930837238,2.5077726282520145,3.429390646085223,1.441878026226942,2.647152213106143,3.3051485915979884,1.8120684857344662,2.786959190613755,3.4473837925259585,1.546503307885116,2.546994249644466,3.5976365594452187,1.6526719998129917,2.4484730863117217,3.6577890189952758,1.7746367412041293,2.4876678647411112,3.036861473727007,1.7684567278069179,2.411881105180552,3.5600155011036865,1.7226735847518555,2.2099894631323203,3.5227028716352407,1.7771798788061683,2.6646874347558875,3.5328624103069677,1.4034220934075614,2.7798745911935945,3.6150863469119225,1.5195021005944285,2.408202652771511,3.564742778602466,1.8019676289947384,2.4621666858574134,3.731147114066141,1.4310849756349733,2.362357378003118,2.921978077244217,1.565389228569546,2.821453893217937,4.076184625683913,1.7351885702345664,2.43508274269166,3.437940827761736,1.7710009836249534,2.268663446704965,3.3397002307252626,1.9152339611675373,2.3617721875208946,3.290273028206768,1.701979048397216,2.6009656067108473,3.324998867064148,1.7115446574877933,2.659429116073099,4.049206510653821,1.6810633430847828,2.5425664832386987,3.927686656874263,1.6176251212552857,2.3116164541028072,3.5700697131845094,1.8614262537631872,2.614988484335943,3.4728356158867713,1.4827409940297742,2.5394935358516926,3.845283379368574,1.5148824377691168,2.5059455087154108,3.391504274995659,1.5953443144043382,2.594626140813421,3.624125467551682,1.7649240357190155,2.3741742425492776,3.039124565586569,1.7393582654796091,2.4589345725331224,4.0147274663123,1.982676454402242,2.908324162991287,3.23676894771028,1.785405363011314,2.706771453105267,3.7123391853924326,1.646840308370921,2.7802496825337584,3.5001329961826264,1.7192159187403158,2.273189978680114,3.680534191480437,1.6609382429641384,2.6336601951780945,3.565831835945293,1.7271404864995656,2.5417715569559967,3.720247925704927,1.6701661194672401,2.2880644644984627,3.6593075697847013,1.5786491712632542,2.3116328683172145,3.2137718664400725,1.7424998569035381,2.532626615442927,2.902848751691603,1.6424516085420995,2.7604616204954575,3.3736372121386538,1.675178516985861,2.737738458718887,3.72273699229727,1.8532626631477567,2.0509403501903334,3.985386450763791,1.7954600653141892,2.9930657545243466,3.2809487113832003,1.4354824091526635,2.551299322210532,3.422895747667995,1.798049597542223,2.743487102025544,3.475557639433741,1.663893793128091,2.6440895675129026,3.4282279736061008,1.6490026848654817,2.7366842889615515,3.852737799933,1.862594936579464,2.5197186517094052,2.9008590834291086,1.6777690870410726,2.413563597718131,3.4636769946770354,1.5993363660923587,2.5462668260161916,3.2090028238151618,1.5078923844922432,2.77008446686276,3.228495868257057,1.700049743788453,2.72181267238851,3.7560051553442806,1.8192272307373027,2.604515972610276,3.702720926390318,1.905963219890923,2.626504066919167,2.9855833428920286,1.6207200190774855,2.6753466129099754,3.3244131385613667,1.9430159209187965
sub-0-049,0,2.538627630930042,3.523869655980642,1.8687116298352602,2.517087018484327,3.549357570003892,1.8348685225998669,2.284991289149936,3.420116514531486,1.824372994306868,2.5618080267016667,3.9108534673816946,1.4636114962719622,2.2457996817696957,3.715512224654361,1.8298710822399162,2.51521499877027,3.612110432012803,1.8117810466447108,2.4035046229466857,3.3020824549861962,1.7284589268797954,2.7127360127808693,3.173532060619764,1.670307855209747,2.506037406293201,3.617028549411974,1.6986952444986747,2.451740954915485,3.8495984186120737,1.6191113777568769,2.497422654656138,3.0543806619425053,1.5929561184731156,2.642893693741029,3.589768547779361,1.7899275485098642,2.6491768114702205,4.084559930162643,1.5878211758829635,2.258503726181738,3.2058451610999734,1.5944522246252613,2.374621151408956,3.5262250373405593,1.8878982358335532,2.8271386331345845,3.6412063805170494,2.0211908323181023,2.4858528498180443,3.0428946682393203,1.8579767101832254,2.219053009485169,3.288599153644055,1.7780168348634193,2.531571333591219,3.4465332263959785,1.522881495076999,2.548055569901999,3.7810254968465817,1.7029951874804028,2.400559341664609,3.1506892310327475,1.5785608125566633,2.6206200754345845,3.596208633460719,1.5799239349106498,2.1520633040432293,3.617603573828206,1.5653438901537122,2.674031246222751,3.28828930020423,1.5518149319495287,2.577570943306725,4.160155784407383,1.812354498667486,2.574519473857053,3.600478430186671,1.4373326207771604,2.3479787332645397,2.796939917786801,1.9594810841864934,2.8249294852480347,3.6099891873401746,1.7202672654626308,2.2707137995504354,3.4385960111298064,1.9688587817605838,2.5736548796752285,3.341898989460669,1.436289400999458,2.7984550309915446,3.480376535712256,1.4364899219955756,2.3836321772271223,3.1422893551397233,1.6802384711432041,2.5873210145303074,3.3590992220020133,1.8165569894730322,2.564184403285039,3.7974474678761965,1.6464208882878921,3.098158606562006,3.3419431574272918,1.564500501236619,2.3652659009827635,3.4409365965647947,1.4420695863701325,2.6030213118890058,2.966514944521854,1.7242506386085845,2.3067746860626563,3.393237845933574,1.790681059869854,2.9647267830977433,3.198159854181276,1.6774523825860412,2.419723438540402,3.2564363096829774,1.5927540005045684,2.6983319656146487,3.363344358015494,2.0373969047406284,2.624876266061052,3.217197014871259,1.6449942226782384,2.405667541792802,3.72401922282508,1.454183051515212,2.308628751521554,3.33436708675024,1.8024420189707488,2.771950849468099,3.8865518134163963,1.7794702279921295,2.5350798834555563,3.722495227447918,1.5283249073852434,2.217961700037079,3.622258521752217,1.5491482374276724,2.5382447882102133,3.533495564444388,1.7372179338767444,2.7188024769345094,3.732981052721685,1.7292500100751536,2.470437249515507,3.5301733848293697,1.6105684374987617,2.514642794038889,4.233088558602516,1.727328455132531,2.6310441030667584,3.3024654182714985,1.85301101246448,2.6868490360794164,3.7148587153034236,1.7322336870130195,2.7361542172380187,3.8560718550577255,1.7424648379023941,2.5293697753799416,3.750479877232133,1.5643812040160383,2.420767149489241,3.4850759039922274,1.4387964397342783,2.6989671492414162,3.2303841115095695,1.6292763467747364,2.511609672777641,3.511000310039754,1.6484520085365437,2.537873211498537,3.483304262930684,1.632945356355931,2.410824997625022,3.8028126988195687,1.3843391446599944,2.512971271378293,3.3687081478724195,1.762818723008973,2.2882272966265784,3.360060104451791,1.6846460399015366,2.7426132498666824,3.5930117907027186,1.5224767683696707,2.462254190630281,3.7480943787449936,1.5198837701115397,2.535844031692973,3.497446273292643,1.6421325410118852,3.0352353209038045,3.384435191354686,1.7674647739051697,2.4120657983605285,3.647769437759833,1.8306181395277903,2.4441664733857023,3.484683491738811,1.565708034516369
sub-0-050,0,2.3440073138310193,3.790302721100058,1.6168998581174527,2.1155497808685473,3.9942997238182145,1.579685701540609,2.5056528521253543,3.9594538215384083,1.678738685871854,2.5205994116036643,3.1561115475258505,1.454774945055865,2.520050472372697,3.6015867367409706,1.7458288112316158,2.463373005515541,3.505672183817144,1.424418500700805,2.632830063725186,3.545193636535613,1.9960491341274285,2.5513463363572284,3.2360525813990977,1.6923915298866772,2.4909960359971492,3.6217182032557114,1.704033809258778,2.323209593810524,3.0419918793056744,1.7394362303949524,2.7989606173924626,3.522217407534481,1.821994603088031,2.7323056477566476,3.5747017168225073,1.5778262768207887,2.5851554553082012,3.837980408528135,1.779483582439987,2.684684161709158,3.370487052326289,1.6696469360381776,2.5286290840379335,3.4856253592896973,1.8751937474018538,2.1275087288991297,3.5085507252829147,1.6880755436457717,2.303129794540053,3.68809482064449,1.5913249712082613,2.485734123116431,4.017658934171132,1.8514960474308584,2.653407649046121,3.6066175417004334,1.6752979966331984,2.909887907766618,3.724606936803267,1.587567512905212,2.297981589920822,3.6587146405569952,1.6916196305182332,2.2927911299496895,3.620004126399243,1.6596459259532719,2.6455196865949446,3.623687260082654,1.608760396768424,2.663912057596357,3.3605865768622283,1.6350677190228542,2.4541911468081516,3.8166728397857557,1.657914141791846,2.797039772501565,3.9993757636523206,1.5891921294718325,2.024220843354552,3.7924626721159562,1.6487042153959788,2.3940864456362414,3.335158930277169,1.6377779267950956,2.783494756324873,3.544775147008904,1.8925397945162203,2.638959621470129,3.4134153972938646,1.6414464195186114,2.651089575134928,3.7297191762131585,1.8495189028551304,2.502923067952366,3.549057639793252,1.787606061388299,2.4808862953313646,3.182216790535225,1.5790593399946815,2.5066136203413625,3.685417998981684,1.8888466243358153,2.305911502427768,3.332743396099605,1.6463206254405123,2.6930490658151958,3.3521290500912198,1.6355401497578792,2.2958413361129595,3.6353540484725126,1.6757901388105167,2.4322718937036725,3.427336297145013,1.8690493252896894,2.369120356502428,3.264335303290993,1.887837867119843,2.563639469043394,3.687531147079337,1.7602627865008529,2.543639780587089,3.402476246638404,1.8247337033725728,2.759220582206008,3.803572737164507,1.5221792549528474,2.784883983211979,3.3997781288246594,1.5867455693682748,2.5195210145816747,3.732715961869645,1.7810696276042093,2.5040304458662317,3.734546442725833,1.7209790871139152,2.4468651362029123,3.3017501207716218,1.761535226663243,2.5351468075531916,3.114858557044182,1.8270742239604254,2.4635504948476044,3.9457935014368624,1.4895515022267933,2.517472452649798,3.304006248357016,1.5536866219433991,2.462377670983492,3.995758930530355,1.7215055255119256,2.407492553016463,2.9879840451055264,1.441795618047847,2.4534366340586273,3.3225673644411753,1.666392394064827,2.1410069159215466,3.4743291533869707,1.8541594662720662,2.842111424525555,2.969555078583201,1.5797910861141267,2.3962379050245834,3.540801999707182,1.517034129818532,2.852807384770802,3.5121862920720073,1.6815280566051183,2.8366884720809,3.4955066652566624,1.7600455109748032,2.414856310807431,3.1162594217847728,1.6084457552743654,2.943655651010068,3.6772458655203475,1.7411802255666575,2.374252789766664,3.755150224275477,1.4963460088529312,2.2679298390571714,3.343511605593139,1.993173636794217,2.89162096183067,3.3736536600898477,1.5988701472703024,2.2547348326992394,3.5218486031456235,1.7243019127982178,2.692120125755444,3.754998103731046,1.6703867123503051,2.650085017456725,3.30382111700297,1.7805563800041029,2.458698225926779,3.6286483844707424,1.7567751987928046,2.5623846526251115,3.7224711210846193,1.4644401392958972,2.3583150807202307,3.4243832914051504,1.4835104918490014
sub-0-051,0,2.476764387380153,3.3951035173782858,1.896452568000004,2.575656066412463,3.788240281297886,1.7452512078214577,2.453579891178228,3.5374407061690234,1.8094139500898259,2.7648122387596645,3.462953182378359,1.4528734034220583,2.2407955936640573,3.4086044691672717,1.349314774827804,2.873118803832629,3.6671413047919255,1.6046499485754133,2.3502634330784167,3.787873346873311,1.5329544266523492,2.3667191825518104,3.285535136792526,1.7171131121861487,2.6617435390465314,3.8339482253563855,1.8567456948420051,2.5501392676622534,3.7857461526517735,1.599350057903546,2.222244117396846,3.3120832999210577,1.5790609228585568,2.436242327076148,3.231375075812271,1.630833563363043,2.661603098536844,3.9802719887455202,1.4411980288611466,2.318207767157866,3.278395047556113,1.8148612816154888,2.5131094602648507,3.2972494175309857,1.8075099511558133,2.722150247941554,3.4947472113613833,1.5775671160069185,2.5986503221023707,3.434684901633281,1.663848013432181,2.4577679606516694,3.758995309250185,1.7374820339490191,2.7364261587401333,3.874171320733875,1.768847115329996,2.4588341193206724,3.7912913450215395,1.769849705341753,3.018606199825375,3.5868288087785123,1.8046532058521125,2.6022763004332856,3.472252394276927,1.661181267561865,2.6029638920385416,3.6459292105078793,1.8731581849466636,2.6055931004946773,3.3703910308809357,1.6509719005101524,2.3118713502774275,3.9651398762002468,1.6188239579718726,2.724139282824823,3.5774342400839094,1.745559774625911,2.528859382450979,3.2794163111845314,1.5547196899262037,2.8611237699848884,3.531909102074429,1.8687901619281475,2.799283248776145,3.38496285957222,1.7635258648891765,2.5581019395884423,3.175980135155271,1.6721780036143616,2.655751186243061,3.3602718085969596,1.6512735206942208,2.5187939660305836,4.091228212766829,1.424892659434334,2.6402957938249063,3.429065058369394,1.6039017637246349,2.499982372711872,3.6868653482733587,1.808678539103084,2.5834830820382555,3.805967568607856,1.8903249492650864,2.6969476695511103,3.3470661136787787,1.7741662323819314,2.6398561186449423,3.2716231985789657,1.4645841658918612,2.1859003881525796,3.5195595372314026,1.7447059572300376,2.337279316022565,3.7928890531143815,1.7228327223944617,2.7929014706847632,3.6037500435954053,1.5400499642181273,2.6324906183922265,3.6876309945641883,1.6178564621169491,2.2904232604842223,3.5280828980058496,1.5498733047025723,2.7517597793510036,3.385990529480554,1.9586901659739948,2.1676514398466096,3.5377427691606416,1.914408896015198,2.3897452231402863,3.45542373802443,1.6395446428453933,2.426921824412589,3.568494339511999,1.5056867598501344,2.530025619360559,3.6444783865516808,1.6677359432920036,2.36996324400256,3.7884519116084205,1.8095385442425274,2.3625863091653265,3.1376498817936884,1.5572113376009262,2.6481491697876987,3.577160411709513,1.818512406866857,2.491292960750889,3.24107441349997,1.8378269732621748,2.45037926757879,3.552233455639114,1.4675112741326939,2.447434123621896,3.782630969863624,1.5925588149995213,2.69661068786127,2.847314485067306,1.6160912510535221,2.519156163741936,3.9879112849358735,1.524640567997832,2.670778793180476,3.795940898749662,1.5917765529133587,2.4827656892209156,3.539656056667333,1.4777772549211206,2.4680814218649556,3.8573113714649967,1.778398221629663,2.521784767893016,3.531660261314215,1.7871358048294657,2.6890338266238203,3.344204038733851,1.9302081414919503,2.7869426762168388,3.6896321364988998,1.5735560201231162,2.366359696781293,3.408550936952954,1.7091147646466616,2.2316714641993705,3.6385140773926716,1.8931193395772707,2.6537653451695578,3.310705215214814,1.5808394903899263,2.603973421951334,3.45707495970531,1.7664561761383861,2.658309847069014,3.8057293480905052,1.5301814856605718,2.589891410612876,3.3982269988908294,1.6852047434096957,2.7055935934803736,3.7724752444543483,1.909766547557548
sub-0-052,0,2.626606245066288,3.4691952985883776,1.6620682295824425,2.2377440995689595,3.8751258125716093,1.6517152379321494,2.6410614708005236,3.690119027207881,1.513202673642479,2.3837976493572657,3.9331655739755385,1.7435653273525316,2.445494580426267,3.464622836884288,1.8629355357249258,2.7181766063521744,3.0894971065729,1.9451425765507837,2.723906645579762,3.4573069301843558,1.5212416335369918,2.7397215552109664,3.6333997000824936,1.481330243288335,2.508225946435492,4.375328423981896,1.7024752636121632,2.4164452930195814,3.217620944914141,1.9658148475144128,2.7025967081239837,3.8940829518968236,1.7372277926138235,2.775723462359901,3.262470290926585,1.7243886471372587,2.6016696326950925,3.8870851409250617,1.7478264560210683,2.437407886487481,3.5179406748977047,1.4485380196309638,2.132225628011352,3.7327755836303202,1.6437884170540484,2.5029448861835517,3.732665070222652,1.9095515577566897,2.646207831868965,4.039860392460987,1.7754033701085916,2.604398423444399,3.5673088703012876,1.5071756656799575,2.7220797490152218,2.8152695143957196,1.6120620714086331,2.55412746310217,3.2788665494442584,1.6322366115390767,2.881087601920901,3.80912668801887,1.5971258478789891,2.465478028024972,3.1424388944054837,1.8057490679009205,2.5050463589261143,2.949389388149527,1.7151175387715087,2.6290161990483285,3.769679472489015,1.6889967808134838,2.482919190698451,4.056154110537068,1.7009879234149328,2.679521129687628,3.3489288998546476,1.803486447745375,2.287986781367262,3.3706210871987827,1.5187588640860918,2.441104802063496,3.8501316112647,1.6081511166044453,2.679286102585335,3.9248342509759713,1.695863402959502,2.7288780789101303,3.648704068278829,1.7174655395875298,2.685056806077047,4.015182665197719,1.604409663123717,2.3773438379683065,3.2149839272165037,1.8491641954604832,2.7532861721631035,3.349629658666498,1.379597967584098,2.428543786813844,3.653399169785959,1.6899915291525751,2.582462594415966,3.3534635628828324,1.8521133687064646,2.6117745243158343,3.6642097722618647,1.723859852454002,2.6443862694499516,3.628400072690669,1.5607888057796326,2.617151357167523,3.7216222881450256,1.8732712199292265,2.6248992866910683,3.22972985475517,1.5783024005638995,2.471673345374472,3.553049894278227,1.681664584803861,2.347728228186435,3.1836783903917856,1.3852217337639974,1.988494513703758,3.463101089572621,2.0480345562714284,2.8734203142824564,3.226095204605568,1.7224854946085915,2.28637568819097,3.132609331359726,1.520379110355443,2.50941023680047,3.4489113091406467,1.7379052956210288,2.6693789501467706,3.4056733414493556,1.705430295599394,2.3531137487957623,3.123540833207989,1.4751541480927535,2.666864604203081,3.405385802535292,1.4193319605763395,2.53864398851695,3.150330027099897,1.9490568228459457,2.445812090114371,3.690821676029354,1.863344454107748,2.3781128785397323,3.5212931929153184,1.783020185208222,2.570798311033819,3.601108212606749,1.500555590966127,2.649726519548614,3.3638740256316413,1.752417683492621,2.7155979921992635,3.6872663821051166,1.752307958823421,2.665583093313213,3.69275509508886,1.9243251742075889,2.543870874096701,3.545907958163869,1.8398100213464166,2.4617302302425674,3.126125107650164,1.7739845261874156,2.5129157367691297,3.161892324714377,1.7750812894069756,2.8076039427052644,3.043672087039056,1.853348749282472,2.093327847165777,3.387919743549176,1.976077386836387,2.4909016712676837,3.525182750829878,1.8144299301160332,2.2410347674690825,3.5201865442351314,1.709631960794196,2.885217775184773,3.1539925673206093,1.6427691025324818,2.382895957651749,3.2103646949664135,1.8691104090596866,2.554797270360147,3.344441185000574,1.6223231148286197,2.4486191261498287,3.3673351103258455,1.5103331983566104,2.5034286823382637,3.3994221263373996,1.5863304940394987,2.5779083261348954,3.5671690544330845,1.6165029178562438
sub-0-053,0,2.524055852862074,4.10441464353224,2.0180649887903206,2.360263765776647,3.2439546813552034,1.5410895084512004,2.740269709195003,3.3884117961188056,1.7359511365394449,2.909454119990559,3.4970698575930705,1.805937308263598,2.6436757348740705,3.3352991415251343,1.8588742597612788,2.3970538543619666,3.8751663402043692,1.611882355218632,2.463965810303503,3.1952234093844982,1.5613610883775029,2.4731824219808636,2.8192224037850284,1.6650001488236605,2.4585646372965266,3.721203107611313,1.763447110753524,2.4226252624021263,3.371605787360746,1.6648072942218652,2.8174721798056526,3.269754689472196,1.5920359002574018,2.346854852708913,3.0850289457578683,1.7460505435438243,2.5865225995931778,3.8591733187938986,1.8562113511590395,2.981481008615725,3.479315625088493,1.660920565430569,2.315959257875995,3.695041886893371,1.7177801362169507,2.667227934901923,3.181045218613248,1.752740628354005,2.5869359312317095,3.5389298111702323,1.5975101137714214,2.7640784367396116,4.074086122113843,1.5334483960553578,2.6796799163267324,2.694201957624691,1.8002914924223687,2.213372169022484,3.3530091425882076,1.5030463007368624,2.5111899309091084,3.734862235542992,1.4214030104409465,2.485293655887185,3.356256744731504,1.9371573025807811,2.627716981413051,3.1703792082834417,1.62930584314544,2.8300987629093957,3.7000222886967267,1.5622649806391866,2.5019273030910436,3.4341694384457186,1.6193027109266291,2.2421618118620956,3.3102659196908086,1.9083798958798062,2.4813939923289885,3.471088983470943,1.721078847028036,2.9492654510481824,3.5024849359967494,1.8640918030375266,2.4423275690307844,3.4273682070593026,1.7018829084665428,2.4106560704671107,3.442959021431172,1.8332076403719904,2.405934379003461,3.5000249286698186,1.8063100327483899,2.401596111213706,3.806715861932188,1.7109325219566984,2.5202779385989276,2.9377186143759397,1.643958133697979,2.6168866349061544,3.988696605264691,1.785183373116742,2.7527189217201027,3.161450719385857,1.6809766256520569,2.7697343596191955,3.2514346058880217,1.8447833943459653,2.68199721562806,3.5769226215659495,1.6506946062296037,2.3724668721769615,3.997106202348928,1.7947793776586045,2.6113109024415806,3.3844020705033695,1.7056807444384967,2.5796491085946056,3.6119651917254005,1.8101510432707901,2.4091551253460834,3.089352849663639,1.7126421276910246,2.2355008792815427,3.4093749214017812,1.6236215254832356,2.6385146745963004,4.055127169936166,1.4083114064144657,2.959353305457312,3.4347389554466727,1.752171302325887,2.2953302116277308,3.77912403966337,1.7062208804527585,2.538935865986108,2.957532167827173,1.7110695220771142,2.702249098286983,3.433841982064707,1.8761299018466224,2.753921130940445,3.3204932928325626,1.939267078819609,2.5581530935785146,3.5139286702205927,1.7148471833904095,2.5624768351694023,2.7635626601356176,1.672174040271542,2.304489635100758,3.9553739966203896,1.93791244875818,2.7033488998420054,3.4332291175451113,1.548797759509445,2.431635419770391,4.04393973379929,1.5961703920220058,2.1259928362105085,3.7884463423759103,1.925075467042684,2.848658823689974,3.790737441189812,1.8802279515852172,2.5595281333296374,2.9186372254223345,1.704182156225002,2.661883099035495,3.46212438416145,1.6728745821890576,2.376458752976702,3.2195131518838327,1.9757222772149103,2.887382346578425,3.499258803251091,1.742228540763939,2.3734455497333364,3.679920957983047,1.96394737574213,2.274738459609955,3.6298873239166705,1.780853336396756,2.6449691726800664,3.9599889469975715,2.0054027318256726,2.5079729379829208,3.68848862820378,1.712635055858909,2.4362192472708544,3.575827963926684,1.8007249292750371,2.5890471633750574,3.253269261343887,1.6304659040216483,2.4679366643685614,3.2641156926194026,1.7470309372408503,2.6252601773327537,3.774264928248415,1.5713566477759053,2.446053836478817,3.9352794465407466,1.6753256203890619
sub-0-054,0,2.555423585265294,3.450970958009218,1.8699546228082464,2.7609255625287052,3.8116982681648777,1.7039851417036322,2.3929615240519797,4.039059661772591,1.8284463465433276,2.4678013833493697,3.8986692771444353,1.6196586627111358,2.803926612573958,3.9139196850276576,1.5617775842478416,2.6547164945437727,3.719013397109172,2.0922363799379498,2.4163857988259054,3.9011121175582724,1.702601902705033,2.3265544469554973,3.4664035924463996,1.700369714164956,2.3593997652392478,3.5874086132784284,1.8436713883247873,2.592876117731162,3.3482836549736343,1.677729189738955,2.5491821957771785,3.5608500556946936,1.8664746143360047,2.5989491556094957,3.107244943983681,1.6156518392016963,2.5798837891613946,3.814754855787152,1.8946769662304828,2.8694433614857418,3.5365720313222053,1.814496376325374,2.2881969238074653,3.6203668404852154,1.5387103847808707,2.5387429447641447,4.3483547488842,1.7455331354285644,2.394513620547541,3.6141809216682135,1.6224387220115968,2.3770660596316406,4.08887906934934,1.860021803940013,2.612196592499234,3.3902894787306885,1.65338157755417,2.827646736031947,3.585841710546079,1.2375792285576779,2.9857689328185906,3.55125745995224,1.7515053508602225,2.745605066418263,3.630312791647244,1.8120362926575215,2.4737297758743133,3.1556573092894116,1.7420349172209795,2.807690637409426,3.318615283652727,1.5907964007770334,2.7697834668683887,3.3719713425604945,1.6384160129248397,2.482834030869676,3.4818053253226657,1.463954285614694,2.452918779742507,3.564503045359122,1.7334856904262244,2.7584387494643257,4.0150298222145455,1.9268725169996603,2.714637429133308,3.458354314585182,1.606539639506468,2.5532181178515123,3.6639620555364116,1.82329066973685,2.662155432032853,3.466070868014705,1.818029335976339,2.7769570509150303,3.7464449075389115,1.6951980417254902,2.399907235348919,3.2598811197713298,1.5978173564611726,2.5962735357614872,3.6455450509955774,1.4878201523083954,2.4592808804945605,3.56811993028551,1.5650480134853595,2.6281027475507286,3.4139200785433617,1.5914869592496115,2.5595769778408015,3.6098384922821483,1.5727206628595107,2.5063297716334714,3.63094994564599,1.5856864725024848,2.2516037687236974,3.0697593232068687,1.6372923703914546,2.3126847102650747,3.402637869350651,1.9497414276759018,2.301852290216037,3.4208706415862435,2.0198456831407077,2.6234634149356277,3.397037479506832,1.676467604822114,2.6272852515107896,3.974816140575683,1.6203719588784136,2.413630149080109,3.113933554821536,1.7154644048764705,2.2969762734327754,3.3701408650498976,1.5636974838334472,2.743342231842139,3.3576490115372946,1.7595395492008423,2.2612634396960587,3.5368219472467968,1.5195259541208876,2.4733832700126253,4.119136720791743,1.8398261565861325,2.5268857350903646,4.395703734739295,1.5627237964440024,2.759738948773565,3.070851152082808,1.6634115863528078,2.307397844967499,3.5720372562254448,1.7083955380368134,2.494620336146955,3.805775967035366,1.6149351540495813,2.608833314605318,3.729755383275975,1.4775168186655725,2.415285418498611,3.5150810708484337,1.7945230129142478,2.8058227978658756,3.4395536563561824,1.6525293436025172,2.39293271456154,3.5923955458095693,1.6554323639452861,2.5006741926913705,3.4737112183512178,1.7827442093135508,2.4485285004277326,3.2837957351055067,1.7647586279201155,2.0053695176611344,3.330970111374728,1.5273035750888955,2.766586480143022,3.3765388264879888,1.6158925827099153,2.5412479526544107,3.3332957200298243,1.6396027762769698,2.5674798738761693,3.3818286783382447,1.6356173821591944,2.368171618731964,3.1769405526542513,1.7090955346385421,2.605188091761448,3.100116139740494,1.8139912123071271,2.6875285751684546,3.7729129587180146,1.7449833627110896,2.664674778052019,4.11180723648193,1.654771759868406,2.3617755298398797,3.070463232697991,1.9633510895348474,2.868381706565758,3.2411120722584155,1.5909018780982165
sub-0-055,0,2.491681613244389,3.8427919242008755,1.5069046702279534,2.1960084855200024,4.106904053437405,1.7468559930380112,2.6317943950653406,3.4425703185440018,1.7698677385577035,2.2774429409986223,3.264542241279136,1.7157736826783907,2.1412396392779565,3.415295068132016,1.645375344449839,2.495515758248935,3.3456970938101254,1.5506162111188253,2.2220342669512343,3.5405291732068753,1.6549814019805635,2.3024493216176376,3.5175093555934556,1.655757470739094,2.467015688700819,2.8960694316939137,1.8024151268461839,2.3280508127803565,3.5177156713555475,1.578759733485096,2.4800292268413626,3.822641897689975,1.779742730120506,2.7534071903321045,3.5925079384940406,1.759421537651117,2.229394979959288,3.4110930017173646,1.6662636602227088,2.7702596676633555,3.35825578818606,1.7397289263584184,2.5906363217552553,3.8241490448786037,1.6799383876540799,2.699001650764766,3.022637762441493,1.4578970850584088,2.138998017967585,3.720075793037333,1.8010500406683103,2.7114289633018704,3.310338686002266,1.6154678513698,2.528211424320784,3.9042358048253436,1.9540742191433076,2.692885528171445,3.59268552294498,1.9003074046550188,2.5039483577130794,3.3905363714649575,1.6806466819079282,2.373831413504476,3.4509973779759484,1.532388793432409,2.734501407401924,3.652232469489245,1.9144343596321738,2.2567290954754458,4.03247514513818,1.4641286879309838,2.334304546485023,3.326169966878335,1.8961581037954796,2.590603229501143,3.43172780985396,1.5811058848032258,2.302331672881074,3.817135650634043,1.8197958891572958,2.793441067876623,3.611109075554715,1.3036846312166697,2.3259750721173384,3.6301639656370783,1.644542446214597,2.449408445952937,3.1910965058309317,1.842138435112181,2.6321146747345754,3.6403335424142744,1.6049596626822413,2.5817317966019657,3.125425820664985,1.680525802873071,2.0949726758532403,3.0609274810423246,1.6516532233621983,2.9775212663294877,2.995791939441038,1.5134629111190205,2.5890194634047057,3.995438413684089,1.730325874548211,2.676385533414748,3.4054709498105864,1.6234067616590935,2.564793183372196,3.315678970624691,1.8086404008076618,2.2608710581897946,3.7491963691187133,1.7058969518454128,2.5113502436518442,3.0399643231478017,1.5530316992003195,2.765757265163972,3.441592280550658,1.741759769880923,2.3916842376032372,3.4918647018568736,1.4941771927820031,2.5679788057718196,3.603779451235657,1.7480922090777526,2.387354730511771,3.4042257244518597,1.7805791218972447,2.511941232849942,3.419554492944769,1.9855201412938335,2.3788219586040973,3.802517171064915,1.5267979004742604,2.6678605954388543,3.6982827162747127,1.6234452267414432,2.3308541664848206,2.948278702935043,1.6077329736611996,2.644719356631418,3.198264116012118,1.7145422871385592,2.2842426363760477,3.43451130621089,1.5279434143701904,2.5359635096590027,3.359697748509891,1.52144507956436,2.4314027739799906,3.238436078572242,1.5029112949643881,2.744894248552095,3.399151037953741,1.3696661826389502,2.4378094546329563,3.756119279869114,1.5857962050113934,2.819593898064053,3.260134624610755,1.7755112083724682,2.736594945226382,3.6260543122472013,1.4938259038038453,2.3803556561541184,3.827619877308243,1.5793082815502033,2.7256217725023966,3.3795202778918156,1.7212155978828727,2.3005006901362286,3.3296850790805004,1.5687040429340418,2.590607937100471,3.526095322320447,1.7693974844368452,2.461705949443319,3.239535580037518,1.727409362831646,2.3646739974587336,3.8019583073983245,1.682821642011633,2.4912956802531077,3.629409174370059,1.6885453250852425,2.2515506909696645,3.2027996281709585,1.858656305579692,2.5650991826120246,3.0291610153382362,1.752816810007275,2.449333412423445,3.255140013297541,1.528269091154923,2.7299873048373637,2.949660455838502,1.5743701888340764,2.5716228178640232,3.9419416592929792,1.7830787294525479,2.3977155692040952,3.9282189671499084,1.496731490044254
sub-0-056,0,2.5977605097639276,3.63657970081062,1.5678326625199337,2.6755667493398856,3.3561107638965315,1.8042713641276946,2.2188728113344824,3.593793305264085,1.6381839990959592,2.756946680934208,3.487685395664134,1.8873844300580178,2.641370297705949,3.464297631466516,1.8181503964421442,2.6929305236148817,3.63213480125754,1.3561547938062224,2.3731391116624083,3.8875496370216585,1.5116081216847101,2.708843007011845,3.6978067438983073,1.5911371457626955,2.1908583071189893,3.3407044725745805,2.0117022565449516,2.394610087402316,3.277607943512204,1.5503626384535258,2.7686612057789133,3.43198360074497,1.6061140656576292,2.8044253230951632,3.66225834462195,1.562106463743461,2.3297548960088794,3.8242875901663926,1.7025182245612573,2.2711684764258995,3.0007276076698064,1.5325941927200362,2.3268927741414545,2.9270984481475977,1.5350739520027255,2.3845654989041063,3.3704492392523204,1.9539365067691568,2.5019682110223105,3.45307904543162,1.7763883045698412,2.507282747208019,3.6120428298882783,1.74209223154276,2.5720659418078635,4.274610503637309,1.8366688766066528,2.3552900427527885,3.603662212132966,1.581239479001042,2.6303251375307735,3.1149475232096844,1.5338330827874032,2.6119033612482228,3.779347351807447,1.7753966523129519,2.703741120216339,3.604669196453877,1.7258744148548497,2.459335210633481,3.727640506440703,1.853731884923996,2.53863917556064,3.4672607083019757,1.9387108717583355,2.5463240796330795,3.5211920437024715,1.7726338861629343,2.532394873928252,3.270304709631933,1.7566948363285282,2.543024098195982,4.015829931812859,1.8182672825438564,2.4428131884402595,3.7041368613733052,1.746179875209647,2.785696734350192,3.353152820407869,1.7283014222539286,2.532163143163351,3.516374238456324,1.5672201576494076,2.6536641002243715,3.617029997237859,1.8927835425382693,2.5481953466423795,3.384684937690522,1.8183941566916055,2.4070432113120566,3.8037956698235087,1.8624262996120553,2.7763102022041934,3.605454435710258,1.627025542610335,2.5696537907349652,3.6064192906221777,1.6159787532218186,2.789960932006539,3.662423566919192,1.5661665567016991,2.8889172617638397,3.5272689970476496,1.535884543572502,2.4005542579054904,3.9165794072062967,1.9737477374325232,2.731707309626565,3.869406421604398,1.8824923188197915,2.6502449074975316,3.592131700587059,1.780979479171491,2.6824827797657926,3.2923525581726083,1.8097938093968164,2.812551032513463,3.442215720067871,1.6530128322017303,2.63577833566296,3.3180958858857217,1.502477207505874,2.7565894272189317,3.373733647193439,1.7027672868080312,2.440177492618548,3.85749134817564,1.8279764237426022,2.5066668825923335,3.1696287378664296,1.64796052927127,2.652627485990948,3.552817997142334,1.716364706667798,2.588105776704566,3.712462944819485,1.6937211193902433,2.63100242108271,3.2236626218313726,2.0830776165462987,2.498905322523074,3.557006042207514,1.7849698287179316,2.4760577077679025,3.5021909423898494,1.6993512911985162,2.385473143336792,3.622805039151099,1.4526167242611903,2.8654875196349905,3.72203184779395,1.7958683536480065,2.2374044197620164,3.2780919714779544,1.9084017681207581,3.297223451467128,3.834513890215969,1.8555415115376426,2.6444953610605535,3.2627007852011523,1.8492761124800494,2.3517826793225525,3.161036153760841,1.5089706011842265,2.7256300763702868,3.4839240646202994,1.715128714985657,2.5472272913308767,3.184799368464497,1.5993903640973894,2.438323282874378,3.106523994776899,1.6243684857049472,2.355364837848677,3.661749176082758,1.7991456595950235,2.31714495792482,3.4169431060105597,1.9784089821975055,2.373462678417907,3.6194585889826185,1.7158282901004327,2.746719760411363,3.5827307155800736,1.6353056783114375,2.562017541865119,3.522783584307046,1.6862457226575764,2.3125599380416766,3.84806481012741,1.8599650381796486,2.3620459751634253,3.415796822988549,1.6662371495968675
sub-0-057,0,2.341826615910075,2.9772970450265652,1.5994111022131496,2.485847578754785,3.0964546666580746,1.7265466646128218,2.759314134596941,3.735792520926275,1.6809971520261922,2.2187258946261843,3.7003966553845333,1.7219588253596836,2.6263831996592435,4.042108784084704,1.576278255570402,2.032533132038032,3.205032718213268,1.7729067602401731,2.554846662314647,3.159621883712369,1.4870423925235354,2.4861703771528685,3.1510934924330942,1.7780950127381787,2.4759431600472714,3.3244069923871207,1.586258539561549,2.597362090784507,3.51193058265281,1.730293590479389,2.582423299885046,3.479785249752922,1.5450304124812864,2.4185315771883724,3.389491026561098,2.009779285713248,2.3072094623249737,3.3826865790712706,1.7147400590165733,2.495400104410951,3.8007114716025665,1.65372531042457,2.50778254815289,3.728095983812569,1.9716067494377563,2.8033497073106988,3.4617369124494397,1.6925728682401395,2.5584094640611563,3.541159834369524,1.5728977828478277,2.7185868837939786,3.5578505557623803,1.693271571677703,2.321193832219367,3.5174401383773715,1.416018154516879,2.445303118074198,3.3423326421858244,1.7430492789631429,2.888373004490153,3.6601340903863226,1.9172603108953419,2.6661381911586437,3.8150149771125323,1.9785691029414658,2.4182693701855937,3.276810758443179,1.8003216350715983,2.5493378782687954,3.561699073185949,1.662699966183896,2.442673430935551,3.953814107257007,1.5350208329270127,2.6735506066634778,3.646783920004526,1.4631480053644634,2.400459540601153,3.314446642934037,1.7846876169974886,2.4839336809325006,3.4760348541489745,1.4813528964522908,2.968664109008756,3.5199347732470594,1.7748501345945416,2.4526874120582596,3.3172643484210016,1.9869026982430298,2.2049901107388066,3.5780211791606176,1.518274416333816,2.477099792208539,3.3213335490512743,1.5521033474871129,2.5563795113471386,2.7809518387543015,1.6526767277121954,2.533747804437004,3.1194025670063166,1.9269828082174074,2.4429974925364832,3.4335044121098455,1.6111671254127946,2.5353180983224943,3.8662803461816937,2.0709523705885213,2.6842150566661185,3.804638254752096,1.9574641222215623,2.594796793817962,3.9396702446113236,1.8188601698585605,2.5759177246760827,3.5980954896464112,1.4267874554948263,2.6025814668803067,3.0677506942750368,1.4562096272583338,2.5847181640245402,3.1880579933439845,1.6989329373044932,2.5749182134829756,3.5512538882287976,1.5643817889436846,2.7117628288466156,3.475014133789498,1.7661613520256743,2.3346408694895406,3.4500682840971235,1.864594172490518,2.724631973725566,3.27675804878117,1.6181662714137732,2.3720363885885125,3.316204382886953,1.4901398688940206,2.5251283429664744,3.677278751491196,1.582242070429838,2.533690869120988,3.43826044586322,1.8582678097397327,2.439913469375204,3.3389394898577613,1.5730968307561457,2.345248286385872,3.6481717976051518,1.6797333805504282,2.5598657747681943,3.856899523734711,1.8998121088891806,2.2536778245897353,3.681393708466759,1.7338470388566782,2.4669136201537314,3.5917514323678237,1.4410425147168822,2.8132756216997516,3.644184347180134,1.5702203382751012,2.4446261600724855,3.0231189868467165,1.6529064125245618,2.463108244096695,3.1289690916053474,1.8165053350564666,2.7798234941450053,3.492339062787546,1.6541529675730449,2.6282972283837225,3.494501090501388,1.537673117565322,2.432517962414293,3.4169979181105514,1.7372279891715043,2.551680609217764,3.5589034263963923,1.4712758025074117,2.6697391939352872,3.5009564475223836,2.082906358122523,2.4802258133682455,3.5905683786306244,2.124382874331275,2.584936493310572,3.4810634490027152,1.5519617157874022,2.825087946097617,3.1754515558705605,1.7640681375272182,2.464760042164491,3.446985846478154,1.4864101597084913,2.7917628999121007,3.4222167543428825,1.517736551166045,2.775484307467216,3.358841692349555,1.7501910937596081,2.7014549487841855,3.6327296125608095,1.3705046674251447
sub-0-058,0,2.6751642061760017,3.471828146453764,1.6506456954795001,2.53036650918446,3.049190817696497,1.7288256371992703,2.304409552732324,3.4199648813241432,1.7234396647307315,2.7433266758377703,3.27050831523928,1.9177381057768983,2.720433585632726,3.3797652721026497,1.5336876100396095,2.290113087198524,3.576091078429279,1.589407377568878,2.7658842249507085,3.3097333276480843,1.5648993529922042,2.5920527432239764,3.3079068799953615,1.7012824990053204,2.7274780794105338,3.5328242128672427,1.7181446691054085,2.586926407603515,3.02593228272009,1.7587756624895734,2.578787683810661,3.7500112515553576,1.790871620170568,2.513649246311007,3.7890700096229932,1.6561053953580918,2.5944882787339867,3.41287815946578,1.7692636707384817,2.4822318391252027,3.961314450503639,2.002604410583846,2.7073088857534806,3.931563061835928,1.469117827871143,2.294152006210501,3.4099630413432602,1.7061846447888316,2.51432266474206,3.040202130102773,1.8727387559485469,2.9377556820042483,3.8586765501683344,1.8628284903179706,2.5907015289262083,3.2639607361964016,1.7108792078953952,2.9290058466314703,3.4014433284980243,1.6317564128264088,2.7493146586387045,3.828632094208767,1.5728147291337795,2.5029327696172636,3.359466461147598,1.7104534068591635,2.7486636007712684,3.2748722940841346,1.8634497218355404,2.5682972248058356,4.151333798167998,1.747824632655631,2.532554657466732,3.660920123592478,1.6494280643169184,2.2268508377966714,3.4326540712040927,1.6615559586396162,2.2633828571010337,3.479550146857542,1.3899334663085905,2.4874163696720135,3.5682068777725084,1.7145494265707348,2.4760074948803728,3.47605148745454,1.5823903343783254,2.5519469734960563,3.516264193845696,1.5649625033147734,2.5981858560916375,3.573206743422527,1.6750685129628393,2.985788466531627,3.4606033317283935,1.6581148631940472,2.473969240342608,3.228137017538608,1.8028846039765105,2.4264755457564986,3.3409745188406292,1.6192637660692102,2.3727101671472677,3.0096966668874776,1.6305590199261208,2.707200356288212,3.5551543455302683,1.9340862905282188,2.685172134898053,3.6467101468767327,1.9823973533979071,2.532513792899422,3.5176611885813864,1.6982803367509793,2.827881611613039,3.5007042886085453,1.6027583938884342,2.655781596833313,3.271447252904032,1.7800207268920887,2.62449136814553,3.446967253014181,1.784871735813024,2.2821978125444966,3.545629393970996,1.63058519229999,3.0652074439112136,3.543631019499258,1.6105411925324844,2.301905687510445,3.8655137351023945,1.6474950920714333,2.407556627926424,3.5941637799225368,1.797457824710848,2.664111527977715,3.505530118456621,1.723878520533008,2.5917666736225264,3.5941909543760846,1.7637327793852222,2.747001495234998,3.515796161367238,1.5774795101254457,2.524027493441274,3.711058629245799,1.432020806242273,2.229464604833047,3.757117313989851,1.928018422527699,2.3222639936964944,3.5281285958332105,1.6400682330624476,2.5030505797965077,3.5855486824517966,1.5060694656483875,2.3507008499113677,3.415649671582057,1.678193660315876,2.347328080976849,3.7211013489409717,1.637365854033345,2.474072830907968,3.5791444612643724,1.6806637585898752,2.7007458263230464,3.238641689415813,1.4903920104404789,2.4942382385162505,3.5168661284218037,1.513886608385372,2.300204358893953,3.551043379054636,1.5863329149027556,2.288547890938754,3.7702955618479375,1.605230799060936,2.7569660886957643,3.5079718215106395,1.7442138293082954,2.511930045702566,2.7565545715272046,1.5294820263419444,2.5273722972506296,3.602124158441957,1.431548896641782,2.5403516925851166,3.1857660555800713,1.7351930247634482,2.5465078585740315,3.7081804486802805,1.8600234395281277,2.632618181869325,3.740910204911761,1.6474486286114243,3.058161134028086,3.158730652981433,1.6208366333136017,2.7122445448944403,3.710761965361078,1.7731083528713523,2.671557358438759,2.9166039967103083,1.9383948041806751
sub-0-059,0,2.513299627404009,3.8488503710358386,1.3949710131548065,2.5961823306266143,3.3422193618394425,1.7858180227371954,2.607072681444392,3.60249338329977,1.5411587467652763,2.53974555825265,3.4495532265797846,1.774296506256115,2.728073459178024,3.542133258162412,1.5085741567417101,2.569364185722018,4.2311013439545935,1.946900799048168,2.0146080787036142,3.5177360830345563,1.8398179287883016,2.5171811377377633,3.3711745423597126,1.6599553677374768,2.649394107378237,3.1784284071749975,1.8783032977414056,2.539921261494347,3.238193203248766,1.8686525242098042,2.2718764370799045,3.3445411728395564,1.6142487402072252,2.9359095488825036,3.3081941847809557,1.3767552169249841,2.4452732792497542,3.6275540972733378,1.8176126819875407,2.959777144819699,3.893931319876047,1.7281883890872727,2.38954521583654,3.9547276807772604,1.6447154674510653,2.431531697481371,3.3832193353968605,1.5121567641654785,2.466296383589224,3.4347296676060437,1.8095984908718177,2.4801440996818163,3.1451114122852157,1.459434176711495,2.5877225545541607,3.520335238971383,1.6168530933180247,2.465857837111427,3.6087763411837677,1.9085819380534021,2.409573974854082,3.524892794140321,1.8437405606007986,2.4102994277644947,3.4956230079222745,1.69430065953685,2.3139668576921664,3.5471796625343743,1.7047317017906647,2.64991516492729,3.1676717870950006,1.7014955577891837,2.7987121314580454,4.08169995293544,1.8920193903457414,2.3381271289829564,3.626294750972215,1.627528013755833,2.6011021067633857,3.283779322382461,1.442978983722155,2.48798689703403,3.702328755050804,1.7431999633210717,2.6225306147845835,3.560578090434226,1.7606791212268567,2.645312116635606,3.423089199892707,1.7124335842129423,2.863786507476544,3.539768688120319,1.7063845244680877,2.568519211300752,3.4389856148714584,1.6346966054418794,2.5875621343857773,3.3583997434514377,1.6781727605784176,2.407707352825268,3.5302433052696087,1.7876292416264041,2.511855325216035,2.9376540376709914,1.7885557316083207,2.5716330916967567,3.2218951939962315,1.815990536348491,2.2982834638711473,3.7927141322908513,1.691395007052918,2.1416042864320803,3.5499322844337065,1.6390711447863595,2.4497671274718353,3.2934367867922587,1.680917631371019,2.4626660373899143,2.980126731907252,1.8908101830015807,2.506015621926875,3.2950581955540863,1.5307364476182004,2.6887317721415256,3.136439048652973,1.720098095278695,2.444943179662755,3.352882495042547,1.534466070353615,2.438342502146101,3.5024674696219202,1.735296833952349,2.4085933533690635,3.4745383673175243,1.8332681646455633,2.2507268597491668,3.4982446873942794,1.5573824081896739,2.360516849019024,3.5730832236394683,1.6182122796998661,2.3309754372776816,3.8707992937795965,1.8380134271497743,2.2021849278553494,3.087160124159421,1.7890185606978022,2.498722710053255,3.920160900419388,1.7924504597811515,2.6039037942937195,3.2138784462888776,1.7737160442296707,2.320362488144916,3.8654684693548194,1.7633207883527362,2.401530496183633,3.725309679877048,2.03622873337045,2.5108289220342987,3.654115693113562,1.6352256020463498,2.565363399171302,3.077974323191195,1.6999205729741202,2.55784391936951,4.003719377516529,1.4307495330944975,2.4994409773605994,3.86067282099269,1.6637342756301865,2.5191585240627004,3.266687473032991,1.5601091929605864,2.2213463221500325,3.3238197306596367,1.5515967417331815,2.571246990058273,3.279452903321355,1.6280613522427239,2.468603029249621,3.486513748958696,1.6207216615392739,2.358878503811316,3.524014604305395,1.8601224824396916,2.573123915242339,3.329250277293186,1.6815280392359562,2.180886101335823,3.4609672301291177,1.639946844636429,2.3819771355588277,3.289412461347049,1.638464824769053,2.7286424896811683,3.805776916698426,1.5607812257663283,2.456746072816189,3.3620748119591983,1.8214318273325185,2.5761911794736907,3.525981161539492,1.7804393920131785
sub-0-060,0,2.442645586486032,3.881888240819136,1.6997383013869698,2.3959357596854556,3.435700731736605,1.8847892486311808,2.473474415522921,3.7658761837325527,1.6061981310842717,2.412180534580085,3.684687274966402,1.568904115903139,2.698057245029105,3.598455279726538,1.5689609098298611,2.5371403060810196,3.3463431986433294,1.7523464835003588,2.889803684091975,3.396202711191522,1.780066441078776,2.5543993155001528,3.5067361568576905,1.6752192318902714,2.39566485965672,3.5938391857990872,1.6566887375120918,2.387135984927029,3.7839685134295236,1.7148514434053514,2.5089421876782168,3.8752158521289637,1.4245877696700502,2.7791077446712356,3.253547374241859,1.7317298809123278,2.4441485242582717,3.2415597086733214,1.8970829788952652,2.884118982131151,3.438056817817698,1.7503212053291441,2.5602584252992497,3.9845419144587995,1.3830274328819698,2.6178822194286395,3.2964046320396987,1.3466053967793232,2.4851045824627365,4.0174536614549545,1.6015926214399399,2.6923377911816297,3.8356282151777426,1.6980954796070715,2.5716820113140324,3.0194365861684886,1.592575420524103,2.713261372379399,3.516990147170379,1.7551012162165522,2.573968364342949,4.113761104403001,1.6354220253217098,2.8389738077375357,3.537380902217885,1.9541298461871197,2.329503943933533,3.551702618136641,1.6409469824114795,2.575105020453007,3.842265353546516,1.7568214408036917,2.7696688842048487,3.3123380938832954,1.5765748313714425,2.5528989131647077,3.489177390050496,1.6721210946763712,2.3774462893792765,3.8356224451585286,1.6455744199049769,2.8066940619982828,3.5035681422571363,1.7972643396221066,2.650387735733463,3.269203072701761,1.7550804382328733,2.897099930004079,3.5704514308680997,1.8351915109339512,2.674788932026593,3.5859739043421963,1.7279718076587118,2.648516800641834,3.7137191130131715,1.497175391442339,2.594514520037362,3.448458193390751,1.6412709734522437,2.783273588225143,3.294719050542121,1.4907846409534997,2.6932289205694535,3.102289720164911,1.4108085383062154,2.7134881841981935,3.5444422301574967,1.7709079441053164,2.470363036539668,3.1123662831494747,1.5221319179573498,2.501005998102369,3.143727199782948,1.746057936056848,2.4667575711538046,3.5518100932622856,1.7232722192339647,2.619623919796415,3.6398551076409196,1.6484149113831132,2.5831144679940894,3.566082275957649,1.3356664536359952,2.666374634254708,3.5419838149416702,1.7846073297865355,2.3183681528194926,3.41158351095453,1.536270581515163,2.6840282477183175,3.1065673682208215,1.5607017827116518,2.6461765430889566,3.3237751309623706,1.5607414014816412,2.7132094973172327,3.765359291845723,1.8083106788811498,2.702767741309253,3.4351578018973443,1.6693110538045077,2.4333453698639516,3.5469641669604735,1.6208152509011227,2.472048082933144,3.667972121515212,1.8776808868271568,2.621686845768617,4.002408442267919,1.5941726641950877,2.219164564942333,3.700095809085075,1.5842249671029902,2.5007353964804344,3.004456977166085,1.565118462898126,2.2795990650157374,3.378395086242315,1.6408172759175574,2.5661928740786775,3.847122430019449,1.8015359397346729,2.2580094654821132,3.6702443219716,1.716763204616219,2.532391242233502,3.4936441316175766,1.7306828642129382,2.4254603776175583,3.4489417598931005,1.877590868583775,2.423296958803404,3.2116313666709733,1.6907438978189224,2.3464980377838573,3.017620725992785,1.6483299234387776,2.810751939221506,3.48919085315447,1.726786564167232,2.1665732955327974,3.622675137883465,1.7140048791964688,2.430315330952916,3.5504141319926648,1.725518242573694,2.3592921728955716,3.592919043498375,1.879570313379073,2.508970534414767,3.2570736233176096,1.6733629895297406,2.703830375111597,3.156630724996764,1.786783738817627,2.4279573974663133,3.5677776627863267,1.6153503087431655,2.447936948085319,3.9264665765458133,1.4886370114199763,2.637365911958198,3.9847708350579603,1.8028282889709233
sub-0-061,0,2.3104025365729473,3.1411574575036862,1.5872561935030398,2.578423424073577,3.5632639543449347,1.509245516855046,2.392903657479546,3.2727849036455945,1.672887978782766,2.9072451823123933,3.2387076216254345,1.5534563250296318,2.346034746874108,3.677952479947825,1.6937987605467346,2.3886792213294075,3.398417236542067,1.5812734548563447,2.603260430614064,4.251625449902974,1.7826296608538355,2.5332620672806745,3.3138068635033733,1.4984899877172726,2.682064151652546,3.6902191699425697,1.630084850496379,2.768400116929671,3.5059099428878238,1.8162141103092702,2.603315460365942,3.450401953634261,1.5567673083038769,2.523803413374719,3.735774187290557,1.6237797332150858,2.629153451208572,3.1968339530332788,1.8170087504195536,2.6063294405681927,3.16340898752578,1.666397821471758,2.7176593636773063,3.1474708886170975,1.5393574642062597,2.537490548138431,4.097332604521014,1.5991132873940752,2.639149319925389,3.572837914128378,1.6115720149601684,2.5790040033212773,3.3746062946134128,1.6463292814825232,2.250971057500836,3.4931578542374297,1.8348640259933826,2.5603366394603433,3.8053421730302803,1.7870491168917526,2.53928256486056,3.3241808451580908,1.6270604426957893,2.285308114691318,3.4252179107724685,1.721899813784623,2.8587757976038617,3.6479296905180854,1.5702719029793033,2.2909137104066146,3.4421654155827195,1.8217646670241623,2.51028905939501,3.651755569001567,1.6728311826121718,2.6790600782488077,3.052767753642415,1.9406273180219151,2.349752979319732,3.7222450523243378,1.6591724007996567,2.529150977933958,3.4324914663283583,1.7383406877577239,2.632354417790561,3.796341223310459,1.9111923323896067,2.609727878419806,3.979828786967125,1.7139458814233717,2.743939265205526,3.6200415084137214,1.6176193052861951,2.5826221477883715,3.640888125702555,1.695170280289609,2.62431417323956,3.7423016286115307,1.696494028700616,2.020100219637153,3.969915642418144,1.6553612854669506,2.4018095602501863,3.185249117217211,1.6495331146499532,2.448705390362943,3.2936373501122866,1.597681059523314,2.645353708330768,4.068501763480868,1.823085739702235,2.7520676732558225,3.394325191194913,1.7156998048325867,2.6267668327614513,3.3153237897800243,1.6361404894176323,2.7038193524999534,3.8052819714280304,1.7101115404272886,2.334871707459829,3.417234244699056,1.4838003298241191,2.563536433770251,3.5715128711559974,1.6593934368443335,2.5935080200289766,3.616732346943475,1.7385293064360685,2.3337245473865527,3.4290859888564453,1.7614764467399402,2.8341681188350796,3.4238607899331646,1.7826260300672163,2.708067344146288,3.4449442444556833,1.872261162123101,2.766391289657561,3.8865077255371334,1.7687648253478296,2.9748247049383565,3.3277207284259847,2.018611637926841,2.6882939079585175,3.8753084532474813,1.6519943368187433,2.702005446533477,3.8995527658260216,1.536896203441419,2.5206012692732243,2.9004492472952674,1.6732500534726265,2.4031185251771845,3.4390250473693142,2.1385465036406988,2.8592046312234958,3.096954689723823,1.7833607452399107,2.6938075956706626,3.405388815722715,1.7267461404737823,2.5996767973346997,3.1229488155986793,1.5453005968870777,2.581013409319378,3.5278327078348948,1.5937155926874096,2.4070122948263077,3.4748618100920625,1.832922642947491,2.5362325612295633,3.954364632577982,1.5956269178506157,2.5847597642618685,3.4007972798508783,1.7881941419619665,2.4093141811994645,4.039671371118252,1.446408139538599,2.858786443142444,3.525196771350473,1.782863687262037,2.7902144825565522,3.7401452186464996,1.5904959668310408,2.658016119947268,4.0228927123376925,1.5669062431758767,2.931317132014916,3.607996696071198,1.6350158342119614,2.389207910770514,3.437479619165683,1.4067082503394257,2.475255995569418,3.4263803717204286,1.538837952633137,2.6846121350827845,3.4387454394189714,1.6046308183078357,2.491439891687662,3.5994300925284373,1.7109831815700491
sub-0-062,0,2.423824484144236,3.535182972731324,1.6923986063650613,2.3448964398332137,3.419218685817967,1.7869007405631332,2.6529848867813715,3.4356099869270498,1.8015159192178964,2.373608010542768,3.234283405305869,1.662311755505948,2.8195619044956843,3.5457104554306977,1.6586951285501341,2.8279448402171963,3.4196572381430093,2.035209985592899,2.4579690377482657,3.2167159558096357,1.6750457037722186,2.505164833049337,3.273838406622201,2.0902961117237653,2.607352782204945,3.6299898806280435,1.6307181099294619,2.4460195107458764,3.787156339600956,1.4486237341115358,2.3442843948977337,3.430753618429885,1.9026570958451468,2.4825869448654947,3.616522436036775,1.7041593019082137,2.783326514328625,3.056277554900382,1.8103944805584165,2.514198192646332,3.7589675742974342,1.5771076840849527,2.5543907525753107,3.4712981209444487,1.549634679301938,2.3195256576695464,3.33748481867832,1.7194896693492498,2.413755799625191,3.407579402352211,1.4171303968274644,2.4832830143129283,3.786604261055002,1.8057770488955125,2.534354051335114,3.568222763003966,1.5757609406608764,2.8423989629924518,4.078973501823894,1.724723544605896,3.0163234504910683,3.309548935970104,1.512338113989657,2.4222677242630586,3.4385427257790027,2.0468099826804442,2.4993913570669273,3.259296372414874,1.5652311710633844,2.7552039801677903,3.7792444895265302,1.6271782720469583,2.2123588591061116,3.1839938074814,1.9581865756249313,2.6739854192189045,3.5183291851563254,1.9803249759726587,2.902498729106073,3.4899369114508363,1.6973642359202499,2.445231597219826,3.4203110795041622,1.4770512536299818,2.281730452286869,3.0176555167063475,1.8626505510379165,2.2689475998757382,4.0459894436377235,1.5904433163200893,2.8627229832208565,3.397784783997667,1.4650719843619284,2.7810802016517844,3.892522375737303,1.5640923499599484,2.490302592012459,3.246377137762926,1.6819209958313421,2.5694092465393537,3.40161274344768,1.427166290691372,2.4454417232837957,3.6969852537951318,1.6686650686106126,2.491060687038893,3.239382567391386,1.6084922946203575,2.8036106591847525,3.1808623680954096,1.8081234645027844,2.558469939762634,3.5685469856739926,1.5901465578478073,2.4866800741113746,3.498398349551852,1.6218999553086206,2.6096577787265787,3.6280829245144597,2.025905993542988,2.600074205285227,2.9645720564547253,1.8744528621258019,2.513303284505485,4.0633391016223195,1.920638667875796,2.459051870931918,3.702132779483929,1.6109067278378169,2.5504843487546447,3.689275748019107,1.8669500309069764,2.711137049199523,3.520997096935592,2.0725135850121825,2.484296326825124,3.0499838231241965,1.4877951057186012,2.8153213914220214,3.478537182442895,1.7238586247081138,2.452345701613619,3.373243305796227,1.5819356208576056,2.6348071463994156,3.4727336230896118,1.7652508066705102,2.6110989093571466,3.380753954582789,1.4811904062045818,2.2717560727201156,4.347462445674618,1.9217260166634964,2.7912328620404185,3.3111100940436695,1.701426460064468,2.4032346973710292,3.1326170133535505,1.6116839719436449,2.7887132934173238,3.7354087027387117,1.5544927997566966,2.4933331109716543,3.709754488142243,1.6143542907218993,2.5643255240698912,3.6125172851781473,1.7586395827766197,2.5957461769842514,3.3169647913408973,1.6173538118721777,2.345943026726287,3.0628257538193635,1.6827876887464657,2.696926730625694,3.113520929636895,1.7409459866186385,2.691233618409011,2.985714544730023,1.6594128349795672,2.846317836082507,3.6545434849720646,1.4194314276406568,2.6685011032340897,3.2906336976160677,1.8036960395139139,2.4257852820118604,3.48515091556465,1.6193685847155574,2.550568390092931,3.341161551304917,1.6664692637668284,2.338391098504078,3.6373846867159174,1.7262927812965887,2.259024208661253,3.7780166648565396,1.6735568060518256,2.5791172313224635,3.714077268168172,1.7492363363539976,2.759736568522962,3.417877253782485,1.855164407934056
sub-0-063,0,2.5721264312053176,3.6421373588618735,1.7605443759196855,2.7733314585557145,3.7019954645966022,1.633558177953523,2.4345719320800274,3.4860688386734466,1.585984783838113,2.3606054037612574,2.904145308596548,1.4676105863256934,2.907373145000074,3.3161799301036625,1.9855190449731717,2.622567828208004,3.4860677539418905,1.474909232476815,2.5508404012036885,4.029811454751105,1.9336455116025109,2.599362957485564,3.1783728575465955,1.5564251982126271,2.396533468189357,3.857883379661556,1.944758065416314,2.585260710294165,3.415137478053517,1.9323065744991474,2.373856762644308,3.5145105317281025,1.7694448999319194,2.394695890708248,3.321944018010434,1.5929393631218596,2.805010834077855,4.036022837575985,1.7172188795354841,2.5017206543322983,3.332044499001877,1.7002619470175493,2.4509600847413777,3.472831532140538,1.7619849234505884,2.4770436702977334,3.4469153424680528,1.6721818272391542,2.492838581749295,3.3763945944354607,1.814329490440521,2.23126751478424,3.940798360520354,1.7203294194804495,2.6598031636775725,3.703021779281685,1.5937911259954143,2.3854154598877364,3.2109646002969283,1.6629397955257117,2.675856844479185,3.336546632938169,1.7911897460267456,2.123774180604984,3.39204118344693,1.8750706051417343,2.5192251679740716,3.2678397818734735,1.6014735166793603,2.004955938647721,3.2166954482846624,1.8585862058768874,2.445131501958678,3.3699275786396568,1.3502281719445388,2.2564491972397387,3.833213770007931,1.7925941120992341,2.3164609743409024,3.3234397303594982,1.6956241485501824,2.334697008211784,2.9388397126161916,1.6761184418840847,2.6530695411911833,3.665720049524387,1.831285607831322,2.2703596928796315,3.516212534751543,1.6597322953656317,2.534300276610505,3.4407011425824416,1.6009327729088727,2.006797718241191,3.8253121257597886,1.7494985248212633,2.2828278382434286,3.6324768628379713,1.6329042789497794,2.4745849830448083,3.2848439115830708,1.7805395708978398,2.406031757127084,3.192886287894632,1.8697617215908993,2.5178013462419893,3.4587038108021817,1.8038696180414997,2.4298343938476883,3.368917111658872,1.7458572904584253,2.272552031556522,3.5619077330951,1.5866432811227948,2.7039850666419265,3.6530657315179744,1.7621822535462544,2.2607474432601795,3.4710492893513303,1.5234100159378583,2.543364497464135,2.851721690470873,1.4688751597437135,2.7640260495912337,3.603334889281837,1.6469276228780498,2.3864262019164797,3.1964089030756138,1.7300233632632789,2.4881461842733774,3.9330612113288375,1.6722854419984474,2.5605696886040157,3.111219028944496,1.645895116223429,2.5818584529122375,3.395620000860308,1.627155719963865,2.608843732610758,3.9241505188370773,1.721745405546174,2.7559535310251646,3.674048665705259,1.8626530062001776,2.440250413797605,3.4420603014043674,1.6695839643853003,2.6483299025815157,3.721875590219322,1.7187584286667836,2.707807183927655,3.3422671864452154,1.8328066329348687,2.732845699593456,3.6896989768589057,1.720125467522182,2.678398199832894,3.249678749733223,1.7297543396540311,2.604091885828522,3.1277356143175843,1.7711876379409282,2.325212629377273,3.3801828765853594,1.7059641438914448,2.418467450766095,3.523115130813689,1.7099835485654329,2.4023673049154084,3.6590328484708126,1.5853765245040652,2.9618353874522447,3.4693459294674307,1.524305878251495,2.372818482081521,3.8213225301155243,1.6386272525422318,2.3045225145906056,3.739039569195775,1.6376639168332876,2.667615512001483,3.7619584871837155,1.7411695308212816,2.9812633312233596,3.0170721019786972,1.5773074887092287,2.5039289991712876,4.133128588010274,1.9697003705153318,2.7819643561309046,3.277645296591145,1.5983727890344355,2.400859193674718,3.2806404713485864,1.923905691091396,2.506121917788748,3.4687805138996963,1.8161580180385146,2.2505649646738846,3.514740829955359,1.5354692406990618,2.4970053142995026,3.3358022056914205,1.6043028880953114
sub-0-064,0,2.5906047252071454,3.561939752669903,1.6670269116149021,2.616723181738408,3.2567879285610064,1.802237880355914,2.5128841760116307,3.3645742026013887,1.5807861782445527,2.506548457115997,4.023778991916858,1.6905029344846114,2.344007363494181,3.757269338699813,1.6292107346312368,2.6010766207834446,3.330415045880558,1.8921159974214754,2.4436632438037265,3.8914002340017104,1.542610912320682,2.4972768505712133,3.8919988200538986,1.7252261337172008,2.958863869525014,3.424640674213355,1.738556427944101,2.892926868968787,3.076101499312165,1.4543374950227692,2.406808528102306,3.727744353052531,1.458522322500209,2.6574688301811635,3.6474778744568903,2.0021585349802935,2.7381872865922268,3.601934066499377,1.903869940272944,2.6470027094006756,3.3711803847043833,1.5283091334426708,2.4475141913352454,3.488779315126807,1.7262527608024405,2.1656647923443835,3.4385231062212815,1.7042872654324166,2.648556740078371,3.955504247101778,1.7278480303167905,2.3862786822754107,2.9909377725915878,1.803051643716857,2.3935642752940653,3.742714353605177,1.9096130228243853,2.2720665421237487,3.6550899164525097,1.8938933615509015,2.7334270785504504,2.9130137576650723,1.5719521932809444,2.3195675089649237,3.646572371441174,1.7619989935228246,2.0643794619706872,3.4157671460282044,1.820107974551166,2.5766356784203417,3.5409547374599613,1.6452509469921934,2.3593906306065575,3.4952243693106646,1.7078140176852685,2.660745813659932,3.6950199788027294,1.712879212874486,2.7470835056252696,3.395021092921984,1.48339631451804,2.6358696604952767,3.5353862752289915,1.7745397273519794,2.322398757309073,4.0014229048110925,1.8065753620495462,2.4981605596201573,3.2380731191298993,1.8615730115648372,2.3516814392285057,4.13318215094178,1.6080192590151003,2.8596909386290097,3.4483473401796396,1.937112006323046,2.417723668771227,3.505274185993076,1.820712399525585,2.669173884605248,3.8082133134242073,1.6268791827797653,2.565265507112966,3.84954880127946,1.5942116747421573,2.653057391001312,3.4386351328622298,1.7308811159873907,2.5652190389546004,3.27928071778021,1.6608960211816328,2.576087805373807,3.471237280360604,1.9359103924691359,2.7317920002269447,3.581194539578179,1.5855280725920746,2.401675843458368,4.052667089878515,1.5485171845891708,2.570494731267094,3.60106564001763,1.653301452277504,2.3696033223760753,3.2802289410781835,1.6180242496543957,2.4222912835623998,3.8717617100906607,1.6986311009791057,2.4557158017934295,3.5299482522828174,1.8001933857942372,2.4879684529096355,3.752554762649256,1.5093279838465161,2.7608346537809543,3.4974933448637784,1.6927981472372406,2.4252574215963265,3.1562019634562444,1.4499992096276912,2.4127001995890383,3.6645485017686585,1.5558082366543007,2.271279326569624,3.2454617129654197,1.6422750023743526,2.4878097799207763,3.463909985692026,1.8548909519077816,2.774865798856468,4.0615295015090105,1.4562639024952146,2.39594089433946,3.695575843976731,1.6318953176712463,2.7049415645728616,3.5579917604321514,1.9368806315055198,2.7376889005078833,3.7970846554365147,1.6382192586959456,2.532457047725711,3.4145290318811403,1.4741161784525139,2.8149184659891957,3.7087084464760993,1.6482459313878592,2.784826651342795,3.3234970589107964,1.4242798297317085,2.7313265555208504,3.1420031347275206,1.6706336801564023,2.5871021473410765,3.6079302965268534,1.8272601584305694,2.654553256728152,3.6539699074373675,1.5813872326915264,2.602963840308178,3.07844600838597,1.9343206547679244,2.2975383317127194,3.4029968451482233,1.5021688641459825,2.4185700685441827,3.5037599563209745,1.6206862852225996,2.755964326466212,3.563532284469583,1.630563540615711,2.5259552526046716,3.841516127975662,1.8363306324926698,2.345021239077226,3.3094175200409106,1.7712184728026557,2.613605985484867,3.2058931684083465,1.8123689883959935,2.3896426547664484,3.865071496679776,1.7794173734374432
sub-0-065,0,2.34625359888377,3.3518585235902445,1.6180309078207062,2.578777809834419,3.4428864685565026,1.5281766629927325,2.299033353679936,3.653726533631401,1.7429355296846245,2.5689967602969057,3.575804920508929,1.6071621278712447,2.5831186243995257,4.210781558195595,1.8761850681120715,2.4980864788272292,3.3534559108116526,1.270934090376265,2.7423649475372454,3.7202494990569477,1.618425804608526,2.2922926170821167,3.176525115906877,1.7666596793719134,2.533918667940747,3.693645764930039,1.7129664707552275,2.724016589780967,3.603481039309829,1.8243193070241022,2.173856986034051,3.154383240260711,1.645347249516856,2.744322381282043,4.026548323298967,1.6753646326419682,2.4399155885001274,2.952608807607815,1.8295345646109746,2.450965696464994,4.328333707420283,1.589089411994823,2.9289495174349196,3.709542867404491,1.545760340101795,2.5917858819558455,3.7159865474341305,1.6662121711225124,2.7008368878994133,3.728468004617625,1.7894507750891195,2.547034793751449,3.1710167749942846,1.6884821936787149,2.5816916394688514,2.974705756109409,1.7253852973987016,2.532575772334174,3.1369447001802127,1.6500490413962365,2.493867657569826,4.040426469378158,1.733017751926605,2.7364881452366276,3.4670117147426183,1.4189125224747374,2.671021532787892,3.3157077157154884,1.6496599805018133,2.360465175159215,3.520375001897981,1.8597767542433679,2.7178928595254326,3.944133062179846,1.9591939186931167,2.1817426385535197,3.165786242939843,1.428771263251017,2.663747473870126,3.3059371005362372,1.6266229502234104,2.511012462253058,3.6071197926654106,1.4772018427990314,2.323404576725864,3.5003629378287098,1.87981189042317,2.5454284674148044,3.278335282213031,1.3777686979493544,2.72148160531085,3.2939391381706655,1.5278844626372419,2.2412414592374192,3.0970517728802496,1.555817866931922,2.507007227485053,3.161552322667016,1.7278562056321456,2.5056394068147414,4.122157840971668,1.4443335325411006,2.5790662974562286,3.548721396931468,1.5454163894115276,2.567145431540543,3.71548642259388,1.7144737223836748,2.7992033192675705,2.890247466933305,1.5736649880795919,2.81551008850157,3.755367373313878,1.7810767566899433,2.7719787731735024,2.9633637939635045,1.819341599408423,2.741586629235496,3.315563953470794,2.094385567683684,2.5853428135311702,2.8860246680976083,1.757190799690063,2.420425194601908,3.826198676700265,1.7821916050086946,2.4423740269902856,3.920686537113611,1.8409176958968965,2.4009744022172215,3.4574273774429627,1.777537518614612,2.4844326127009277,3.4063681669227686,1.7055087542396725,2.3581562548732697,2.874825705198449,1.7358702293498056,2.1919980091268663,3.2219491631194783,1.4342626461577141,2.2532799994029653,3.6193794487534015,1.666653775240989,2.5034879180157374,3.1315475005852775,1.601622636674216,2.6177619286578335,3.4854155657141797,1.8234011091562978,2.7237165621826644,3.429378439687701,1.4221626071119262,2.413803918168081,3.4726470013556465,1.5835269421993827,2.3601676419599245,3.5195306395825763,2.064545465409992,2.4621261488334523,3.499214361302303,1.5031946184153517,2.7738121899074724,3.7449280521383983,1.8208601209198876,2.794763246034854,3.380344420685454,1.6546373270231567,2.8577781357395966,3.6771638688244765,1.3671167267983757,2.6318677756146616,3.337124542984513,1.8347257736984985,2.623474284495631,3.012648026073616,1.7403245255743216,2.587912990905289,3.60176949621014,1.7863293277869963,2.8192738727679116,3.6158889170920037,1.7034347690711695,2.7566341597538804,4.127967402605135,1.8372606131252134,2.5871171028254563,3.621108553935297,1.7384065639097386,2.5533333147491986,4.106247832821786,1.587641993852535,2.7578830490836856,3.4647600560438394,1.4779371244791915,2.5161028061544286,3.346902766548904,1.7866365977626488,2.5664340400785424,3.2138324781785688,1.9206511870234573,2.74622412080563,3.9440955489869927,1.7355446996102173
sub-0-066,0,2.5435680477094755,3.696996935133214,1.6133787468618646,2.57341071984957,3.450810188190018,1.4808448524215119,2.572941990871033,3.376529270311875,1.6636171753972544,2.6154812902169917,3.8563092775162553,1.5726844864178031,2.4894195212767154,3.285776845019253,1.5754729118301514,2.4429775901430406,3.4449939208117457,1.7878807485316255,2.607680237661271,3.2040800402566902,1.894124048587573,2.7199942151658667,3.247668017829283,1.883616633787934,2.6088489142673295,3.456192515180931,1.7537120066718968,2.5453612567874058,3.6526220232547937,1.728097328469675,2.4892633105910034,2.9327685074348127,1.7790773810947889,2.482742049890388,3.717825050700669,1.772251259341358,2.4874204419919184,3.786436693501654,1.7307262492754856,2.5794557125280555,3.46132900770632,1.9525333568359695,2.4216119887627814,3.4096511295114644,1.5143997282380004,2.6808115939184107,3.3369982782198515,1.6294946627410516,2.456951406211707,3.5175621364974687,1.512386062301128,2.1462158521015926,3.628157130469976,1.3829663440694433,2.703744801115928,3.9363877698698415,1.675366429409745,2.783908730409688,3.4932082025278985,1.9398861738616806,2.467880786619622,2.837833093359286,1.6880132383840247,2.8574333748139327,3.649791125663317,1.6227015157193234,2.6092022104712513,3.771914954766715,1.6871575341628293,3.0227502153616284,3.3551229721745437,1.8503766083067121,2.6871487025667236,3.3040483210845437,1.636333959897849,2.7332577565462857,3.5405406085291875,1.750710759009091,2.2555258763332153,3.6836796234453884,1.7430945266123852,2.5384961959245924,3.6010497216565414,1.6386173439313625,2.4434575493009745,3.4322720511410494,1.6303695232522553,2.942495320987776,3.7553238040762054,1.5547296614042447,2.9165332804069513,3.3788001487978323,1.7044183051196427,2.7115350950876373,2.948403207708668,1.6644461229588545,2.44679990682591,3.557422422272358,1.7555074524898164,2.5360933142401767,3.4653787565098835,1.8597697058953166,2.6042674674601267,3.511599002814544,1.722180588719021,2.8804600195554393,3.5483487135555496,1.6228327242551441,2.2063801640500094,3.098497535270213,1.6299461157380357,2.5304921680882533,3.344425991309133,1.7526715965568713,2.4476685519885044,3.2439430043620794,1.7918965753036118,2.796491009438042,3.1899930726309664,1.7365573795561717,2.207099161532313,3.0871293233963955,1.611685125803424,2.754283877827895,3.281962311682467,1.5775849287851675,2.5564957107410007,3.5103834111219583,1.5822302790867995,2.907519882107383,3.4256982555276956,1.7170377473627119,2.4776796832121204,3.62319203740233,1.8852436339556176,2.849459465451823,3.2865656109261137,1.8651192764451818,2.6489425475191832,3.772870250648822,1.6862181090960804,2.516332660809207,3.762000100799918,1.843203875908443,2.8318297014951392,3.555593315526137,1.6839628058547864,2.107226355601043,3.0488470493613065,1.640862259222491,2.351809392375681,3.727956558321309,1.503496855763157,2.459765220896948,3.3706325819212233,1.8807114625099168,2.440517025176464,3.6266753930534366,1.7293559191284076,2.71259192738051,3.7380602145926147,1.6949839830695683,2.2446669877307075,3.435112551739224,1.697006653320177,2.6014816619675,3.293484559338173,1.871135167761292,2.5524514952966983,3.2422607426126047,1.6312658241887479,2.897137677714029,3.6860258100250194,1.8572684833346604,2.362514345451585,3.3071276861885357,1.5977866541178132,2.5831908727659516,3.4512794872960435,1.6265758383114468,2.484467473349378,3.2776701477309804,1.6730241069647884,2.750378805090074,3.076320981566069,1.7519719150452844,2.798416685078332,3.448707612401641,1.6206685956281155,2.716361667471106,3.224417874476724,1.6965962705091904,2.362828061930569,2.9763717283932016,1.6772023602807806,2.322588888611943,3.496732256267833,1.867254443657106,2.883765973202332,3.5261881995040985,1.8528823747963399,2.6218132770191938,3.3927281881149836,1.4112835469103657
sub-0-067,0,2.842768618874781,3.2062513870012856,1.9074156367126653,2.646625373267205,3.2267164201307397,1.7467997542728428,2.9339239910313593,3.929982722641856,1.6230930415798326,2.421843463526757,3.5280582504485003,1.6751729406545244,2.7659527294156914,3.7070849581981054,1.4461637597707366,2.632561545976304,3.449854530957137,1.70556622040421,2.5948097425669183,3.8356441214774484,1.8466689445319031,2.415046306676287,3.4835886490468924,1.6327217910714182,2.2472677255968123,3.4693762578716947,1.9767131641338644,2.2418321891250454,3.4932626977751813,1.6915792781885486,2.6017923849175775,3.2304370119296992,1.4862334113800069,2.3018524217769674,3.8726614523328142,1.5525971038457214,2.4600788055024285,4.0892971276116326,1.5898616514835315,2.6116319276311666,3.797867269455142,1.8523580280468863,2.3103162557321375,3.3002613146435804,1.7453545964377977,2.8972231423289925,3.286777015580465,1.6259580523833383,2.6255233958521806,3.6735043036575457,1.8020381006454105,2.3976559443297356,3.3510265216583663,1.7323251799702952,2.7772160362730904,3.4332244570068404,1.6966547149874271,2.365332881314906,4.021703512929828,1.7231394420712565,2.7439958603202133,3.508371218258928,1.7127900597865118,2.279944399646629,2.8977866764860813,1.8877857817753938,2.5640504785672356,3.557799874436253,1.5126419371699384,2.3874484479971474,3.7974445603177958,1.9610215656262153,2.4381706775209406,3.6880153207416555,1.7285037399022407,2.528304790786009,4.01854852564993,1.6320197530965872,2.773328274663147,3.6067985287717734,1.697466601645277,2.7969630911459538,3.5812376595584476,1.6855358705131578,2.798299591136766,3.84979343105613,1.8802944981730814,1.8501952185084602,3.623249455206755,1.7318175789604955,2.543724614264612,3.67073829751235,1.7390835308756791,2.6720053351188926,3.424970693828602,1.9247270945264738,2.6902099545191085,3.6519074453441553,1.7740557850560295,2.7583106353488414,3.786072580341937,1.6830841919680568,2.7282558685481932,3.5487346272117724,1.9875390187250492,2.7475910059884536,3.324829390802726,2.0496066034175398,2.1716328295218306,3.6784593273873316,1.595562900583207,2.8887924528611433,3.5707856982826804,1.5809306802369318,2.502030951800475,3.300099191573634,1.6541334532144882,2.490843429139889,3.289676356763705,1.7405095717373935,2.6204203494132114,3.221034210442729,1.4512596855434003,2.605972161386923,3.6489377543134696,1.809532514294185,2.649211388686943,3.940360697206357,1.8495601830396895,3.0323690753548034,4.368181215113225,1.436284611853293,2.1545150463775475,3.49793043660292,1.7756348644820483,2.53634069837897,3.697002524896173,1.6594636886902436,2.4250888625854574,3.3479905592417074,1.6699747446403694,2.7018322219308266,3.3637126049335677,1.6566546945624943,2.6526390319279836,3.444337008687347,1.8675065825968085,2.384488878197689,3.1818181481896635,1.7456943551027513,2.6227719232076634,3.2578113416566445,1.9015393101991138,2.8964886257586406,3.3242008204045996,1.9230951009096786,2.12121620903987,3.801311434681047,1.5713355843307373,2.725693082754985,3.230842723932134,1.6897268698059806,2.4041791926224687,3.4401134046210173,1.9744886043395666,2.5305711966131867,4.090884454699234,1.6421281158360745,2.8185176466852244,3.0448060701764152,1.6570236416932713,2.4535002026414356,3.9305575682232,1.727787317905411,2.1741450294634506,3.1331636966774026,1.54810066259309,2.7181290529401902,3.725402095423757,1.654940085055832,2.451268237148837,3.7005887074380146,1.530571536135206,2.6323804160310633,3.6043050391236653,1.6588115610399852,2.6215820337082287,3.5285864188609115,1.774612924213481,2.309861584473583,3.6720605545480365,1.8539901994253407,2.6077712557016,3.66834043827762,1.6835121023885355,2.7104398619273478,3.5182691958343595,1.5278088076318084,2.6976389078789866,3.0424390506978236,1.7424169616432574,2.4808398869915433,3.3745247900826807,1.7257983124889307
sub-0-068,0,2.422328125652761,3.6434176839557932,1.7085194948933002,2.4388870887458043,3.8746902796129694,1.7307173915449248,2.6635441680164065,3.896644844258438,1.9100267803691557,2.654361381694114,3.415255703717255,1.4855444318694182,2.587204326086354,3.8064836084288682,1.7531472229089928,1.9299748710417783,3.743617403351411,1.8397248732163611,2.4957800051292636,3.7767412690709863,1.7941948121590063,2.4266087773892346,3.8559643125409515,1.509878461534083,2.5396959592129913,3.456039352423816,1.5761842771716827,2.6046828961768136,3.8669032918804565,1.8871612807792082,2.6802595586535447,3.0251416980735173,1.499607154868432,2.5799104415565783,3.4904141884966084,1.6252880258752527,2.8929581755418696,3.5296408428879196,1.7813619111786227,2.72782089857072,3.5153883659082887,2.0886593251868555,2.3807329855615733,3.3302999548296457,1.5585761422576239,2.8312784915569145,3.724584044781221,1.6183772130922112,2.3945022525081394,3.887769340168729,1.7542531573008289,2.8038752343509405,3.4831581817811643,1.77673029836504,2.6040409779439204,3.325248826375261,1.6783783761786486,2.336825398026298,3.6383499106436283,1.8141873119520289,2.7282290160189575,3.6866325700878817,1.6807684795245463,2.829354716113857,3.7498463765642724,1.9082819452485658,2.8112316068046628,3.4648320965140704,1.7581819185339855,2.689421733029546,3.178240299490361,1.53095402414318,2.316123903720886,3.469731975214431,1.6500024411182603,2.291579286906857,3.54182030375563,1.6856571624925112,2.7628032306138586,4.063634142157088,1.7684675510621348,2.4246065061540776,3.6810828256571795,1.701395438498071,2.50677745431933,3.258751686069653,1.630366994116699,2.517997617970711,3.7251469898063254,1.77665383706118,2.878603705727129,3.688814660677012,1.763644238684354,2.4948785342149367,3.209510365082921,1.6145159837220284,2.424029040702853,2.7829460909790944,1.5487052326138742,2.838397757045875,3.603208059628518,1.6435214216982355,2.6217263679852034,2.9530467327957752,1.7423146574693635,2.779948607366547,3.4660875348149736,1.4342015710627147,2.4754907037401943,3.8581933585952735,1.7387944485346503,2.2947041829371577,4.162936170171484,1.51192872256323,2.506273575309621,3.209531919817383,1.5445996977629597,2.468612799167672,3.678122044756902,1.8935797167829402,2.480489729034157,3.217159804828221,1.7717958974989712,2.6414334442072533,3.5673053739549663,1.74136097193601,2.5297380396581373,3.527482239275647,1.6727523307064642,2.742643870866682,4.1239686601976455,1.7269479727560788,2.5488169953651547,3.5716411823932193,1.6013117298525061,2.6876961067988674,3.623529394542716,1.6369294687935965,2.7123720274276457,3.5053171351367083,1.5544915042288436,2.6132888001761327,3.5663579009518114,1.8440627219165937,2.6996784510134724,3.469416627423947,1.6291869595379704,2.5503138750104037,3.6017264863072236,1.7725631566647573,2.604254197464501,3.474586655827905,1.8495225530034836,2.42862565906321,4.194232966603351,1.8144605570230639,2.347052627429398,3.5518642126621964,1.8159025277048197,2.487113561006452,3.081359666678522,1.5441404087601656,2.647576729982199,3.008707387680856,1.4825983142230967,2.6466302544481066,3.4376862192828876,1.5956329415592805,2.460948213481944,3.0881721324035905,1.7726680145682416,2.4048221600968596,3.349989388316516,1.7520177704880766,2.5038070436182407,3.3026970733023857,1.4015842362914106,2.6161366522562064,3.5221180309303524,1.622391881347494,2.3632681610159674,3.503573494022987,1.7720707640788653,2.5675965986383744,3.9586583457378026,1.8057161753907542,2.5306890438586724,3.7067180517070377,1.7072993417586617,2.5581346958140774,3.8629818632470863,1.565291318278922,2.554195736649892,3.8331188007418895,1.7463485837262336,2.4835704626336197,3.0222752656952325,1.3594479586709436,2.9237126141569343,3.5863833099502274,1.6123890291370606,2.612902240043371,3.234651241275062,1.6503198083905601
sub-0-069,0,2.380630729261266,3.1042833963219385,1.3842522581243117,2.2624216693988095,3.785960573902489,1.5519677058184953,2.646280580124518,3.76786126915666,1.7024869527811186,2.496257901782207,3.537246417747746,1.6375069450213828,2.7667036671701934,4.025429484760458,1.9174717745556433,2.1627186177407576,3.377632507519168,1.7006238708171735,2.6333504328760577,3.0163519294434264,1.4384834509446551,2.7852221549325704,3.3434465907892617,1.4768890492320152,2.351344654609867,3.6093329001274204,1.5766178470304755,2.593492615593129,3.225956338430979,1.4383699808923969,2.806388429379838,3.611493175160913,1.6499373708142826,2.4561548900973103,3.9101721033410657,1.7887295068293088,2.7564263456944365,3.336566050303024,1.7075999810269367,2.6223958048793756,3.3459806493921245,1.6856701836494539,2.4449501388210146,3.611736575300621,1.501790875422413,2.65295460346447,3.586999696488015,1.6695037207239016,2.630913086217375,3.3978166701547665,1.599480388800907,2.647870707861962,3.664363921443224,1.623909464178645,2.4432505873962493,3.4487674245470723,1.6171991520778972,2.8245214397788083,3.588613199974378,1.7021900350320822,2.3821095047359746,3.7069170451702593,1.6082592650083376,2.4325054840054126,3.716332105661444,1.7580984081487845,2.0993794303555995,3.4558241861459935,1.718827943082143,2.488872691959391,3.5449018263931453,1.4285467995636483,2.0404162921186693,3.226868893256324,1.7423370682650725,1.9695078788662395,3.263807101172938,1.411585854620092,2.506327648944357,4.048211792227638,1.6674236008003847,2.5306494878404435,3.734984663420705,1.703195983671586,2.5113014813659187,3.759460858760601,1.7707830725767708,2.6019526370819612,3.4611415572811097,1.6480902942909403,2.715090759341699,3.4057904664338317,1.884687931903402,2.361513654067929,3.901459507261618,1.7708060124632627,2.375663713850639,3.642514017674646,1.602454565252408,2.5560170497825454,3.3637444015993294,1.6800631753800381,2.7194575428857757,3.6451832626010723,1.5311951912346382,2.3577426405014807,3.575817170874293,1.7514780690343665,2.4285999037103223,3.9455683352349706,1.8220242405904392,2.437396254230737,3.297768511571522,1.665828017943013,2.490266206006651,3.8517240982448975,1.847678445949233,2.55631251243025,3.6898135570489803,1.8234462839516823,2.560486931087976,3.6127332302233452,1.7891281331138422,2.637769030256799,3.2819349280267787,1.5983435363980907,2.4980529608965107,3.3021340018668712,1.479034914104652,2.671671352970827,3.5969942755233206,1.499095013556118,2.5066349918890434,3.4483999711692643,1.7272916642764908,2.3552539592434214,3.1208816139215645,1.7779586744050864,2.2738868377916477,3.4348542219446943,1.6510884221362658,2.5278088227191784,3.5707609339297983,1.939785592671711,2.262091403893638,3.74544284316517,1.3231763140802935,2.800868006787117,2.927996584649596,2.065459195705219,2.479841790694112,3.86130725701645,1.8626234035116296,2.4714319635652062,3.3992702189074717,1.5744261555301586,2.691726629959972,3.381428930818829,1.5771524707923898,2.6467096821521072,3.24879059640639,1.6506526562371995,2.5692790556769944,3.320119743006845,1.6262676978620096,2.8262969762051022,3.442814143920159,1.6460559560324581,2.51847747514763,3.627247396779739,1.5449204475989204,2.626898772082509,3.571629653216587,1.4317016923888823,2.872966008613577,3.9090277970136977,1.5799155600882744,2.3479632232144887,3.563854419167068,1.4861205068253067,2.795570931666406,3.36883295398933,1.9432710392463224,2.4016073933304716,3.4685834160413185,1.8900818909866048,2.4918168936650105,3.5761856880892076,1.863898813345702,2.44991145884985,3.1467130546466464,1.4811934105538633,2.6550178948988172,3.6088579483593333,1.8592494759621636,2.5006719505831336,3.0993935678718483,1.3470871540577636,3.066233256183306,3.647538445190501,1.720518763412344,2.600155156856487,3.099225094494918,1.580769201355543
sub-0-070,0,2.863799423038423,3.684337240038621,1.5854603513558096,2.3291732409450168,3.3556056494955215,1.6526854029165683,2.9188462864524065,3.447285134729533,1.521567232380048,2.5394515745501844,3.57401477114584,1.5079180133618943,2.6223897962014706,3.8384964666360397,1.7208006924876145,2.4065282726670576,3.351916277480358,1.4511746035007207,2.5259096578615434,3.5870183879123756,1.5655051122701782,2.899146027184973,3.7218382587263217,1.4310833991577336,2.2309927394686393,3.224473335242931,1.9359778110138908,2.710365907899425,3.9546394147563206,1.7015313929844131,2.5122919209667898,3.1506973439030252,1.7524525887375193,2.5146897299549362,3.434291786665079,1.9427076261579257,2.527257791484379,3.872674804333352,1.461788800828608,3.033860201915326,3.3954842707084967,1.806077603491104,2.705929124150372,3.360740115494878,1.822854513508858,2.706780571784623,3.300319539707185,1.594804966372716,2.5581552282272533,3.4676616946481063,1.9089695143774301,2.676480273290114,3.4802814005503344,1.790911693806151,2.1816024459965955,3.3277129273831125,1.7431731512478332,2.750765790340641,3.5559354137036223,1.9187358499966485,2.7062291744445472,3.3632677612600235,1.6789954031069345,2.6235159035229425,3.374382045200218,1.929693526687489,2.3504292958273876,3.5885098061188283,1.8103170220407585,2.4935795418970015,3.3491361868582104,1.6885878055325,2.6961597323013313,3.360042560692201,1.5396618219636062,2.7571052598587444,3.6118030124219644,1.8511786145734275,2.686679711628139,4.11036900631895,1.8672458053409817,2.419665678862532,3.631675030824843,1.616376691843468,2.46825729050919,3.1044998878277164,1.657083022720019,2.648106171936246,3.4815139225625527,1.5350947395126961,2.275856520155703,4.091316861934558,1.7487741129562249,2.40166754947202,3.6292993687168056,2.028377911670913,2.6616832247362607,2.7196209966720106,2.0978437531980414,2.217135633547732,3.442316655294487,1.5299893549950725,2.4167996202048214,3.5796347117951384,1.3893464736802086,2.533755794611874,3.821255878367581,1.5735139513118672,2.299748689210412,3.4609945713963923,1.6492487764922936,2.4428590193397954,3.167263098687068,1.7778776871779183,2.6571474320595114,3.2016189143521836,1.560911953309436,2.5745685589210305,3.229807935735453,1.7267992974045183,2.814248375150891,3.483249649256072,1.5179575448841138,2.6205786295179143,3.4502566757345074,1.6774764443763028,2.635558117118182,3.693490472777931,1.7053253248209956,2.5390775429923287,4.077791617332549,1.8800830998360947,2.70003830125173,3.536737664846455,1.549138514615754,2.7529295494681185,3.540402361081046,1.61342464792653,2.506234718354215,3.2294688814533186,1.8585993564478793,2.6729466749619215,3.5508570892279385,1.6935821639562094,2.427479602095028,2.9035796597476144,1.48806096550099,2.4163238388865276,3.249969413036121,1.7434040936924098,2.6960688735551974,3.4640370187077103,1.9113375402682151,2.4090784104744065,3.462049604510482,1.6923519231083606,2.746593539190195,3.52964838298301,1.7200353371837191,2.2521282392985738,3.2480261214209887,1.8643928410546373,2.1764383925525066,3.8760379426805756,1.7749496733431345,2.4154461608945237,3.2670262866059594,1.984393294977246,2.8040530451662957,3.4665565839678205,1.7201887594178569,2.4336873550361506,3.5377395137913092,1.5989144467146057,2.5358622556486474,4.006892226334128,1.685657893017436,2.361356061370747,3.117415826564207,1.719067663604672,2.4130388721912976,3.56904887975511,1.457074536030718,2.6742450242236586,3.2031538358979583,1.7069445888916008,2.4891054208608048,3.9811489094380836,1.725723376014429,2.900184950660627,3.6570078720174775,1.9138108883468719,2.5124163228438743,3.5967408538572903,1.8827965383528433,2.7128927907451286,3.6486781178916794,1.6508097750818407,2.52142023111479,3.81854534644894,1.901886687309821,2.4432847087296587,3.2917474871806083,1.5643799317594675
sub-0-071,0,2.699346110831428,3.2397469938224948,1.8226405109032622,2.648224261761782,3.3473742835775813,1.9345788970776898,2.2867933965417793,3.964669127932397,1.7478328796368243,2.1767760558014353,3.945726298030052,1.8458318756329983,2.472921896985653,3.229878241732409,1.4646399884242423,2.9847803091258704,3.2414530752346837,1.510461715699861,2.598225442383027,3.0413898293068877,1.5527677402333167,2.7290944549488843,3.629978966549426,1.6420445060390927,2.553295201127648,3.376108251543999,1.690700328594644,2.4128739511392623,3.3375329905323206,1.608398279368185,2.419345046665964,3.7922950789966148,1.815517608801958,2.3821746116896287,3.16556973808808,1.6764085035304075,2.9379517676921183,3.2122425429649666,1.6758163415443939,2.565969674469179,3.469580191267358,1.6312685188670766,2.7579143949957396,3.6272484144241672,1.8268707985617612,2.6560883909399395,3.7503055301056762,1.9376608749461095,2.7895879140219,4.150945108686856,1.8826011922110788,2.4294995802250487,3.737247371705632,1.8065652768476892,2.8956530829417937,3.229195615330639,1.7836926622089404,2.4274073379419474,3.643512629148038,1.667788000310042,2.63630438475436,3.105105307897201,1.8189839722333847,2.587090712733498,3.5426140068961334,1.9925342449770995,2.4811529883117918,3.595834318936155,1.7150406048558882,2.585647048843332,4.122105093299978,1.7095710638620623,2.4478896360921123,4.023852782725222,1.6538466851841556,2.26106793350237,3.2925637621999218,1.5130118758935716,2.2260062160633987,3.3983557987769224,1.6894676052089852,2.762495024723203,3.6762324513773783,1.7875751462193,2.3892221990644105,3.747781313349952,1.9086849254598102,2.6210227604783087,3.618304910163419,1.5102961550450031,2.739798445368959,3.9986325536531973,1.7484428598570256,2.4430156898938526,3.454641440323404,1.6369368927481118,2.485119062431147,3.6814352578343366,1.7419196167505513,2.730708589074846,3.603852712537902,1.5703868039032725,2.4598754357071098,3.3424044996194002,1.6720294885072322,2.8730484644546257,4.047371885661336,1.8254901800669878,2.571377483430051,3.1187373785387695,1.7330012458595125,2.40779868664133,3.9565461310384578,1.4590841465314266,2.619207179999421,3.255212974257897,1.6985727221774791,2.66989227425599,3.7861512328589875,1.6908964698602629,2.687018979032675,3.3145083723886115,1.736830757715983,2.7303973345988153,3.5929878538791966,1.6205984455440041,2.499772373838582,3.784383697513423,1.5362233074607763,2.380023275878658,3.668444852747286,1.6341284608187303,2.288449524657056,3.878229226771735,1.5350599568180139,2.5141025976024647,3.3265342197676127,1.655347477168967,2.3907684976227586,3.6999981865541693,1.7166235286460367,2.7270576471379604,3.329432900768318,2.0199532654923815,2.2071632186092898,3.056162225781758,1.9629627271574641,2.635327500140349,3.595588103255701,1.7646912960977017,2.6528173086270805,3.583934961721506,1.5551143262562341,2.6972743629131024,3.684989899230705,1.9142646720109746,2.8675633938422096,3.5925333023001134,1.5158676473551724,2.8690541276163843,3.2149180181991763,1.7506946290508572,2.503787893244246,3.379424901948258,1.8146450182297276,2.594002727868234,3.6437076175550764,1.5776470564754945,2.518666506232561,3.2845302056446037,1.6701392618033801,2.528622799523866,4.016405168497343,1.6610917228296889,2.1673923015844836,3.8906256304498203,1.7673889061039034,2.52641812178039,3.3775796972788936,1.557961151591467,2.8988486574755683,3.5145165688248103,1.4393373284777788,2.6089932059913434,3.8377280765697552,1.7234652002530246,2.3877131750048433,3.222499199913096,1.5624021608421146,2.823898439468451,3.479934064533689,1.4481913377982054,2.619144106652003,3.539490299960595,1.6326656799675003,2.3663267839040136,3.202109428063595,1.8629950723199507,2.5945523140449174,3.6340202261052994,1.736713821437018,2.6089839668841277,3.3688494942400924,1.6691255968278835
sub-0-072,0,2.7596841249765074,3.8960852469893514,1.5166862018360374,2.512513410040599,3.734999900518226,1.9823119598323595,2.8707527246395346,3.27718781181498,1.8912569177308738,2.560554534379263,3.7924366588852068,1.818241802123193,2.3224864723383423,3.6539927078556094,1.8508544886753933,2.54637205409499,3.431031400354146,1.4642504132340366,2.673051152979168,3.558449542987895,1.5616724127934871,2.491348800562248,3.5432609097557766,1.6162046316420993,2.55048188295178,3.010018858783034,1.9024132545277932,2.552863671293931,3.192181018182713,1.3310436727418475,2.7352442893860105,3.6562656347626197,1.7316028570203577,2.7054566402276286,3.7410515509630793,1.7291657105080298,2.5042414408935927,3.383200352387728,1.76314130358578,2.801465647478283,3.471187112031528,1.9214716108875083,2.617167445221434,3.6065934711846652,2.060766420098596,2.8474820789193176,3.9700105884287002,1.5803579512449712,2.944592850388132,3.476979297646412,1.665876323036974,2.1613352855856167,3.5913614308750703,1.537496906284604,2.6234856891384584,3.1747617626934463,1.9696549756692205,2.649283313317811,4.138364041209881,1.5465463952761231,2.8288522640474354,2.9952405232308084,1.731211321471144,2.436307838410449,3.3745721701299,1.6225255373136755,2.3853510866367604,3.147287274137806,1.6336359789602795,2.5708851115116365,3.825834419855285,1.744302559493158,2.7599772362329893,3.0861104758520117,1.6350545891436887,2.677980885444556,3.59609341162158,1.5708237328011232,2.7181324005898624,3.3512435090533055,1.583395465790942,2.6376505968894253,3.501727422293586,1.6215631497457084,2.449763665455521,3.2004568960541246,1.6406377630911702,2.7480016983877382,3.568474129636686,1.8437891121166017,2.642892336781446,3.3285710620478905,1.4526288087823636,2.3831662143533165,3.3120539728926945,1.587712569456251,2.7265835868347494,3.7717647707179167,2.0317819460414968,2.4125301891853703,3.947285525698036,1.9386900808496195,2.5081925235530043,3.6325955111432657,1.8861099873711815,2.539393567920793,3.4618103023799,1.605899386832382,2.1251930666406547,3.5197320526167744,1.593519600881986,2.356437247748971,3.618213662040408,1.4823031638768351,2.695094380430511,3.6354078082729457,1.6399710182454121,2.5386041544879974,3.166738093636812,1.8125507905048064,2.5837255633892275,3.573317987285072,1.7752835569509695,2.4343652254994894,3.0746636830221385,1.8435977562368946,2.673969314450233,3.3500995350841385,1.761366529869506,2.776435218969231,3.818836224863503,1.6153161745352007,2.2820230118218348,3.131179760912909,1.6532410980567334,2.813217083991688,3.296035284600417,1.6105508220485967,2.4389560023387027,3.3511153770391733,1.698315973387006,2.319590968580684,3.803620787771546,1.678276838298553,2.99624422345056,3.1714001204059956,1.9384799257737362,2.8004421716375676,3.3847284775232183,1.6407409079732198,2.3841663930966184,3.2452500009329244,1.6999091075337711,2.553725277164345,3.051340525256474,2.0440257984988794,2.5032869657106485,3.5183714376208126,1.6060643849879837,2.5019382829634695,3.399794128851622,1.6995604361262109,2.5473738161229393,3.7253625775914996,1.7340829905648163,2.6767709436719103,3.4972529698944785,1.7346878832658836,2.506564977117011,3.7808712856145417,1.7483933644273886,2.5215465261876777,3.44738516232563,1.6836140988129504,2.5554799062618656,3.4842188916587022,1.616173751718296,2.6876820999482867,3.7318612779134877,1.967578525685112,2.4413466520839426,3.6866028430425897,1.4136294025575977,2.6992277517039396,3.0921570077979883,1.5523503344641572,2.609800559222847,3.3259802700817525,1.5862469734995635,2.4627331159502974,3.704295277737187,1.5600664405373383,2.5402521244399434,3.393976240328986,1.822983615699352,2.7026259157349117,2.9861210967178886,1.8567664128146473,2.4400639368374137,3.5661618156070687,1.5591636889425056,2.616804228487761,4.214377707013909,1.7190748341927549
sub-0-073,0,2.4672274108236554,3.4349948542908484,1.479645506414297,2.810813391509602,3.5876072701270507,1.542665314055323,2.3670627077768245,3.504279066161671,1.839799309000773,2.342821816427345,3.811754615722808,1.6862549672064644,2.3825561906987223,3.369046680559566,1.9622830815694563,2.300121599421839,3.295069972335079,1.842887537695238,2.588962267821654,3.278452570887745,1.8447189854547235,2.7322132319704524,3.592789387185063,1.6081405118624728,2.4675051684298155,3.5797092982835514,1.503210640817993,2.78900127860396,3.9760585448292347,1.6646067725239593,2.614098808637545,3.8320245719978114,1.9933341257851533,2.8302566403883254,3.014049496259538,1.6526669467508721,2.6401238852669793,3.361619156867459,1.9674150117560547,2.843287531104474,3.2715395604475557,1.6756399970141413,2.415080255485865,3.4453640356502726,1.6661851475999925,2.7217664246544344,3.2512298941545263,1.3074875592566353,2.261182245197732,3.2120755484421157,1.6016462616504392,2.583691392110738,3.197657706451919,1.51833491146101,2.38269946482262,3.1876168796752613,1.6168259383556531,2.442488268738888,3.692935908752667,1.5515705922395566,2.485632606900641,3.3473936496233048,1.821332746405635,2.522229730316813,3.7941950825517745,1.5271444735992787,2.5411140104817322,3.338750515231619,1.5160930853171595,2.5378480126226894,3.9852197723058627,1.57206367956108,2.527058103269202,3.1325751465140854,1.4811158342143986,2.4082945807182776,3.3740047567438296,1.6391625438603274,2.509315497285739,3.0384668606030565,1.6061080682739541,2.6403165252126612,3.1196913795895296,1.6467281457732392,2.602711876788852,3.2809652618333724,1.751228659424127,2.2761972697106945,3.7487658804210175,1.7548701099640542,2.560019772631704,3.8149490473656353,1.6505976411145078,2.4387858997568554,3.884312399547229,1.9761148703352192,2.4251812128988024,3.4681518936098117,1.856756381489218,2.5359338996740606,3.6664847824466356,1.8170605396232573,2.448785176399822,3.6173969057520727,1.6990710958235093,2.3309636531891225,3.2228972590000478,1.6021374613405446,2.7171335731444684,3.7691802854477316,1.8124869377482427,2.629219926587811,3.615591366003803,1.7416340674332245,2.6233674699758938,3.6331015234259767,1.4893366751408927,2.407755513730037,3.211901945145028,1.8660717511481013,2.84773801864505,2.892666582284591,1.9347221917807491,2.565609847235675,3.7835615493644363,1.7759700731877344,2.8092711096479857,3.558727881340099,1.4954818311780624,2.530978520920822,3.644383692909906,1.6676058347698461,2.6683917099874805,3.4816047311806755,1.6106736021327694,2.3545238910039226,3.3902916928906635,1.730685747455049,2.197309475233929,3.2815786049997935,1.4004961932838402,2.438926526283953,3.8352481256004225,1.5220825427406746,2.676568754255039,4.29767103564745,1.9180307196886024,2.574032408470418,3.7403616476230153,1.4945475796344811,2.2667853623861003,3.50803547054223,1.7597915845202616,2.746992771164863,3.340746600407632,1.729009322654247,2.578640080179535,3.463209650438589,1.6891287685798997,2.396153189524879,3.5783180743477896,1.7292574970292618,2.4707978821279135,3.6864167944865986,1.8541747382648444,2.671927733275583,3.208115870382997,1.7149468650292987,2.3859423186845783,3.527035328963953,1.563869495447013,2.779889400723861,3.7193328113255557,1.8729483958013584,2.739309976235189,3.424232080759374,1.636158538470886,2.8635102891660273,3.4537664979517237,1.4968129036292002,2.7313440120598482,3.5402571871138417,1.9258916185968473,2.5937345420365525,3.4943995835429202,1.9289181213162034,2.273076057893342,3.336098554711158,1.5668955542217187,2.1548856398568086,3.7444893998446487,1.616387237902559,2.712966247496383,3.608944217545689,1.7910713699941525,2.4680280934486833,3.2860105196841864,1.7134641312829582,2.7154502729954704,3.4858930384645523,1.5947095516051562,2.334176743548295,3.5571656442906714,1.6168898697607192
sub-0-074,0,2.5370866942698465,3.4331419409703754,1.633335353797318,2.602884640936712,3.65526114356035,1.9947918416976176,2.686434188643212,3.9462310522527595,1.5772099442897394,2.2618299412691356,3.4959595283983558,1.828704086622365,2.6762091092686973,3.839186840251441,1.319518196152219,2.775535841079157,3.5939295354002994,1.468397998231248,2.680235192411185,3.54745512151323,1.7571843947867076,2.7298396470567647,3.6204771031606002,1.4790762352295472,2.5242552714390762,3.0470593521617504,1.7973592820838338,2.801634643485127,3.1523934504853486,1.5992804359201385,2.3911735221980095,3.3729065238572655,1.7618634737298302,2.470247558021791,3.682708448355727,1.8598069655113962,2.7483166670392696,3.1869092932964986,1.9078893416709084,2.813893011277723,3.934750380746407,1.6763277770423457,2.41466835480415,3.2244124663855764,1.5347330170137772,2.552104273199676,3.737398519817319,1.8959837661481016,2.4625997190547766,3.489167285217519,1.6843718669897831,2.4356495550242747,3.7060098683329734,1.7544272369934837,2.575528171521529,3.6003255229748587,1.7923176871936226,2.65897866344347,3.26522281228588,1.8344492823114418,2.5959659011825007,3.3783074654055256,1.7351344537169255,2.6120059458105094,3.8028994268059546,1.5430766557272229,2.788497183657755,3.5064865797667517,1.6240770123877102,2.4533835420257155,3.2196170276640776,1.4388627674364884,2.6719319784646567,4.05464819211815,1.4573576976746276,2.3789229751325354,3.710443292960693,1.6931544636992866,2.7001954636095267,3.4715182535183255,1.6129058751100434,2.5093484200788363,2.8330149617683302,1.5284773481527303,2.720690287359366,3.8337319563700767,1.9109249082638473,2.6293564823606457,2.8683007151998443,1.6047490206219286,2.7884380217787537,3.954455186831395,1.9043971614510864,2.507474556341436,3.134158757359122,1.6939052615062278,2.552665263281447,3.938358149625607,1.7341686950183317,2.5530026121985387,3.5205786414801685,1.759978824464403,2.662759215491082,3.297129518474961,1.5413569408061647,2.7967005338528454,3.0405084375580085,1.945662118880716,2.2060778344943337,3.336328482807314,1.845778095587517,2.550061540034089,3.1313864949466845,1.7639642231188994,2.5620607815240866,3.439506479236246,1.606411656382564,2.5437709200844916,3.3370619486533406,2.0651799003273736,2.5067969126729808,3.395348052930649,1.6187545781768315,2.8698511517108747,3.041061274189241,1.7539148632849126,2.5069278050622468,3.1014479707002365,1.5771385508205324,2.6070517189030498,3.2579698984962953,1.7389345892330064,2.861247581163543,3.5477681896208537,1.4819731282213255,2.39757667286756,3.4200863931513266,1.6471647321508012,2.5773624921208653,3.5874840237818586,1.9595791932678288,2.549330460284179,3.1773855548747454,1.873070919537285,2.777344423820584,3.5650840663216714,1.6630408407186557,2.662058352458831,3.4408976521697316,1.3916436606833773,2.6514253709350437,3.749830413552882,1.9161630845568993,2.4184634802685383,3.5633262884411567,1.7371699336779474,2.5653688607466862,3.5321596907201402,1.7055704023065448,2.588114892284907,3.7073906895186988,1.8830431286876474,2.413860164275145,3.4517556206593087,1.6366087820168513,2.448178975703989,3.0475112037143126,1.7036333683779443,2.6362776665181515,3.456572069468316,1.698656315540437,2.6253186470236436,3.895113514645817,1.6370353205715447,2.3391098194198996,3.474676758841788,1.9825341895054918,2.34103789948289,3.6820379947624797,1.873686984392767,2.124203840509033,3.6148623066103758,1.7905115955609643,2.501879663751626,3.318997202894879,1.6114006471214029,2.490857670742388,3.4154131111274224,1.6263834435864848,2.4879944545171595,3.833421710677056,1.5178356831627298,2.235169483811114,3.8378998300256084,1.6711973360989125,2.4801181873531433,3.468859205354853,1.731391505116869,2.455670779118694,3.641660715741245,1.5556606139286655,2.4956712879871463,2.8798850485202694,1.8758355702295662
sub-0-075,0,2.5183042146192665,3.6876291456864045,1.7714861876399375,2.6489664804668376,3.497822851999183,1.7582341089108762,2.3769688057298497,3.1720700042556746,1.6848341099742117,2.427640251528762,3.8991299685098393,1.7562716643960665,2.4210333497783028,3.4239686772184377,1.7199509872982148,2.5377594678931947,3.576088889221594,1.710298181669346,2.2996817852753852,2.8977467210989047,1.6439586432662012,2.650888686917704,3.3985366703221978,1.8854846170107837,2.541560394126198,3.880014897990554,1.8727855158896458,2.7392316357314037,3.1630167424220397,1.7025711001959802,2.770099227746816,3.5762565229322507,1.783153985749845,2.300180285079188,4.037261180570259,1.5812938396151874,2.1910034744849645,3.401684793408981,1.33287742227184,2.3546774739375897,4.216383313269245,1.642993883374517,2.2929983097636377,3.507083408238513,1.5653294382452037,2.7056134559413074,3.2509274617719086,1.7406100565202738,2.343529373362957,4.227727880541355,1.775543558004097,2.5238089564531556,3.41797168982324,1.6169600025125954,2.4130355736346467,3.279248916669268,1.9517493275692928,2.450529487610177,2.903762706141242,1.5251048418680158,2.7169904315998448,3.4293492641544256,1.6798877599795443,2.7605666012554364,3.282393355031755,1.7948626583196357,2.4297810330382332,3.6612454582906535,1.6413297123845512,2.5065211485259757,3.729637424103158,1.812203721152375,2.5202229626271744,3.36794537240146,1.939872137672248,2.656079546069634,3.3904802935757923,1.6020373455065366,2.734481551249585,3.5323120240948844,1.675467050731087,2.5706955316012667,3.5945831248983575,1.6914966278853842,2.7666636360317387,3.852614773339356,1.77978321788027,2.797449418289213,3.502379095078702,1.8035496507506923,2.730802137396949,3.785330718404651,1.8373998721607516,2.663614054934703,4.047995872378664,1.6190456322101763,2.522060258239162,3.4399370665379623,1.6447899282854286,2.1920210321853113,3.884962145598309,1.5460939311430584,2.5805666835742973,3.101878870251032,1.7931073596079607,2.408628713530764,3.181930661249464,1.729151519672256,2.4238677755131266,3.3392354530958155,1.725768442279943,2.693998101654195,3.270847863395921,1.551321128901275,2.5542270600028094,3.650990722472263,1.9194132787790936,2.3571606723071334,3.4109692116442933,1.8763679037612881,2.905157016504969,3.2219345201935488,1.5891782120290026,2.6185980170297745,3.3382319201859354,1.586115236823507,2.594004709146403,3.9338375870471376,1.503577655735092,2.8197001394003123,3.339064618796791,1.7518687881887298,2.8363531297983346,3.5910906058445913,1.6553763427701218,2.679271612085053,3.4515134633469167,1.778202657439192,2.5131574202919924,3.741122811156931,1.4908652461174676,2.367566107663138,3.105500041036975,1.691535585620549,2.2746831206142413,3.3062871589812906,1.5338737093146788,2.816341721316988,3.222609501390765,1.5070181445614987,2.5947009360778384,3.972309923277265,1.6825899381131473,2.543030524834128,3.8614120891019734,1.831734400732467,2.6265746972301405,3.336944596047946,1.7683936859429918,2.3050588628365163,3.3253708461700726,1.9147193976432875,2.7843586832534015,3.6224957158139053,1.4105969417935011,2.332520124963033,3.309747719988061,1.6742451452991924,2.3249259929089265,3.431032157396975,1.9650942857233034,2.622150457834561,3.56127145610909,1.5473666871472267,2.2549827383917487,3.1561050008479494,1.4480916277938485,2.5635063472034716,3.6074880252340606,1.555206507077098,2.576625481183646,3.9113182685450396,1.9936546013520855,2.6886738631348592,3.451044658891664,1.8107156365814383,2.7933257970620327,2.9379761214186435,1.9223103556694623,2.4519743722932485,3.3502103726175028,1.6467608041121122,2.607615144979636,3.1888488089643454,1.6572778947963571,2.64454989716962,3.561199949796718,1.7571221771542203,2.4916856317713787,3.694238786689544,1.8584624183004284,2.729359076189288,3.619730865196078,1.8408338913085518
sub-0-076,0,2.706790905140651,4.249422213871561,1.8827100605073062,2.5340260554056493,3.2447297995428763,1.6608289617861334,2.4902787259920034,3.643198318963243,1.594961563221605,2.7645918908736724,3.1109223583493173,1.4551212295525375,2.525679118573437,3.264083466225257,1.5112649219023555,2.4353274080991283,3.2867839678579016,1.7015201496851329,2.4383152581034326,3.3490423796899798,1.699270142266806,2.732563482732376,3.9118087303368614,1.7221651343726097,2.5905977613786932,3.4487076351571644,1.7721872930088618,2.6202394849051447,3.8712373512647553,1.4166943056266856,2.5077904061318024,3.5949731633557405,1.6960574063686833,2.3809488542226998,3.136177329812666,1.8209483639043293,2.413753346928645,3.0086278623784315,1.8284859290014848,2.6326169220802917,3.467555252711694,1.5628172610858457,2.529580540193311,3.8403645281453773,1.45779510709568,2.268484028986873,3.324225709584525,1.6960034469810192,2.4606674583809194,3.6799886410467653,1.8633250916672521,2.600178379429344,3.656921056251709,1.7408149328035507,2.551711456364757,3.137803564051885,1.5458012438596058,2.306834674145053,3.4584186574108964,1.734841704688156,2.289132770739352,3.520326613188562,1.5687175507609687,2.357544118163365,3.3249021633630016,1.531928525248243,2.6591986412326714,3.4529587629463,1.8222821085481382,2.4701706566208714,3.386407902672568,1.9810073961220183,2.257849115097539,3.859654748157516,1.948178605646874,2.68784714932707,3.407468268576113,1.9140353107609611,2.4920829552198,3.302380036000998,1.6417597483712505,2.447365126958663,3.234945525022517,1.8665011751163447,2.4107792965280788,3.4916988431020157,1.4834342165901793,2.5555459227148543,3.176340707617633,1.522927126561215,2.530328176182705,3.7959522342506617,1.7660620531609694,2.6416416695038967,3.463623189605878,1.6496539602274223,2.6924053149289624,3.3423103945501755,1.8251651231671544,2.7724704490081304,3.2644117007667823,1.5958331756550188,2.451774808845371,3.0892504647890444,1.6295895902549213,2.7842609526995106,3.2072388481461025,1.8987794162980922,2.4719799975684458,4.091929978388771,1.5977280402026859,2.524083249032011,3.245148741746128,1.596844883962126,2.7908722500345102,3.6328702718389145,1.8543226668766173,2.313193925821794,3.6833519668842163,1.5542835024919293,2.3092826676540863,3.5668545188789955,1.734280750011712,2.559602241533847,3.7009163555357465,1.8310349476450516,2.814551281054866,3.166703960474366,1.9253024368175335,2.8888160681452035,3.3974555953934304,1.4497262475390236,2.3009701956475586,3.3706816133385606,2.0021212385461133,2.553074400036572,3.327188447309492,1.5971896612464054,2.311909981498957,3.744881288310509,1.6861896882921372,2.927969311757238,3.675898630999406,1.8244904474085906,2.5064211304663178,3.1945115053114232,1.568962852950623,2.3035355500999652,3.7549105215490655,1.642262721913117,2.7214500971265716,3.538056032646118,1.6560772466344331,2.339471489705661,3.5844571652295496,1.6672050475329807,2.712393107031976,3.2996850107548323,1.7924161660245554,2.8453527149200566,3.5763156561047214,1.8177937179112822,2.652940244311964,4.0314656156649065,1.7557340632540743,2.6759925933123916,3.489842712015532,1.583841719647586,2.3325283765773897,3.854738738378269,1.5487460942986189,2.6842556099610175,3.616484656507453,1.8376678017343597,2.4573518359350204,3.278595623944701,1.7567557757149637,2.4973784988226475,3.155312065750242,1.990778831351052,2.4075465301267416,3.2217828406441957,1.6636796347730933,2.775514542448424,2.8933141879253874,1.8754825421863173,2.3859347697378652,3.5740670672303114,1.59859895574143,2.908545033720361,3.5348936242598583,1.5937862674488146,2.4958035620692156,3.5250983809724725,1.72665149116433,2.6289772470338377,3.4996067098489516,1.4934256375086925,2.488751819237701,3.6698643449554402,1.5995175790431497,2.6711006303457077,3.508881077228187,1.6673389764850264
sub-0-077,0,2.7649459006571266,3.013323195572401,1.5987018652603024,2.7718371677421794,4.0124137656829895,2.042898872700755,2.5590639954608947,3.628211266292352,1.82261417408535,2.779513548988491,3.5876657417089333,1.83892233851691,2.632759284080014,3.6462227037343453,1.562244614464988,2.4907415305122793,3.3536246245382104,1.5216656819632217,2.252711059642035,3.3813843003941986,1.660417651034561,2.5689066736850115,3.6556065954352395,1.7282183365408732,2.503755988044496,3.243764631582475,1.8315603646251826,2.5316720008879074,3.3785388573980653,1.6720318576380095,2.4181060174761524,3.35141130144489,1.6156312530064718,2.4982792647599155,3.6836113879090653,1.7610668102810911,2.828412733310541,3.8392841457913622,1.9934632659851863,2.650648526340749,3.6520694622645884,1.6268876333544295,2.6986826815491893,3.316287259587935,1.479431671342763,2.8247382106045955,3.150229153502852,1.7658277684393398,2.3915403528899946,3.8154669343817136,1.8894424978656044,2.6452520053361734,3.848982118653336,1.7011005613746684,2.952151442548689,3.708926265378014,1.5649172660564459,2.5625292075739448,3.457299432659781,1.6624363912343507,2.2517149389781426,3.6083220724441687,1.492137053158917,2.0954266895059708,3.403676180485475,1.5866159519911642,2.3949233377256003,2.631133133897654,1.5723735686070426,2.5187444642689134,3.3224368967730937,1.7581015514379996,2.800678916725601,3.644582883271449,1.8539591441152978,2.7496428041367205,3.2147189852213205,1.7658672039029293,2.7291283236057837,3.377931066146426,1.5814060024954564,2.6454731626589596,3.08514391589945,1.536799312540056,2.4299838574349817,3.6261439796765984,1.7328368782333496,2.7358267583193836,3.2418763847782426,1.5536790543098737,2.6443041543749395,3.27637326685003,1.609474412675837,2.215782328934685,3.5814368803958043,1.9311935707724253,2.3647279950659312,3.7860770112816318,1.6910902128515073,2.2322253650861943,3.249476480424124,1.5565299000794341,2.493024998674687,3.6174640007650773,1.9773384255862148,2.2923937569146724,3.364262328862403,1.5656028720633932,2.321763696931926,3.5267253522506783,1.7002219986780271,2.2235155775250837,3.50508214782473,1.5191906010633291,2.5521289894442956,3.8554590180977053,1.7694601941613908,2.581953076993276,3.3519455879270517,1.7100301476267161,2.6513857600045467,3.6299665759863546,1.6851171854279683,2.5891277383090046,3.1313626903882175,1.5898494837833392,2.6773607554582775,3.7357692263847784,1.7140397886259042,2.8162138321857273,3.6422454366091825,1.6650308723205403,2.3304445044526996,3.902845310008096,1.8155476185731865,2.873696056127493,4.106717287541096,1.5069589539825858,2.3188199260571065,2.6983040244806613,1.8377543205544633,2.6681668837477677,3.527378120035237,1.51608001534349,2.533973935957541,3.5517175386021576,1.8174088500318755,2.5991376446037515,3.6858643625975267,1.6813803695128926,2.7626667409065453,3.676884421684164,1.5219600393948762,2.8000596661781234,3.843160026360238,1.7698212105579412,2.6005291868977434,3.964411239285931,1.4550030700591887,2.773420414330737,3.366662124399182,1.8642766169615579,2.5716676524904276,3.151980713445693,1.6255220284946463,2.7339112331698736,3.4411417932304356,1.6067771877922843,2.436929029596896,3.679829278225461,1.9625952545209944,2.1646409932854693,4.28419164525612,1.7305619343464196,2.6544403443537887,3.3778467107987264,1.699472731271476,2.5846523421835994,3.20625312214563,1.5791477842613706,2.7632221573604254,3.065342883299418,1.766155865497031,2.483306956313547,3.231001998146839,1.9957897777954101,2.378189538972941,3.183571440074348,1.6719540944719196,2.4116594458616216,3.5017865839584736,1.7233098944977085,2.5922384518142865,3.465310562771802,1.5946757445361661,2.6658125476822794,3.4687260253788397,1.6256574031917532,2.816398865837554,3.466032651090394,1.8637979902244886,2.77083092047969,3.860548393919222,1.803673671216665
sub-0-078,0,2.549885970562362,3.482068326617713,1.6633819822275067,2.159958779397637,3.7012659056094015,1.7366698349577618,2.698594367917553,3.46723956558785,1.7997237742930288,2.30204872868494,3.1726056294067604,1.3285682600417927,2.5258171447503073,3.283692835421992,1.564492718724437,2.6102374280337552,3.380857985624664,1.4850363489794505,3.0080580190953774,3.4896370262633387,1.5375255420596456,2.429429617032051,3.451519968677423,1.6737131056614198,2.7843895691482574,3.477759611862982,1.9782812257802378,2.4721638700778206,3.61940209127277,1.8532970291491746,2.7651274148481018,3.8673242208800676,1.6591982388679798,2.5490119331505143,2.8057616813621706,1.670598494209916,2.7464257520273967,3.751114214359647,1.6870269318484878,2.855845099727392,3.392478520383454,1.592579026397015,2.4657308876592534,3.1857097930458877,1.7933592547555304,2.6019267260895496,3.6707942449844544,1.6378443272103183,2.5395468637189342,2.8900427574455057,1.756433832696657,2.567791461910737,3.1918522547818298,1.6843013701870104,2.50358712562737,3.994007341802098,1.5408309547808292,2.6096567121960064,3.194584861250059,1.6163189833894593,2.5998274116646014,3.440818362558329,1.6991013715679666,2.6098899794817543,3.3617669200644036,1.8326219802223158,2.495013646217231,3.4726844707652798,1.7541966911881783,2.59086003620967,3.6803838188719986,1.7475446602227058,2.634425519080111,3.40889569603376,1.5396843352871719,2.293024997504485,3.032201158660156,1.9644090076593912,2.1517007860390573,3.834242579713589,1.576869648305379,2.763559374981565,2.883288792183674,1.6647359147175076,2.811724392544548,3.699698677773163,1.6494101808963813,2.200264085724873,3.129703213797739,1.9083720644839068,2.487316583774329,3.479889251044237,1.7425302657053945,2.3154889956442397,3.61404125035525,1.637057677899649,2.602866501403597,3.3381457422496306,1.4640325909908265,2.4730729442738366,3.6794177327902404,1.7591090133615552,2.5555675561202507,3.751476918842896,1.669460898118366,2.560129736522739,3.3656652736857566,1.8434926965130183,2.6024751385899174,3.344051729151456,1.4766455380208292,2.7488930294816987,3.2916617856683006,1.710809652873432,2.9734679429660225,3.7244226716853266,1.9416724383240487,2.453137533742593,3.799873391109658,1.7040003489427835,2.6158830457383444,4.065835679651077,1.658203126377544,2.553465801661776,3.2470998975777703,1.8332702833862113,2.4490871583084055,3.786358916429286,1.4525130137382722,2.648754852930049,3.3197658743023446,1.8095776458995316,2.5475593488862387,3.3501051038368783,1.6420160574686007,2.3969301059894446,3.7345805714898406,1.5427043975861878,2.5019258450280963,3.5966670823166926,1.9420241788172778,2.548326251839473,3.4320970357692366,1.7410452297674042,2.1767764411786024,3.1643792038065985,1.6436950251682323,2.4216655528681224,3.0517666790118447,1.8286667976751376,2.5967562113203178,3.5392742692391024,1.5959013273268439,2.5642907336394596,3.6440458486434966,1.6602655919145077,2.6300230030632656,3.277103065088968,1.7146227969484569,2.7556496909266976,3.844965517001291,1.8991383207424493,2.601402314777925,3.5088519073601687,1.6326816625760878,2.224652743826865,3.123428085007862,1.674791754205211,2.5305080791568826,3.8954224480658177,1.8972198694063438,2.4264324945324147,3.7291312002249253,1.6284396703139135,2.672870941740684,3.7256849638698886,1.8863139218221605,2.4613241961391146,3.7840050324106587,1.4190778945818092,2.783318822676995,3.4929953176108155,1.6994408003021453,2.1832614289757184,3.3911735515707333,1.9033219099420327,2.4731936594934933,3.699769573073058,1.7051832691571163,2.7412804451279453,3.553620270257155,1.5602282703352846,2.5601611223728096,3.9483407330363396,1.7746467617054302,2.52903966468714,4.131608269357326,1.873882355384183,2.697012104771723,3.588855890268425,1.8095410752126662,2.687291773172911,2.8888117032454015,1.7592404319244173
sub-0-079,0,2.521054945319581,3.3600626435217587,1.6706844079933643,2.2699472363720035,2.99470917198959,1.8869753626172745,2.6331884075476064,2.824356604380562,1.6135423187897389,2.708499312011375,3.421595975358223,1.886750743069754,2.738955323869794,3.120120861393,1.678501385172675,2.469343903534433,3.111013277581412,1.4818588512717092,2.404916121676489,3.3205408853364613,1.7424844665865042,2.7379584251785953,3.6438205876274634,1.8125558360421234,2.502008792135334,3.6688400550516094,1.6777437527614607,2.470534971014499,4.031188265690775,1.3504286065178752,2.212805226484675,3.607155931157409,1.6602526477201325,2.2913428169699537,3.2047089336741448,1.5613391304707327,2.7106205766835645,3.839474920698043,1.9459343847845927,2.263977980002319,3.117205410896771,1.4846560288249215,2.7819942610386015,3.616822847237468,1.7120298824704583,2.59133316489254,3.4841020824011517,1.5318286928890241,2.642371102161283,3.447881218416968,1.519951772978106,2.65337138016445,3.3807794618436753,1.7341225230262065,2.527503750966355,3.7495860562229466,1.7330244461343411,2.3909339685257747,3.590160902590789,1.7532033086709593,2.6420399353269968,3.7900447913249358,1.607602582223424,2.6702284200924957,3.0170511734045746,1.682002277706754,2.500561220734624,3.9053966616504785,1.6765496856535271,2.6594379800708894,3.006701985595684,1.6472363052967127,2.3976552238619555,4.193143114522747,1.5999804864317964,2.563190233079061,3.5354412246370477,1.461578256359502,2.4553136261022392,3.6133346235417916,1.7128583412861926,2.135926025038571,3.341242395538712,1.8531232492170338,2.655880126916328,3.8410493385110573,1.5521528993865064,2.78056731635023,3.487566306479029,1.9388333751408409,2.550594798135079,2.926706862039992,1.8273881856960716,2.470167537964564,3.3946557088168245,1.4820355353395345,2.8419959098210876,3.354091671335203,1.936255366236878,2.4723762309132864,3.240231343398202,1.897929376104472,2.5367997451799584,3.4821998379405565,1.507756108957532,2.4676277961546735,3.62003483061668,1.505123000936172,2.452964215049073,3.382274997525912,1.7099661207070997,2.8163207362148874,3.4160131227647645,1.5964249006381157,3.0443467137644404,3.3787081010134394,1.6714012758246206,2.485587653545614,3.4225046516893043,1.7116632294523941,2.715743365966789,3.6131165625165536,1.861564334504963,2.7379251614293376,3.5583945895724454,1.7564467955095662,2.7495726017283517,3.1888612201593047,2.074731680335745,2.4577346765050305,3.4017298219606866,1.518214853798935,2.3372128545682083,3.7727295392891262,2.0405289916463376,2.447896780054497,3.597248627875705,1.7330249893568244,2.7300440212350163,4.121240050064872,1.9281460126972378,2.5070413294234655,3.648054937998698,1.7942086764113339,2.546383686389828,3.193137882620915,1.5801835672155466,2.7566674771672584,3.850366238830174,1.6688648952741219,2.5969899709308155,3.8352338699723,1.4443596691950051,2.4696565624490057,4.065003986815141,1.7448961574304975,2.3467411047533817,3.53283904220064,1.8532153388402415,2.091624071280855,3.549360028813506,1.644137816811127,2.2544403372413493,3.5229396314364867,1.6795279652359327,2.545663754604425,3.4024870263314666,1.546799367206879,2.2881354899523156,3.306606816723105,1.8288878171114096,2.591952652870814,3.4806314677549546,1.5440347776392764,2.482695312086242,3.7064041163400194,1.7757175643728236,2.464104203440911,2.7688073975890153,1.5987728554757628,2.4631149868300852,3.2460103374432268,1.6380236325290443,2.696979023075139,3.489556993172176,1.8484544071857412,2.278493024583827,3.414582063772616,1.40914668337325,2.473216044629367,3.2072159125166513,1.8921879250142573,2.623748161051831,3.784152258766044,1.6355978262090605,2.366450742519004,3.2055623615292372,1.7398158921156286,2.875829068954816,3.615467041765737,1.6437848406068625,2.516021246077215,3.4912359071094965,2.0039963840267236
sub-0-080,0,2.772049541850279,3.5727885211621024,1.716459795170916,2.6038836102665774,3.6383971873992613,1.6380203070536605,2.3980657894722053,3.7890216729553625,1.7032974095857976,2.720771028446694,3.960924449657404,1.778092210114934,2.6145387263226123,4.396068034544778,1.7310530192419726,2.353701574587657,3.4212569349918436,1.932752706761831,2.3170498769495915,3.2893113108371654,1.8659640208952775,2.5011082843476538,3.4691311796465816,1.8610059230195943,2.420972188382287,3.0887913135738225,1.4916671043706196,2.6547204798137316,3.5725569862726223,1.5961150230081005,2.3414175082547155,3.4242395249583173,1.8674775929375709,2.3995527683107336,3.3144484738532825,1.521421764898043,2.483865679961609,3.5946621174006426,2.0172753735564637,2.5892006723075887,3.4849701305336347,1.8294404908977697,2.675318799329444,3.338254971977329,2.0453090110145116,2.5456109965870883,3.566185089699623,1.7827022880929198,2.6122570261703313,3.9271113472848853,1.6115136891305046,2.6910088047934866,3.5460791647077943,1.8474084792664285,2.51130261900571,3.4018837002771263,1.8098110231139017,2.6144387862761964,3.2703175953489247,1.9018418429621387,2.6818516875195226,3.479222826661105,1.6297653332403326,2.6155435614372453,3.6849358627274995,1.4608887389043756,2.6176225660541097,3.6827153166757896,1.3471327100048343,2.585314138574152,3.694490557630762,1.787131747139682,2.6944407038605482,3.4082813542348904,1.5440140347986815,2.2260460202822285,3.805822507359056,1.8054598240691515,2.7603280075491243,3.2969604195236397,1.8205754633938045,2.279517428647776,3.2565418035612526,1.7188965824761755,2.6693773733687554,3.970123485411167,1.663990390190239,2.394165050077968,3.2431983142072,1.596823108246356,2.9497848233655213,3.7119246027176485,1.8668797775543688,2.506982594307619,3.4995383689283512,1.8048896758937785,2.4589562239594307,3.4184337917669305,1.598794352560424,2.4694513140437193,3.51371401150093,1.576743481075406,2.6014762162432894,3.579682888754313,1.6731127035715725,2.401057225998584,3.529389653706521,1.6242643155572312,2.558386950079086,3.8074756908729617,1.512058982434395,2.9412275406408073,3.479693394299433,1.761775891085888,2.4145049837564696,3.8198192338716614,1.6811560295823995,2.4790587042361487,3.338855794042839,1.6597261961316208,2.6253025181315235,3.5483869933765613,1.694021040033459,2.421944144769032,3.2846314273010067,1.6308688576130403,2.632849628188928,3.685432765215713,1.8195566295347028,2.5497359591630144,3.607397343456991,1.6747323942675632,2.2363863616328934,3.4395404989289684,1.643701006196337,2.3629718632027705,3.3411296307892147,1.7202637121436466,2.346015578576686,3.3009800680035735,1.9321853023329076,2.2615128613415445,3.4487089953100107,1.5250535951353872,2.4147053763913,3.444633575706928,1.5518635816056847,2.653307510765957,3.878322173536276,1.8262517204154096,2.734430361189756,3.113674009871932,1.6635393467271298,2.6341357921236175,3.74393345595207,1.9630029488914738,2.74242712649321,3.7510168146286875,2.095039337080904,2.567335634689313,3.4190636372923606,1.7266036855490672,2.3852905039763757,3.518937460014986,1.4409721709333776,2.4546865734177947,3.4677065130216342,1.8424452936279565,2.749996297989545,3.230187221869697,2.011405015094539,2.5767072261191104,3.5672125904886154,1.457345977251751,2.4383896697783896,3.793950667229094,1.7254667694069648,2.5694066507255173,3.563608207761135,1.4835193542370928,2.532610460387732,3.894332499483334,1.863006143309824,2.5274641004191922,3.9378272288212357,1.5111352239847409,2.375094420325873,4.021814265604046,1.7866959677462784,2.4980002784215833,3.484510801510131,1.5790053330309224,2.59978666832534,3.5552687649672117,1.7029827064794034,2.3412438812620024,3.574131711099295,1.6205732851366952,2.372524093111946,3.8546878976304613,2.0254582036752886,2.899671623187534,3.6820343738534396,1.6601622381381214
sub-0-081,0,2.5373359951311683,3.613568633769437,1.6369628371308216,2.7873858108220313,2.9299963015880093,1.655641166901885,2.6941928685721175,3.2633552987616503,1.663977666323325,2.656855814923776,3.925115349970583,1.5059092576750632,2.303746592204125,3.2351115474048444,1.469369622423776,2.286051878025935,3.227654864645484,1.8850240322368987,2.4938261727476236,3.50878502972385,1.5566803614868732,2.6640366735116245,4.025213927793176,1.5668555173940868,2.860454706793452,3.6020388272869965,1.7025295248933066,2.6220222898185432,3.6093474197107644,1.9785656628594865,2.64363973172791,3.651510007919472,1.6367750270056183,2.7010338845635924,3.232082847385564,1.7163505984369392,3.068991040040549,2.7988268224990382,1.7349720494503176,2.5988921257582014,3.4361350681035834,1.6693221108398852,2.566453759169067,3.4294390828699313,1.7332969593231506,2.462230072952958,4.066269989249182,1.6621979385053973,2.6525300533724487,3.3126698920438993,1.839971454560172,2.68202420172324,3.617392866229008,1.545899696567222,2.414567452698566,3.972128436008931,1.585478943843398,2.6653623906382506,3.235492027549235,1.8512574853402652,2.4264484756504707,3.2303073914888,1.5931486284954648,2.4503155326010155,3.6133085393787816,1.7104075559206675,2.3528719056156904,3.4921748361363303,1.5284747889063355,2.665840325700176,3.731532811684274,1.6964078992175957,2.5988976125386967,3.990594750986035,1.6763595511411822,2.38003356899084,3.6621746660625814,1.5301019351351983,2.5120975866108703,3.332282787096615,1.5947270250186694,2.504984232783988,3.7519695713399432,1.865850318248628,2.7167170553563205,3.594179144955956,1.6613425157918515,2.1255915008280075,3.602945078117637,1.358100241286167,2.2037938902348575,3.4547330563796548,1.7396865866945745,2.468804717310733,3.929948721606311,1.769315248627776,2.5051065767768534,3.888166784650903,1.9347670021346135,2.64226056482544,3.282927855267901,1.6174594353467402,2.289587031661199,3.4881232736558565,1.5424937837833201,2.4907665415446267,3.5729680848554453,1.402443703699409,2.3225265716661774,3.3580825446461087,1.692120894691524,2.4610996560471405,3.424254979211814,1.5940719205811664,2.289108028474447,3.3502697823303245,1.6680247212604542,2.494129781350875,3.531302857263007,1.7628341855712795,2.6727107208414003,3.3226057660568107,1.4636304794120323,2.778887345831149,3.607924856371105,1.556800647323909,2.5999869101686355,3.799038525315075,1.9593764787859087,2.5951098497083915,3.796707778457961,1.5185596891527913,2.543537504712598,3.4061964582082305,1.7513854777556315,2.8400149083785196,3.5699690303981924,1.5593463891099684,2.3225810556209012,3.9608184175711028,1.7770690118577848,2.63065464245551,3.403755211203712,1.7401792677001764,2.372347216897174,3.6084155395970225,1.5237694795138959,2.485328079895003,3.3199899183753665,1.2113948536000136,2.4875816472239864,3.24831740115038,1.6684415174163825,2.5503101040867335,3.9950209440348434,1.7457063495736262,2.6101402739370365,3.638771873861389,1.8307712768361688,2.631770301693813,3.5788796468387534,1.8066870377844715,2.113205804250401,4.084934443318072,1.9384594767070098,2.589084435334672,3.1043581938855453,1.8815525648739417,2.425102230168352,3.649475484640982,1.50756415973218,2.950753241815162,3.0961793066095864,1.710347910547475,2.168006301387931,3.4884577133850296,1.6362072192292585,2.7546930109030736,3.3808937591542776,1.8707935374269495,2.365658297834039,3.4210507511474715,1.6607131853119241,2.639205886013925,3.603144839393976,1.808333773238504,2.5980295085921528,3.6851681514516725,1.5653204106960292,2.6199837600386218,3.9502976596847907,1.4480010848918603,2.6380214318944066,3.689498337822673,1.9191779566207523,2.6806884479922375,3.5280884638044383,1.7645109793265057,2.4176931897789586,3.3913689397398312,1.4996445740447006,2.81766531258196,3.6260440493062367,1.5625831309513079
sub-0-082,0,2.598844253279265,3.824617358798413,1.8489188488181576,2.3830250496300476,2.6225251315537266,1.7593079127344569,2.3903634662691178,3.67425170167454,1.8425405582504362,2.7504539600094087,3.988527336073989,1.8854535377115955,2.864918789181124,3.8861368961058926,1.919932636103325,2.5426437349264006,3.1389885992549345,2.072340538172362,2.5613315283388833,3.8440382579127856,1.6174587753463667,2.723506039658215,2.8154102689888094,1.6384334913498568,2.532286004989388,3.6295304551254524,1.8608037014901662,2.353054274106543,3.6847910928976573,1.8840000464955111,2.972264084895766,3.6978558354745097,1.6310741027778166,2.3210823617205127,4.012176643402265,1.8106012903389412,2.5460443863155566,3.046450877617891,1.560322407365292,2.6636376519793084,3.599073246755252,1.4080502661550318,2.663870260170329,3.0608377944984113,1.9031013602903388,2.587540064682892,3.370241994350196,1.848523150866601,2.613629871920241,3.8709797303814053,1.712071342008435,2.574987485953028,3.4201298788725856,1.7394450714150744,2.8556311583620655,3.3592260323829075,1.7971932723995954,2.3915201550585685,2.921315007050034,1.7311188110555165,2.616672976224496,3.4691856445561045,1.4756022543841645,2.6047741934354915,3.574567817559045,1.566682905336114,2.306371517134856,3.429331380242329,1.7979393870166651,2.6249978517225583,3.253365640606458,1.720538762753301,2.709682752985602,3.171653601405292,1.709473305206479,2.791135376430757,3.1430189965177084,1.8733289436574263,2.841453741418029,3.4377824529521517,1.6485487071475577,2.7359569954235203,3.4478834949917347,1.3470309948957362,2.5322169729558754,3.6317131110944776,1.8110125780373703,2.3914867503446535,3.4244556865476694,1.8465360896228449,2.5392002481455993,3.071953361690944,1.8856457014430563,2.5114600159720957,3.8055412576107863,1.4906814956200176,2.5282223854339647,3.642726086629626,1.6869282707748519,2.337058883582221,2.831695074083816,1.9284897694255039,2.5946468763422383,3.8267042947815186,1.8393003649040673,2.657432428701524,3.410025540558821,1.7734650388458693,2.8078566503467304,3.523243059916652,1.9852551566598784,2.2801040604359657,3.0500655888465147,1.848211282177909,2.4026262714262416,4.072134337720058,1.9006012056849415,2.8357628712164473,3.74764216555435,1.5617624564494559,2.2513185119756653,3.9186825073729263,1.4750647690981913,2.8352794237909533,3.6874921328642194,1.6885621019269847,2.629568583180356,3.630281461925748,1.6696384417119379,2.806623702285476,3.8895922409678696,1.723348895273141,2.442001010393945,3.8656671324332015,1.3966159429791771,2.629900669262038,3.707081030298498,1.5757472247832982,2.725281387738776,3.4926119588313447,1.6181449817076323,2.7233802011394608,3.19600835996463,1.830379000484582,2.193177681512534,3.5799972450847353,1.706576593432024,2.4528547619641627,3.609094963008923,1.6880644805948317,2.7398452129149984,3.6568422768649618,1.7679041349311528,2.6025350166408368,3.367793392166828,1.6547294675036455,2.59467885123976,3.451459343610002,1.8667179245649492,2.566821034117875,3.6052706501910365,1.4895974099156657,2.719781448970868,3.337271393771184,1.5436019626554929,2.8463134816402627,3.6953340262811256,1.8465643578337663,2.631809312923317,3.4739177771469607,1.6580593987915604,2.6902398333822006,3.8171053318267223,1.689772437811123,2.923057715646144,3.4447508060809735,1.490898733266504,2.240125906621084,3.0274228969937886,1.6379282311141257,2.508236756199699,3.6911278985503695,1.6957087947119343,2.7018067862341533,3.5125699931343917,1.70202821391903,2.446047322678479,3.8983247689113876,1.4702773555133009,2.6042358523284985,3.4491378707102145,1.817263189625675,2.546250707791947,3.5024202375724514,1.6600040566535432,2.8007861527437594,3.5006736478168814,1.9954476817420208,2.5990044746929564,3.5060927554232517,1.6782009560218343,2.6515644419433317,3.335249855585982,1.7218613598558554
sub-0-083,0,2.551464662539407,3.5910693557942532,1.7525045489392632,2.6223590784331043,3.5265733289285217,1.935341523852406,2.6260623869128468,4.2296761607406115,1.707477711284881,2.7226043926419314,3.2967062216550893,1.9101183882966954,2.4232288913805955,3.6276458450277067,1.660335919765381,2.631361403481039,3.434257053675983,1.5816120659118176,2.5011133878363987,3.931642434759661,1.7700914402757721,2.318006994621756,3.806707156347217,1.5662728729509081,2.683804671850467,3.6548862413268535,1.7924465699377032,2.883574049910272,3.267980541027436,1.7916192163830242,2.776725950237829,3.319864323545036,1.5881369629227509,2.4983062430209615,3.5909252500301787,1.4884285589058572,2.6492523583544965,3.1056517123111966,1.893999623871117,2.642478029056222,4.035679164197969,1.8003175640913947,2.495143118798221,3.276370402139054,1.7358336587116794,2.544554894073982,3.8321189297656373,1.5607071775467727,2.913762360082976,3.8569375436801985,1.6694714554614283,2.8736077615747715,3.2807241333839636,1.7308384684872842,2.320235210717462,4.017039391764395,1.4528919780378533,2.2907204946728115,3.322280330022863,1.8983485512014242,2.721872079494199,3.53417417590415,1.8528389316750942,2.529225529551993,3.618280058195039,1.9477589113484173,2.5056086028232416,3.2854156661839222,1.7705557571490484,2.683249375348479,3.530925366400678,1.8505071970559048,2.5137733554779675,3.5357128826833777,1.7561862323845414,2.60172498684674,3.951716056200878,1.7554334375000498,2.495297615714157,3.647834876417483,1.851327626040519,2.689362379473383,3.7012661199256343,1.4752924784728947,2.101347728968741,3.8570740708137747,1.7658286169309199,2.5461160650092514,3.6944076477784433,1.989096490349887,2.8044356098523537,3.769421760384548,1.5669911550751034,2.413777655465422,2.831806689217042,1.795027021082738,2.7495528955430095,3.833249852933623,1.8013145706915163,2.522267965519083,3.3420023106651597,1.5761952805863853,2.520583527150264,3.2262086489089943,1.963393109751288,2.3155731204481915,3.4448250824710174,1.4095672379853688,2.6033798750336516,3.4993325612680035,1.646481446954069,2.38209901211459,3.5006893139645325,1.6183308664978644,2.525363779913999,4.048080400537038,1.7258265823838854,2.6459160974353257,3.3699498628094613,1.5823346735487855,2.545867611579243,4.201099281358623,1.656885845765906,2.6150588046056678,3.2680484157746488,1.2867091942397373,2.407830360252302,4.166598667659053,1.7893085442087149,2.845366356189621,3.4026377742190466,1.3464753344365008,2.35043237937676,3.6111669330923672,1.7356420791404676,2.5481237166159185,3.3515302765178308,1.8409573530204866,2.459757598679827,3.586188723645556,1.7292992247548904,2.4836695601948016,3.253237105708922,1.6359004869915559,2.8872519208855945,3.81148540171453,1.8530583096922968,2.408436532780533,3.097447003569271,1.864474132363793,2.7128581068809896,3.5384297134711145,1.6444190168624808,2.286489962237694,3.742872124425981,1.8779202672448865,2.427763362871585,3.2864721117929054,1.8861592887513203,2.4344643966791732,3.9981368581997874,1.6836422363201435,2.480418892764003,3.512630240339751,1.642005239845397,2.7527182295425825,3.7480268390811085,1.8632159439126248,2.583213553324931,3.3722207404736584,1.69864039888584,2.4733745775173506,3.9106470236912285,1.8503410585697901,2.533525847965702,3.240587012104044,1.9311259532305725,2.5746031443979738,3.4635531111449143,1.9324479079578436,2.4582092135919478,3.41070046762773,1.6653861577436353,2.3130175491044684,3.5884059023192654,1.5856482882982323,2.447270088183998,3.302758065767534,1.6119394695044085,2.398995396477153,3.569219969733592,1.6766610361271428,2.5586414648774607,4.159060661409447,1.6766658228351203,2.6588905720025457,3.701249887814074,1.6905715063453588,2.5992838436781067,3.5057954932734794,1.7303837593567217,2.444426977917335,3.3616208333176494,1.7025383379924615
sub-0-084,0,2.195057344106821,3.918900381134291,2.0241287026998696,2.5806630467864484,3.6863313696302815,1.8621586505075745,2.3115594468759113,3.7599178246796385,1.6360340308348662,2.962330361367032,3.4472873204003656,1.836227333475749,2.5178856725351757,4.115073971772525,1.6231474674441642,2.75971598171893,3.675469807086545,1.760646494249624,2.591221332188059,3.3132364950448783,1.3120915534348883,2.7433905795230906,3.3631250491036004,1.8754400215523044,2.6133055982248194,3.836071898685634,1.820283878016421,2.1063548675137436,3.672170772549439,1.6484486771578273,2.7597020137082717,3.665538098638304,1.790445355694841,2.500996296772515,3.2444702662098184,1.635066956154421,2.226019392924429,3.3347037543269393,1.4803761350690852,2.291206655323594,3.5326140772233385,1.780107340925594,2.544277173568461,3.3603386607452475,1.557888775664161,2.492905261374352,3.269777548456231,1.6905753886818033,2.2761242806657966,3.6963689218976037,1.6149453316886462,2.617726242050821,3.7484221587767337,1.74918063228965,2.693842822127655,2.9213410064008603,1.626071500444417,2.748553800022035,3.642584270728542,1.9772694898327194,2.8567884863940627,3.5838857976461784,1.662203207167279,2.3774810316479416,3.366773601650131,1.638762963726595,2.4432151453712914,3.242865430632507,1.7602364881283068,2.855395142065602,3.7613118951044724,1.6516369912594515,2.7325251925681275,3.597062242714887,1.6938943473594736,2.531437909383467,3.444016761363286,1.7976599184105906,2.5751406148097558,3.2960416166784428,1.5834721836349472,2.6050627166307,3.620022340391317,1.6530301033524823,2.346238987905676,3.850270232783837,1.855790691429065,2.1922722298247703,3.8750832185277884,1.6686536304000479,2.5841976744048853,3.8187024568147354,1.947880817994358,2.7305157513081952,3.5674885397061566,1.4936538970545503,2.185278271682747,3.7458845029268613,1.9013045518616714,2.403363925049151,3.4244616098731555,1.6164101167421818,2.4448979867719793,3.80098913148975,1.7327559699130464,2.5087479039487794,4.244105605742904,1.484836865148866,2.6486239946692414,3.206286080151785,1.6763844692008638,2.576754909203281,3.7364868014978256,1.6608227157258466,2.4839493423965684,3.421856172612218,1.5380070970548236,2.6638157643765035,3.5787736238189343,1.7652753006972575,2.537482259544045,3.445994171230774,1.8763400507346277,2.733921564628263,3.896144164131629,1.7558891527243805,2.7934795370379755,3.383496860878284,1.6698722320788002,2.7651181356627528,3.736158030712867,1.6564324389627654,2.361673517516452,3.4428900220421075,1.5972697338084447,2.8604106268479614,3.7128113801855305,1.5851116133919851,2.3619016270802975,3.2820722833403244,1.6161762142300498,2.519993929116505,3.8120730174466484,1.5550224662970495,2.9621167040723786,3.2358759336879768,1.48864284033581,2.8538948685582244,3.869951567954348,1.672647680336557,2.6186398167224145,3.6138393533485638,1.7205068643115338,2.316633683075315,2.8050491888534492,1.5732910726514875,2.87690779404677,4.019515780763464,1.6607244553261535,2.377566439945739,3.5778739415242264,1.7658471793200539,2.65812951347293,2.792431968805473,2.173663427573774,2.753845440247854,3.4445981629528934,1.592228355475872,2.7277150249343287,3.638710492209672,1.7138221232051767,2.632500234055346,3.468438510817108,1.7602793398575953,2.6807453131716303,3.5961287247429676,1.7436382847482879,2.800714823978012,3.052810006562832,1.5803176582162353,2.5547809234765837,3.2956370767798124,1.6405951192634087,2.781793520920208,3.458288127291837,1.425618345842904,2.4737984887198294,3.516271688757484,1.705953429868449,2.6500867394423544,3.6328288009315326,1.6791760852211022,2.3352528435158217,3.3764810095414823,1.6065835165067301,2.4986813155164738,3.693527189872208,1.7606154124345628,2.698321028473503,3.392456702991218,1.92625411524271,2.6711109322674096,3.531425710915748,1.7905019876566954
sub-0-085,0,2.428363125366414,2.909548819531082,1.6089955446395332,2.68454225230359,3.5224604911129096,1.679474829098319,2.3973887872600086,2.95236876874337,1.9137268431222185,2.5125789464739103,3.3797293650687865,1.5992530599362191,2.775814045972793,3.7467782274662276,1.554914080368357,2.7596177337078363,3.4593802827020452,1.6084186718019158,2.4971497703764407,3.280676769855829,1.5018684345876814,2.689703573791546,3.438202639471189,1.7925814300467906,2.6016983996033183,3.6535915111789072,1.393101979188937,2.3939831551157367,3.6594221315125175,1.5087753958796049,2.6171517150862016,3.110602717594799,1.7024665975242042,2.83979827090849,3.716888032292855,1.42238885788389,2.702706852776913,4.010226703484284,2.1195524015242606,2.635513632744364,3.1179624213121007,1.7652016967036643,2.8372860477014634,3.447615309669915,1.8564663384323836,2.398871460202016,3.6042589108755183,1.3265630727244808,2.3789396312693905,3.49828621876108,1.6454964904135345,2.3158888510303655,3.3600962645362125,1.7494482572701995,2.5344790343201606,3.517062519563843,1.8097953204628607,2.4882307138680155,3.880569807254536,1.5516093400847881,2.897040459550713,3.8116508165383935,1.6466003329231667,2.4979226332384052,3.5578859656512862,1.7898006394807964,2.747018689542022,3.1246344505557766,1.765616393309187,2.1690274345567113,3.4503558639660645,1.9180868755681186,2.29483037420067,3.0522134199111344,1.7331192649321963,2.799737249551068,3.5911107263038904,1.4143073154677672,2.2470368856516707,3.5273690012202374,1.5231136371056349,2.574603532903018,3.554878631714743,1.6265363734013434,2.876655772910786,3.665330817381602,1.8817386318191265,2.715704716488892,3.457979402654037,1.6708329122990977,2.496428393370821,3.6907086307000685,1.6024452233942204,2.860505929566222,3.29115659497173,1.7321712608445543,2.508765453831729,3.3737778719717726,2.0258520278695418,2.4709702185457565,3.4146780693221204,1.6003799602316164,2.557387310824006,3.4716342171440457,1.5321120303943543,2.4736134244174215,3.6707122319795094,1.854048027413293,2.5543201103337863,3.5165185413828985,1.6458507392352084,2.459560493647581,3.2425195516329555,1.4665025818641573,2.423559598660823,3.7531348028553437,1.6363374585954233,2.4877166369350725,3.397664144079899,1.88670614987491,2.382891137304359,3.5775749347491983,1.6897300799644754,2.5622268285170584,3.568418113992606,1.7085747410402106,2.6927439395971655,3.49180794817038,1.9616564590138545,2.5580063890140323,3.0230292728719244,1.7957465537215598,2.6205774249467604,3.509112608893339,1.6610643026568284,2.1693685680372385,2.954883662565611,1.9471278830746221,2.44460953144211,3.7703737197146183,1.4595450090139308,2.361565506833712,3.6900194651268805,1.684624844645205,2.646780090958088,3.496182881539654,1.6688492053990087,2.4275921109285195,3.1656792563395997,1.9104051934598747,2.8321156391033786,3.2091631726716283,1.5343881346989576,2.4874008343640233,3.595321804161683,1.6727272688064996,2.6399136117445896,3.4862102946688176,1.682805328782615,2.984354172618576,3.352943089553314,1.945992033923682,2.810435352182555,3.641146181843702,1.411080224532571,2.555590348265333,3.3558854679292467,1.703013603716071,2.358665977370181,3.7117522257340148,1.8477477540666598,2.760604374372049,3.3929899594123305,1.541086234692984,2.613302654964741,3.991700810201648,1.71040844519203,2.6314134755001777,3.4342214351530407,1.6244794691156355,2.66848966894881,3.4703013051451177,1.7605284367293994,2.6413512343098646,3.597304714958894,1.783678297908161,2.3964589681031834,3.244071780222887,1.6936067590089114,2.5466589623529754,3.353749608518504,1.7361500444622013,2.713479137550127,3.832503324762976,1.9118392808970734,2.3133357006497066,3.1743603993616407,1.656553190983753,2.5644515773813277,3.4332429589200433,1.6171041004726174,2.495204716764473,3.6353278702811007,1.500556632981195
sub-0-086,0,2.9718042910656783,3.5058781921476037,1.8576271091343086,2.4455991189063884,3.660817885906935,1.7150136609242863,2.7042255108998927,3.4443788630093493,1.9327345350634517,2.281429947452332,3.7658246724554467,1.7178079633299572,2.36670119429287,4.046578443613191,1.9773046589851369,2.1767032659317778,3.549499628456831,1.8058493832096105,2.6295068654972065,3.9243482903179614,1.8961449061271922,2.5977337241370924,4.137589011475258,1.8405269784061364,2.486745390867974,3.3453426734480614,1.8865012254460412,2.4072682392245204,3.3852732817516262,1.6640642162817727,2.614017610789707,3.445831658370757,1.5024543655279792,2.759174352838337,3.3867683783401676,2.0029902903199237,2.604718201306771,3.854818095632605,1.794629227127119,2.7867101288621927,3.659694918954041,1.735275325098771,2.746782136534173,4.196072192085775,1.6595304592092686,2.6930868577905023,3.4985314216971584,1.775908853073955,2.557588540363776,2.895831992001087,1.6699719923392735,2.729919913105536,3.2857421454848,1.8381419664607315,2.583049649590262,3.4463826513608216,1.8358723077925052,2.672585677841567,3.61775317993545,1.8523850304170622,2.5865576975259446,3.0394935107630734,1.643281869030152,2.225207563899624,3.6840621513384173,1.834429975893945,2.719506403583947,3.636946515784345,1.8451887694083948,2.2662113991118567,3.4698812618975996,1.4877626016787677,2.48550066969494,3.952550486061172,1.863985577353204,2.6692113731653957,3.44914633599182,1.5509607823331626,2.583664983081197,3.810989232910246,1.7614807233888852,2.2645756579467786,3.529291051192434,1.4130007711900476,2.694753089959081,3.3059578305413195,1.51653179002206,2.6972275192917965,3.656625794411516,1.7348598443621315,2.9445074304871888,3.6777999541516677,1.603256460510895,2.643456696147289,3.419898343848996,1.8900138232845503,2.600575897229477,3.6063785203041254,1.4836447384707059,2.561043291510531,3.4842455608057272,1.5463679817184173,2.510129732450008,3.6220106842035418,1.699347560098398,2.295822055514874,3.423499286704856,1.6297962816440188,2.584832434145613,3.5239491173304383,1.638258040683223,2.4688805801837965,3.51882232463566,1.8444465132479844,2.6001552940874735,3.8984594110814,1.8699786468262836,2.819402849317647,3.8832157425048557,1.9344424275111083,2.342434294115178,3.681279357814931,1.8827480829295844,2.801824917934191,3.284198732356093,1.7986070787397157,2.563536551691075,4.017176865242131,1.4919062563408323,2.411527875343884,2.993022529010543,1.7216924430549623,2.957491248468537,3.4875843468106784,1.715154998378638,2.6490429787121768,3.4674386641979584,1.754903902871612,2.620598100479006,3.2632441374138126,1.6858929932675497,2.6835479267682443,3.760001312637667,1.8947752484291411,2.6103784920209026,3.599619999148443,1.8125277297821938,2.4429413615571645,3.3219818654430346,1.6812803213518401,2.3204968140802613,3.6139322160759746,1.8573623054252395,2.422192143929096,3.621841773167876,1.605630342358701,2.367016409640913,4.075557092252707,1.5496650295974137,2.3197225227441876,3.5601203111754876,1.7402782217691148,2.670101785414189,4.060343854982774,1.5834305277208054,2.445881369164698,3.9504655392459203,1.8408685648258676,2.6940146407971115,3.3348367652579505,1.8688832330618377,2.6945729076325864,3.5530704350734226,1.6122608284649762,2.56920519978992,3.9615763287753163,1.535904837109448,2.4060361677485753,3.324215318180214,1.6383768265985381,2.547167396426215,3.7683998878965337,1.7692121171626194,2.560951389090617,3.5775581730224966,1.7935986440544769,2.2472929296786726,3.8000435736912883,1.5760380585670397,2.470168133188052,3.5953218900770043,1.6886891257994123,2.6376474793968008,3.5397118171677935,1.6566001569407567,2.8251764704877305,3.698258348962838,1.7453175987703429,2.674653571354686,3.302507742041901,2.0262157612725025,2.354225303805035,3.5316872243221527,1.657036058207339
sub-0-087,0,2.491605412423131,3.3728081082318675,1.5842434998502248,2.763901596865461,3.1626832175167925,1.847534584802573,2.6667367922497767,3.393350483129783,1.7798910925690778,2.521578176814616,3.1917182252173815,1.536434951799364,2.6679794729645443,3.6689996906318063,1.736301712147883,2.4795270229187087,3.446679170583314,1.651167026425396,2.235550055668164,3.5171509100717584,1.7783682291814251,2.5621695837800766,3.9953617681653766,1.5493156782755029,2.43100133095913,3.5372453187914275,1.7365650215288646,2.207782447495271,3.6687554399651687,1.7372475259333398,2.1685092701100435,3.467321404712222,1.5787187717091997,2.4684018124235174,3.1253317802901983,1.7624283018010358,2.8671197485026405,3.574206600767679,1.376092384735453,2.6014072867199034,3.44550113818427,1.5348481197868844,2.6136522896503847,3.7463341238756596,1.5997259777160293,2.2541280940538595,2.9367317729279963,1.6001472359622015,2.522009375533234,3.3555184421815056,1.5975076861006428,2.652221914883068,3.6295912929208587,1.7299390104140289,2.696967801181939,3.3162339412173107,1.5358161147412148,2.455979938639073,3.334435223929104,1.392306581592946,2.451797644881545,3.809358155451023,1.8201280145926793,2.644533094252094,3.536853052106354,1.9173347789213047,2.359169778923767,3.2298484058503973,1.86864429105328,2.5549688814309675,3.31207007402763,1.7827886940134705,2.4710759468961627,3.265492861267634,1.5701972280699363,2.607878884984683,3.5576283390565857,1.9275120149983926,2.4977839356117295,3.4139981543365847,1.9159450295790375,2.727416422789966,3.5405715250535668,1.4658480916128034,2.403866139189018,3.204853456731434,1.7054677665349054,2.458498599382522,3.948813369995844,1.4642844179338987,2.3409588509557113,3.5684960597663586,1.7782154074646255,2.0843154784387483,3.014085155433732,1.6604594460289077,2.794087853667294,4.0285730478607515,1.6378253764755462,2.519283544064325,3.2656775879603,1.7949809599829183,2.8251353252089073,3.851685806466414,1.6956499081016876,2.3990642930756594,3.50229516120675,1.9071180056650365,2.4779069222976084,2.991679871782629,1.6459986120023797,2.499775364372099,2.9900365148445407,1.7348055997997478,2.6410808393859715,4.020769932149127,1.5001434564735332,2.681493857631977,3.7707141223292453,1.7779431396402965,2.3687757060880577,3.2018205293920965,1.7145795128425723,2.5662319787723322,3.3433585291039623,1.8937455520299884,2.477864715151429,2.9697637916466695,1.6663915228242743,2.636449202684227,3.595749122577093,1.750133388070992,2.8189180225842017,3.1878586399234052,1.6364437477473988,2.8281097268418725,2.9491420316500006,1.6919458329195844,2.771205800742666,3.8399245502615367,1.799017455926953,2.6733790743171046,3.208513525544562,1.9059765625893776,2.333988891968557,3.180684354575455,1.7581811196745618,2.461257390770904,3.5578750757311326,1.764615061892034,2.8700597530875984,3.621442883958595,1.6072198543762313,2.6717678324735044,3.2671088239770087,1.836973328656406,2.561633025522466,3.6121522685239453,1.4329019034327979,2.144865792867332,3.0796012149242387,1.96186562835477,2.3433321318875233,3.705046744556901,1.6037138301633942,2.5067945821405364,3.4874783285806075,1.9465667641717244,2.6552109955424563,3.6078092792896985,1.8945047648166793,2.4360245645229153,3.7991360335464015,1.8351953892738095,2.7101818853838355,3.4565953231847777,1.6344027656333857,2.393431743869505,3.2739889378093694,1.5624480273412262,2.6160325971286933,3.43606583228438,1.7647100296520029,2.6378187635375046,3.2032683047992667,1.5365347201836155,2.5088411310288037,3.2829661973881414,1.5679381790710571,2.8552236616334765,3.0706606638743246,2.0034596640917015,2.601997749004636,3.7761467192450193,1.8302499225995348,2.661052651907886,3.965312903760092,1.5376374967284827,2.5218518919998862,3.261202864499791,1.4455880703451425,2.4309765986595195,4.02431337790267,1.6739799953873427
sub-0-088,0,2.9070328284000406,4.084031605764097,2.1492695545544125,2.892988743437695,4.160276922293466,1.7487751311583586,2.591099082063601,3.582555021140298,1.7000093306915545,2.5769393643301575,3.710611118242957,1.6301273217055192,2.3020276371944317,3.6018132633203073,1.5960792748512775,2.4439307704551587,3.460029095512032,1.6441785170699188,2.7498076486530043,3.4533123689334637,1.8740674456815076,2.5870829248095872,3.4752118794580125,1.7237330729430191,2.317506624476268,3.594661613051795,1.8273783944472441,2.7283530768323203,3.121391256094197,1.4721529696635536,2.4533726654854493,3.887705460238006,1.733146309037037,2.4105548568453234,3.0931769492594934,1.5974016043319574,2.4147207968676456,3.7619729612206716,1.8518816374080567,2.361017663005631,3.710886497242848,1.7976135348013143,2.337657453342672,3.4765307643281873,1.7511229982236125,2.5793823753691245,3.021048498493604,1.7196773681774928,2.6645276804577014,3.9422863672829065,1.5996813199779276,2.4518184318247993,3.441517305555669,1.7436823881975334,2.567463198172114,3.669206236630785,1.5312220186677286,2.6214336640733786,3.292179693536817,1.6784999146916633,2.857442452906117,3.1084920135455176,1.6580798797340943,2.3205637609840872,3.5428590328744964,1.8572349373085026,2.5805379213919686,3.4673195610660144,1.8992603493578077,2.6094904382589856,3.729478495767307,1.80728860802677,2.0322767272517828,3.4785327344261345,1.538288829667797,2.4007229590517647,3.912884110051082,1.6437791682016112,2.8906622752450812,3.1058472423241605,1.5374493829583948,2.6872231189713545,3.4044159744676175,1.7460991004901574,2.529784771253445,3.460078653369518,1.6543645896901884,2.5823088048733926,3.679658720507813,1.9421633226458714,2.5135477436382927,3.389781277221955,1.62163076653113,2.8145610939058496,3.693290971191869,1.4151449860342744,2.2002382734966512,3.267583793740536,1.7345218166081562,2.5439753749406355,3.6441379945162304,1.673683483672508,2.8015353788482096,3.7161911860567245,1.711636491067353,2.756161097496139,3.038306257191738,1.6872387931002164,2.5747522151030373,3.6685702199867025,1.4427250995757068,2.503126756762593,3.612129022978301,1.7715743189596003,2.763503371461756,3.7132214930738887,1.6908730925941937,2.6714952748107756,3.4436181820447027,1.722016092914428,2.693064423026525,3.487315777907348,1.7542984519297755,2.723035578477062,3.6994061610069346,1.8850207783822053,2.9691206936315235,3.696819776539944,1.6308061172892867,2.642128148607564,3.631269156617317,1.7920266040265571,2.819102924502727,3.028448777484478,1.9270756986994602,2.8830750362504602,3.65905978571566,1.78882026218347,2.5065039346932902,3.5017707171486774,1.8046928238722229,2.6640394306986583,3.7017987244009487,1.7940002857404924,2.7117101953456264,3.7202616275959812,1.5463477002109802,2.699808247831418,4.020404252596544,1.6960059872066897,2.8199063906368456,3.2431573160247544,1.6955356070584346,2.4345915326742253,3.886181950678664,1.9460714831613277,2.5321446983842386,3.827897226345318,1.9475939941855,2.5440746055668995,3.5363304513031553,1.8100423054440475,2.3983431633263486,3.530827326660077,2.0214180659302907,2.4599975663549465,3.739071347397824,1.7785706669205517,2.5205221364334682,3.5620634260146296,1.9628929886809143,2.649647486384274,3.6987492145131537,1.9401293444377634,2.4979061213403293,3.2068638252454034,1.9652521087385417,2.5745739208713174,3.750208238041724,1.5856506221570958,2.6199347349443096,3.19285882023868,1.7095609759592139,2.4333738266679097,3.2542567862244853,1.6545315995951115,2.1371896842657225,3.1752273174222907,1.8173621234390491,2.6125799501185907,3.19922765485047,1.7821810354197598,2.3919216470126603,3.7021498837157574,1.6826541389807261,2.4914778329293807,3.4745021853563127,2.083929268499856,2.413415726485977,3.563436426554586,1.8172053064238556,2.3767656871639917,3.053607805526339,1.609835278555674
sub-0-089,0,2.686703376199596,3.4042390335160806,1.6653341102958463,2.713938537232574,3.2742239377414393,1.6866867033280826,2.2775086125629724,3.5898013370032227,1.7344260611852615,2.693196533670099,3.179328283132012,1.6712168628841375,2.3198753351175263,3.4310901278763764,1.9222682113161838,2.492264503924683,3.117542449211427,1.5980181102537776,2.260028669984902,3.1371835939339787,1.80064804212431,2.289669017274821,3.5874520052993657,1.7038614013823858,2.4543249151631996,3.5636579944161775,1.5593507735979117,2.7013519921488682,3.3044647163997474,1.642044966708967,2.4590368190285203,3.6930525980341744,1.7816665870263348,2.0780937901337158,3.57118802215789,1.4383110752261627,2.4885620918059503,3.469711273910924,1.6471912655702243,2.640147459977805,3.701621438502269,1.5839801310771064,2.404236539550482,3.4899285249772953,1.4684401879150766,2.4641439644662175,3.87746179334846,1.4740549152183926,2.4887788753235864,3.3341557723795674,2.0007901822081635,2.453184982799462,3.3656529520996212,1.5453852608297405,2.551677924642105,3.5756467754066326,1.5671270228570608,2.7279701041299536,3.5758978036007827,1.8277848903147773,2.4909356049888145,3.568091612649573,1.6680355257688877,2.8123826789084068,3.532553958463897,1.7013130922472497,2.4675164401762353,3.355530183467794,1.735658311223574,2.6975257426870884,3.3083237325851753,1.7189868915764193,2.5831505083834405,3.600341784585171,1.4438755397208922,2.383548114052022,3.1175635343658676,1.7049326639977618,2.387824793419744,3.3610524868405105,1.520857921413373,2.477417423309795,3.185250991658745,1.8136862663049425,2.636261034563204,3.542064198812819,1.6547087105479148,2.1832163820655093,3.3717021448614433,1.5857815184468937,2.5945093591077937,3.673518007265224,1.7486948993739628,2.777346895642786,3.3408720143721746,1.6085336178019034,2.736818081202464,3.5465405904706775,1.6629501889186675,2.882373806081061,3.661764553267151,1.6714183739098873,2.426529933543486,3.8714235480434835,1.7310495531334502,2.5544130455169167,3.689357399687425,1.8320131785280962,2.648976597208361,3.7475131611769443,1.7677061538354022,2.6498803050174407,3.295141400643838,1.9715530822426337,2.327938201381673,3.586625732059293,1.4994849412732087,2.532336827009528,3.340037781396936,1.7203633807015974,2.611516382644376,3.232226563161514,1.6955878317572637,2.8008613600421306,3.132565772699591,1.57189193462569,2.70493583662476,3.5217153477089975,1.7226732394736846,2.7340144227646186,3.277660763496478,1.6220997154853607,2.434324464035969,3.4025031467460423,1.9009283127421517,2.243805582805588,3.1656187329451795,1.495147539906023,2.802304911123474,3.327968018284066,1.6509989530872502,2.259365847974231,3.426531909873543,1.8299782581262949,2.595532268689133,3.4697980656363847,1.465267171182239,2.490968624284565,3.541136133899247,1.5512262714450042,2.6678804084360186,3.7478191930606197,1.6207026937018856,2.6806497948789065,3.469272912704471,1.872070697236822,2.9161471188104544,3.193773665058691,1.8154226605319999,2.7848936219092906,3.228209504701487,1.613731899767201,2.444452122318743,3.462821253209886,1.6465451740669068,2.514308774150085,3.7346367319178873,1.4156282417170765,2.374699184104552,3.6875798613387625,1.782916422293131,2.3594624050739896,3.6567165460850273,1.8990300435229663,2.541175227396208,3.217770913822112,1.831243138447137,2.8601481775747573,3.251880715036922,1.705887811092505,2.7462280142796636,3.532300440189692,1.4379055500487872,2.6298151893814437,3.2259335818295884,1.509391610150898,2.2390053616225565,3.8333140420863905,1.574793302147386,2.610000512444617,3.662107240562233,1.72427284847228,2.6033827403953147,3.606693464471859,1.720714652996809,2.4131712874231157,3.262185594597555,1.684252768373611,2.527290471351177,3.620209525079441,1.8652475100747739,2.6119029649025083,3.272952558647195,1.3728266277904075
sub-3-000,3,2.4115913029417215,3.1235426987725727,1.5904441696458802,2.593609857995738,3.5236293421948295,1.9787266425407315,2.636954679374793,4.034566839328116,1.807270910598489,2.745427213794906,3.3995073639461317,1.538823607500606,2.1191872196558412,3.27667653141016,1.5057761673992467,2.3697943635952465,3.6167145538778125,1.549190425070412,2.2739714493386645,3.185815888108673,1.6648466767605128,2.0216345606023856,3.216134827070817,1.6900666457918814,2.653399748435403,3.3149687454549928,1.5044087619441575,2.4463877762731423,3.6835805467393943,1.8333794343566852,2.6135201857860033,3.836402094278718,1.959380317942906,2.463018972936685,3.916237711116217,1.6609175718812383,2.7335727655068114,3.6984002912283733,1.4034412371121063,2.3760791157131775,3.1580393834330995,1.4326929452561168,2.7082766970112178,4.0792561194336185,1.661349124295142,2.7037481997659483,3.9156950889534086,1.731249755027414,2.5454436483152927,3.4312073802322143,1.780633832330746,2.7074449290058644,3.6293053736909706,1.76411946137253,2.540783477782568,3.0539727329796227,1.8346574583134894,2.318767478469327,3.67342797978403,1.813360497498943,2.344722221191669,3.329815778630557,2.0182211827084617,2.535693197183511,3.1583401708783345,1.820131885956956,2.410918462996827,2.9622532737128533,1.77796543220697,2.3850087931590367,3.589932735822283,1.5780964942846454,2.677296754968543,3.551379530889662,1.3116187116561528,2.618762257326826,3.4188752280394907,1.9125076463286208,2.6211374128228533,3.7117241962508443,1.5934188798468611,2.4077878048527666,3.4928181873030417,1.6459075809809225,2.7908416293978147,3.4570706635574684,1.5162767375024406,2.401035435536041,3.770214303691921,1.674911398360561,2.5102718817690426,3.796852519380983,1.5627855216701687,2.1476682662830804,3.26119733902014,1.7363133632819512,2.5050879263391437,3.063079706376359,1.8524089297027326,2.5794294502952004,3.6089241145197777,1.7629415389675054,2.3162656357470186,3.5848060966002575,1.8361180674803008,2.7552558414667176,3.7019537310036266,1.7769694487888037,2.2372641723413254,3.4958182972223084,1.556513847584533,2.780790218750344,3.816506257865574,1.557420678391971,2.1917239269329167,3.34958264418199,1.735118688623355,2.248388715023858,2.881305752125463,1.705722276626123,2.0943449719724225,3.544400274747378,1.7888311660374112,2.4224943834989987,3.1056808896483217,1.6241772469202733,2.667271771138858,3.17079839764398,1.8373021696627396,2.599381618540977,3.330475027402373,1.7212070858338393,2.5249197926676468,3.718420706069402,1.64593098647796,2.5908762888081944,3.3261391469170722,1.5593235741962401,2.5808759025437724,3.2489050532348003,1.8200870437173233,2.656601855791882,3.2857679522237118,1.7320670647809773,2.4114540179398767,3.0507924143755307,1.6104162248829443,2.540942970730912,3.6459944429757893,1.7224219895705508,2.713381430705081,3.225273472003359,1.643495241813176,2.8459860063179385,2.9592975851737693,1.6322068541111008,2.3571310894027233,3.445288446808858,1.6348328768845826,2.6583879788562146,3.571545784634661,1.5041573642134578,2.444130826827764,3.4999672262448076,1.8109071326058521,2.9879321312423865,3.696782820907517,1.5481250119175771,2.5331078540281444,3.5506733346094665,1.6220913694484718,2.6346464050682177,2.8640144152478637,1.7829724431991998,2.464250263962515,3.469282535125253,1.919858440853975,2.322926908390394,3.5763613980090727,1.819088236850967,2.5806605624915337,3.0480261544543508,1.902559494095199,2.5119562709268557,3.352288561978152,1.653427567671062,2.481213649618995,3.166749691630063,1.7247425879115976,2.4424980585754796,3.687848716201952,1.777639324042277,2.8426204941174857,3.4407427198556495,1.5795125373432775,2.285446379672511,4.114136148100948,1.79931619947742,2.4253644141876376,3.9740834249947983,1.9034243575829048,2.306770049558075,3.289027034976488,1.6801512732259445
sub-3-001,3,2.3573846827196467,3.472957750384961,1.806794291965968,2.302813045501987,3.582040153432702,1.8752746963149058,2.622039643068694,3.4788274206615744,1.5997847360635615,2.699551536977883,3.17046236862655,1.7364187716642683,2.2045928319495967,3.595171087338718,1.5125876858396663,2.460407553859239,3.1522778362232016,1.7655926411900613,2.473713148254195,3.2586192863644414,1.5849775599984077,2.2966789893633233,2.971171060077542,1.4478751052530474,2.711345056593129,3.4534862387677476,1.8433167628976461,2.48531595324435,3.499684748168943,1.7234448907904325,2.799711528086428,3.8656443913388756,1.8729855557288502,2.4368126034116293,3.2236877205726993,1.814118719459136,2.797816746414147,3.8255892449932465,1.701957388600013,2.681005538077347,3.708708542863836,1.7223414187069106,2.58462725245266,3.527494694304785,1.5817855200081645,2.4265105612399283,3.3035826987773014,1.4601144834826243,2.5757147869227137,3.4886394556054836,1.8142946203525554,2.77692911093624,3.8708024221570283,1.9127698187464626,2.4137254150879786,3.099051402163594,1.839611536709815,2.798784018876162,3.935677885218919,1.7727494314538563,2.190593289431347,3.602370649761406,1.7833161301864116,2.775373503826546,3.9002960343153057,1.8364450105078,2.444289798306746,3.2118471519252556,1.780094172772446,2.4073652801233982,3.913038389915864,1.4443161593972118,2.65203959023104,3.589469792927897,1.6689849998703254,2.3834790706251465,2.922702635315942,1.6202856970890975,2.4575010273778823,3.811286264477568,1.582571654257981,2.631498710441482,3.1381728550362973,1.7720372291125381,2.1472139366067595,4.0866829298205944,1.678839870980322,2.0469898696081783,3.2990301468432346,1.56865066503712,2.4319527362640656,3.397900409176324,1.6006074270011612,2.4030458261277214,3.175568773440324,1.823268413589963,2.766204410742524,3.4287193294938394,1.6973545024951586,2.3472604451653356,3.519885795534199,1.734494564323073,2.5105082502515117,3.6109009937754455,1.7463063173076536,2.3602549099636954,3.834053303844108,1.6688530610255636,2.8516028883450573,3.6177177650373835,1.995639969555775,2.76154845047516,3.5636130958794414,1.5915339700070563,2.0737178545414907,3.4292495997951056,1.6214689125686375,2.4439752775216044,3.733256785330812,1.7058156995534048,2.7010217667541307,3.226868381323564,1.8499207502012252,2.29017920248251,3.6153195060493326,1.7466145751074507,2.5347083878725756,3.453695128619872,1.9674546488886413,2.4976976755112474,3.7095614356745963,1.6427919511715388,2.214861045575223,3.1563450526143333,1.7608881327292976,2.6762037059289185,3.614579754581645,1.8718924252090254,2.620426827942143,3.2829342822264564,1.7891453272210645,2.5805294329673933,3.338843758614129,1.7708778952200293,2.56428662988314,3.3305998457515424,1.6733201339655528,2.8044420843975852,3.8866485884995012,1.7282216208905812,2.560308088419711,3.0987471235661244,1.9579047670049425,2.736541539726234,3.7105464397972114,1.3587903924364042,2.557366077118043,3.4644039616706555,1.8024223157450898,2.4688144535617567,3.4351211393930146,1.7929119408432055,2.4107558939240374,3.3392680486453905,1.7289989959641443,2.790927426602923,3.7263715264225374,1.8613106103398747,2.5613970251187523,3.9186218466592333,1.4388226363248036,2.9140030593122423,4.10249251305041,1.7684924524305334,2.699807274738392,3.489360038078522,1.6685647455389996,2.4400433324344193,3.4862766354459613,1.7833900213408556,2.625579092489416,4.056248860073547,1.7150411818703828,2.2820108589578942,3.9604069739425567,1.5168568582610347,2.4493096334090234,3.576088079578253,1.7625762623394836,2.2898211025925006,3.2909877738153863,1.4778826308091197,2.661908351398061,3.831346367716808,1.516724293363023,2.7292187915486155,3.7606180484109055,1.6011393815132744,2.193135773543791,3.2000483146254757,1.610711361963681,2.827500752425655,3.466875278995458,1.5489758036014545
sub-3-002,3,2.576612739891349,3.137302652157637,1.7771510075309522,2.3740204693310822,3.2668933527466386,1.7563238072647838,2.8650420629043993,4.115380516866051,1.5440201741330686,2.4426108611912425,3.6443490398104603,1.8753184022463056,1.8104649358742095,3.3044543092937637,1.5269285535154156,2.203676184174544,3.1255930216021364,1.614833831053858,2.560586703596842,3.7822688008739602,1.7531522172623097,2.370557098690177,3.2874828140372334,1.4942581079594501,2.5169250083032964,3.6947448572913792,1.8548843253990175,2.5233825568001076,3.239847726532749,1.7503487239230855,2.6360365734915994,3.845161344094873,1.5981855690560594,2.429796494232176,3.7117248553110813,1.6388849643486336,2.469056847117761,3.8511591636392684,1.494349159057824,2.9201165651595917,3.3284620843298085,1.8300092604201068,2.5304160608534323,3.575981439764198,1.6605820250357357,2.704183797365935,3.402749315274521,1.6140580292232347,2.8764015286565985,3.5082271551638335,1.598645665847069,2.281748413815858,4.022361848690075,1.6172111935317122,2.9211308829302065,3.611679218395607,1.7214327800453677,2.5805718862190394,4.120466262997475,1.3711672145868707,2.5885814735113506,3.425742989891584,1.6680359922375405,2.5768761333855426,3.4254488381410844,1.7282196000782457,2.54575605681209,3.132203710108298,1.757204905671632,2.6788898013059246,3.3482216270977365,1.9801844117336105,2.790402914219537,3.7363066437679278,1.824773111604202,2.5554174514697796,3.8195841893256377,1.9356131918093151,2.6954443223061504,3.3403206642925376,1.6940477842570099,2.653260605935696,3.7345685731329206,1.6883784178184673,2.447974461520727,3.943577956465793,1.5391520428221563,2.3805602839860747,3.128404213339604,1.5584673770563513,2.7745220778814206,3.858633171823697,1.6888931698302245,2.6393365912002205,3.4970587182653037,1.5212034761070568,2.949259261381398,3.8849271902195937,1.7531629107994562,2.3959398139693913,3.4370183743924616,1.5961361672870047,2.5675648033671243,3.5867784888878176,1.6488311759284455,2.2882057044767397,4.096976516000447,1.7356290120247027,2.6321865600349965,3.381725371899004,1.465698332700618,2.535005904438389,3.4094978374836677,1.8064301571079366,2.36309396320771,3.4942082543186235,1.7482408503875722,2.8746598453457874,3.609158487069956,1.8648823731214752,2.638894903290431,2.967990088006183,1.6768219575968437,2.043811928757319,3.344801332597221,1.4813484761029543,2.6590225602054605,3.7746878674790865,1.8805355069030238,2.841467081074368,3.03071325646015,1.5201499947579773,3.0770067335219613,3.7826666415606724,1.7336671956570517,2.555766751856141,3.484079158813423,1.4099380163696869,2.4109807611677714,3.4686826735386953,1.592621018680942,2.444675521701105,4.216444798154573,1.6622520437650399,2.6000616014880116,3.567910159801042,1.7884189247934625,2.4640891021433813,3.849154749450831,1.7665343290410103,2.3183104127295597,3.469898880215704,1.6741777518992313,2.5107302180404876,3.6426031046224634,1.795208778376883,2.6429975549065174,3.5948963002617176,1.7128456561484262,2.1627827392597845,3.7178099361026886,1.7732531142659715,2.3727429701991767,3.5785630379510596,1.7971907721620335,2.7608244717405106,3.6428844040886883,1.7482402710224552,2.7204190171501335,3.4141687943456476,1.7618004829392577,2.438199625043312,3.810883078133965,1.4585433328614992,2.6970126913470582,3.504958509317442,1.844808099608944,2.409502013329566,3.525195402068563,1.7090945134596918,2.628099040809082,3.2066826538185653,1.795432263212653,2.2177390569469755,3.313004224007138,1.4655904989291202,2.6990794919434125,3.6120366177025303,1.7684057970348104,2.8151740913247405,3.4115363326346952,1.791437852211899,2.5618840224917654,3.4758543246927895,1.8959938748118343,2.924738285412367,3.379189334398244,1.8250579387279824,2.6074410442764258,3.5927114782861236,1.737076659355023,2.490045961536991,2.4962054429419234,1.9302213986897732
sub-3-003,3,2.424948134218968,3.4323639994138295,1.6669560649972868,2.4089153892143917,3.567267239758774,1.6933531346866872,2.4210235238106828,3.5418045646623795,1.6950429960562452,2.717010942831858,3.124692819449115,1.5791916018662324,2.3305535699507325,3.1008719758344974,1.4644896606182374,2.44374763061845,3.4717259593269727,1.6854231595899436,2.51220748150158,3.212001758434378,1.8159738390880298,2.438719557206382,2.745079967811715,1.366968907386471,2.7305142554594974,3.9395429753752067,1.3806231542442895,2.69677857023019,3.9586063682056585,1.5706381601250783,2.8343402088407776,3.4501616013535985,1.747195563585968,2.420538003381524,3.780287987285989,1.82516781764232,2.860447684031368,3.903370063350863,1.6986274933674146,3.1095081507327413,3.8782219415726362,1.7810774052568485,2.3705122084223498,3.071590835816262,1.483245821438501,2.3819402123535816,3.885644743649264,1.7730633370006283,2.4395928269936773,3.461956676948922,1.661338039560817,2.6940091206942594,3.2539366265179677,1.7524529579174364,2.604015439670406,3.262316957157185,1.9382009043815522,2.4967971828258366,3.222029965124254,1.827931996928029,2.5598092038878355,3.6143599275445353,1.522298029971269,2.696234925295555,4.108279942066876,1.5105749405323305,2.613757585078115,3.2801132853019963,2.1034409089396195,2.773133846067045,3.578990056048392,1.515819878619587,2.3725099065402735,3.708956861590901,1.4956261703423763,2.3103995079464275,3.5024727542470058,1.720012500431536,2.618405653294973,3.3769329166112083,1.8380219819196628,2.394873351664243,3.6754604189958036,1.7321181018002187,2.6581168354131357,3.8309594545391508,1.6317001482342677,2.4310060442725026,3.0272497482775567,1.3971496856115746,2.518324651547494,3.4698935933565083,1.537087531408426,2.3932020540236802,3.9265670800428603,1.831375967045422,2.3229107625501078,3.3761425456867067,1.7609004037484604,2.4372388156151024,3.273565311686479,1.6492631324326201,2.746318959359845,3.830792364705247,1.5896829773311594,2.6328991970341757,3.49820470919423,1.5487646761270923,2.496526587614992,3.1460144273606607,1.8744582855729643,2.8294449676779543,3.3850395371592548,1.602638103118353,2.3898269987767433,3.620521703474405,1.4328382897161225,2.523351959624523,3.4834972513960545,1.584383558951762,2.6194767049357406,3.3040153061764936,1.6189608881965436,2.1817583086296923,2.8630625609768994,1.2915320095035034,2.7152890259948985,3.292709535048683,2.0202296124537558,2.904930826515059,3.3581859859186642,2.050857949337394,2.7187634152897635,3.3193121351759385,1.3127240390281587,2.6738679247680586,3.508762844966721,1.7647042378615547,2.508809488229199,3.179720059432318,1.635946000336824,2.677194711470107,3.400774897135221,1.6459373213986088,2.2765103241496236,3.525536134897917,1.5332102087768704,2.71533471594566,3.294451747935549,1.6556443864256365,2.939517041833987,3.4141592176438356,1.6339137775800385,2.6554119574618076,3.0001266953768173,1.8876213982667789,2.728909207822007,3.646846488564923,1.1934353759785536,2.50330589427436,3.1435974567185068,1.868616017593931,2.739460995706082,3.6086427691526164,1.519533320428998,2.8189729578944873,3.4265668810745433,1.9708056600350847,2.5977696720352768,3.6419062452966613,1.6309543423156205,2.8032520040007256,3.6703614876022104,1.9164337538771932,2.581957415738467,3.486829175408376,1.7892695244348216,2.8096572916364173,3.7846856060269682,1.7207335710731408,2.215700668626978,3.7269080910239705,1.4841942803819013,2.5563010361074205,3.4675854675362388,1.487334727540158,2.61705055617729,4.103208967258038,1.653109170323012,2.687858339234363,4.159593154847791,1.829391982851331,2.433928204621609,3.5663641429143693,1.7721170274663973,2.8080863639893128,3.839934095378664,1.2845174572273148,2.395883180604688,3.4803925176681916,1.5477069406193458,1.8839835193636842,3.2968268234298104,1.6994584088768507
sub-3-004,3,2.455448757093941,3.2208558885786247,1.7062196937177243,2.6117558715453835,3.368792808089668,1.9057615733710507,2.5603885948583054,3.2559761725022334,1.531319401647525,2.5116654354134407,3.8117577829904876,1.57644669362853,2.307258307119406,3.3064759348040074,1.8989849454257013,2.6202452634589024,3.3044966529607596,1.8104554293147028,2.6886039583612744,3.388836916557172,1.5254006443504984,2.2964863344207824,3.2977842494942005,1.3725174862393668,2.59581377981831,3.3216419885540622,1.4726596937206278,2.4866190581901053,3.8592172455779217,1.8812092250132086,2.720415378361326,3.5753852092257947,1.7893695805032648,2.56775602466604,3.1905857686599486,1.5641747151721348,2.440707433399613,3.8923805414581722,1.8615036096680666,2.3556220386011715,3.514949512316536,1.6396089285870907,2.5220819029258768,3.3499080106933765,1.9108537434209416,2.5465968233627456,3.5605239052883566,1.7336387309199983,2.3650013685070164,3.5303950353953475,1.859347523268026,2.815084377386527,3.1786118090385562,1.4722098143916906,2.561184224407474,3.8105725212058097,1.753939468142553,2.672453293694365,3.1191302741461735,1.6142018773595008,2.1546997849572773,3.4601033462111315,1.3753670838735093,2.789879106331286,3.935350011014502,1.7210965238092648,2.2777368406179725,3.6051995430956896,1.9788698837691412,2.635632389943647,3.831795517337458,1.627225203245567,2.393182191389991,3.480158637434458,1.4109941967588906,2.95753594103651,3.539102013014538,1.8300159431550511,2.4669284648886824,3.0679358164396793,1.9138722246021314,2.347661949370206,3.5976748537993877,1.7664627216979178,2.5633112346621987,3.2803164138689844,1.6775551644460653,2.378990851312371,3.7265697539165026,1.785732039124732,2.5461475620423784,3.3408615879253913,2.0160976849673022,2.315628482492399,3.067508332878964,1.6876991029057964,2.5035514812172366,3.807323087331227,1.7969174682420008,2.555314605656767,3.6400945791894523,1.7723248622374488,2.928640209632751,3.5709417493387217,1.597838430098076,2.585730197969078,2.7667697642843323,1.6951028687869456,2.7467368447990776,3.6686115532837182,1.7447834065468513,2.6668630480026887,3.8089118325657605,1.913785011094728,2.280542062052102,3.1914887983364464,1.2529717014160335,2.726071216861391,3.6442567038090927,1.7228989231273701,2.426150730865037,3.7702425609353556,1.6614145361257802,2.1938040200117226,3.2643231950328917,1.6674777577248245,2.3432462380145767,3.6575145213340567,1.591866746478796,2.4265553327581517,3.74786721331617,1.5507457308356645,2.709019632181884,3.5283826829184934,1.452758487669489,2.7956056532963696,3.5868710436337783,1.7591188798834805,2.7313036159052566,3.9197818084771634,1.730154034432419,2.661111718049292,3.6039320605728795,1.648569843994748,2.264981465478874,3.5601781765491785,1.9068406745966833,2.654999933404378,3.2011215065265963,1.8646282258467357,2.4942954266658584,2.9142327557013985,1.852685572277378,2.3798314876632394,3.9986039444730146,1.8721660100896127,2.508996130740631,3.62862075681125,2.0635877848482655,2.7300012668106572,3.566696006939685,2.1333730991309405,2.571164581972168,3.662908149286074,1.5595680216411112,2.2485506041929195,3.419415358254461,1.7057612126552777,2.6092674451937743,3.1024641069032106,1.7991011483176922,2.400530605672138,3.670445620630436,1.8402389724265475,2.4788083637905265,3.230130698965072,1.9315473976075441,2.707124176973855,3.542553373477274,1.9202641645519778,2.564987110315592,3.3262579811454978,1.549744690344086,2.530596155636344,3.716081733834846,1.9084638822661726,2.554231838886205,3.83967497982199,1.6678595852746954,2.409312356641946,3.134232294535891,1.62406400564872,2.321641663059062,4.062663256733256,1.7658944639464018,2.532789327150424,3.9821604934567607,1.5046598946542742,2.525314289538766,4.059908661788521,1.6783939239913,2.9904264801128146,3.719969355043631,1.8958888862948349
sub-3-005,3,2.7902810682218764,3.5004486888694504,1.6267682503106635,2.5292207424215256,3.2236588990721846,1.6901055675155308,2.549206911135907,3.9729857986893773,1.7889913566091216,2.975271160401637,2.8953276526596943,1.5174434449955085,2.136037841020234,3.697898449923977,1.5835634199574977,2.2857911695827746,3.4313651578782904,1.5203602613367628,2.2991473617330347,4.059671788943092,1.6472586699979022,2.231167515304452,3.2539722227929357,1.5622756563087326,2.3986810141882255,3.4130223108319386,1.750585321778622,2.8053543561715113,3.7652819782351408,1.5171399653817375,2.727935835282589,3.6331226432276633,1.6062918499079757,2.582777477313582,3.6602404114219715,1.7070579421734313,2.63644380014821,3.2583737152613357,1.998924806636977,2.2027287487839193,3.6617983425318794,1.7550145194515483,2.6657298108213086,3.3016563015384865,1.8753795542499583,2.5305634772979038,3.1678598170604184,1.5357784417586064,2.572446912390766,3.0529739734307824,1.970075897516363,2.7388058304976743,4.011516409838279,1.958213523366335,2.486656836335713,3.2565877504579506,1.2983340976753721,2.4768778575192663,3.9943827996340664,1.5758224013754192,2.5122142209245237,3.3447203302567927,1.7562492730411572,2.7814952431585755,3.0690210270959355,1.497833602755411,2.817591607069384,3.705258724846507,1.6610929157977312,2.8572748971467536,3.117791911810827,1.8396820236786549,2.53771714040448,3.66983227408361,1.341927183181209,2.503073395219017,3.706303080490184,1.6905004672407755,2.7759535991041533,3.84210540199942,1.5562154562169113,2.6983186772400622,3.222054455976093,1.7081023161732134,2.6681030848753715,3.266120779247037,1.8180389278346574,2.4590359656926575,3.3374046923245424,1.8059976475309574,2.3995248701369842,3.2516860685783335,1.8561734060045123,2.569540287346488,3.0928465413150774,1.8283462067582315,2.4768117781961796,3.1071562649227897,1.323902748325754,2.7126145734658333,3.25922294148876,1.5134232843052247,2.665092509469478,3.725621646966479,1.5819345502108055,2.714275318729076,4.075370017911676,1.9019994906456645,2.764390277135452,3.5879561541971086,1.6334422691706616,2.539940510478584,3.6234076490255736,1.5113732062017649,2.061511256630837,2.880229959964876,1.6352779933437118,2.5649497060311965,3.317241573668788,1.823074880806961,2.3619719341329044,3.3068462727503727,1.817078972736876,2.3671868404227046,3.0571966632415237,1.634806390711486,2.409814696659774,3.444744930598355,1.7215756091227346,2.650865915786868,3.5889165237780705,1.7409743510810363,2.3558702993207388,3.6087174590060993,1.782659802679445,2.6740082154156837,3.2985343497481514,1.837337842487541,2.3128977248801714,3.3793709168676664,1.6586721376558753,2.322766368749406,3.418600916778655,1.7332221371517202,2.2213610072699996,3.3894872525441633,1.4377398601605014,2.9174769811770496,3.5594975407415155,1.718874392574651,2.5917732140986454,3.669265776568233,1.8467232274751793,2.2685602928133606,3.866849727279492,1.8868737941025882,2.5380576100456422,3.466755966608704,1.2345858805063892,2.326081590803714,3.645277797353684,1.8800926199464838,2.6811906459810233,3.478799781582079,1.9888809050852667,2.730931600146085,3.3897286027514264,2.027316597793012,2.352689897752812,3.087884738249512,1.6368341919314116,2.4134447679562947,3.397819147943668,1.8197136044601674,2.5438836771111575,3.4976769050664602,1.7088222224313356,2.1337814112645384,3.075727057782941,1.6422033101855866,2.398272815757407,3.435099503599087,1.9106192569412135,2.5365990904692244,3.129792899037564,1.5810350319102988,2.8579036636186057,3.929098312008524,1.7893816153473323,2.2687530472748403,3.585905381829162,1.7575545648726052,2.5545972375102433,3.3403969044293795,1.6456053434195383,2.434851316706327,3.1793792916594734,1.9048981753202365,2.7088164831053447,3.420219756076673,1.7528267462551654,2.6201461602702962,4.156007396261297,1.8308853021373557
sub-3-006,3,2.7002585313710585,3.5106346836594136,1.6348364062384735,2.7988878454790904,3.682636192918532,1.57556870689184,2.6316959797811705,3.7344681047578274,1.3856253565560708,2.3839703773347596,3.6015741512911736,1.4113308044256865,1.882096390140647,3.2042707126896066,1.6737316388642411,2.646801067242201,3.943071874753609,1.7123395831834247,2.482922486377106,3.1339393158765305,1.6423058575359446,2.3273552754394107,3.490762216976393,1.6396928510092739,2.648480688353049,3.8573873965408856,1.7112907764679937,2.7961173907950423,3.296538884996183,1.6890063433189264,2.463450018625124,3.7219574368869224,1.5478273330112826,2.4920822144093715,2.979290582569657,1.789156412835479,2.774422249630587,3.754998226364027,1.8218941420204666,2.7010920712763906,3.6959142719622213,1.7921593433759118,2.6722044223731527,3.3164090036258833,1.6699709834720229,2.562643786927532,3.406002561164136,1.465053554594774,2.327698382359091,3.5643933122065725,1.8358663863082876,2.5516815436487468,4.274150121319175,1.5620356354767093,2.6300895855718256,3.8615367309818436,1.8598515681748367,2.667912035119431,3.799671112675791,1.7083091521486549,2.849318714067699,3.8592845497791934,1.572165859893418,2.6078822287741894,3.0667569437324813,1.9282683459853565,2.590361659385712,3.8776563963387636,1.6835963742848254,2.2158718502222436,4.238462911499598,1.719663282078086,2.369962447787676,3.8208134407494487,2.005378592186644,2.5135611285977375,3.4722121249964477,1.735706935206737,2.350025286320622,3.3066131141172166,1.9672888796547532,2.5262028411780872,3.2654840461529413,1.6321937155455088,2.743108263719424,2.946748872165017,1.7381974846030774,2.993199374107643,4.068697535640928,1.7859804171228009,2.786959669807916,3.865911359742957,1.6811221994766352,2.716462884605575,4.00080324526046,1.5104356635313803,2.6537971579466872,3.6012131254647946,1.7154746727461316,2.5526339950197685,3.56486759230852,1.7473358296774226,2.7513507527153718,3.6334241057036105,1.6733185107985442,2.3988141376516148,3.3677160950084293,1.7391749154318545,2.422907267181181,3.7648455848400944,1.7645082711009283,2.755834935610262,3.321130618129233,1.5753398503027627,2.4044903007281793,3.316387107866915,1.5696224306647164,2.6757588892174313,3.6852057868208035,1.5116354394900062,2.799236122155496,3.3850860558436953,1.9550027071612857,1.9599612495585403,3.368871687094487,1.5721568198592284,2.194457758241847,3.6842982338544656,1.4114094459882491,2.497499965025935,3.8091971337605326,1.6204946034057441,2.387327852727206,3.724099811757363,1.6625722924205901,2.477089254955832,3.8569978936074105,1.5249081897268133,2.467270694015324,3.742605163099536,1.5152078966735723,2.8695624887525146,3.439282704181304,1.8311791072118546,2.7070383320440574,3.4573593812905203,1.628148183223016,2.5422663788482445,3.699551589297305,1.5520362734058712,2.3334134540284013,3.9155767620910145,1.5897717394350654,2.6137350987651122,3.443382821508251,1.6763201583164882,2.807470149849776,3.4761526274278935,1.6464760807673184,2.5014511854705193,3.3590316426582985,1.5994863961062433,2.4600995646751413,3.965698831608812,1.8067233240590639,2.487864621205259,3.7748635776932704,1.4619209297918945,2.7976221033088207,3.8626436155515385,2.035450102103546,2.7320792590341583,3.6224256722822483,1.8936710577302223,2.437354302352752,3.389283382323398,1.690363277231984,2.7963986755620707,3.2603540612209745,1.5556907453645512,2.592576854077263,3.7009085391812424,1.5945379136089886,2.6706752314989477,3.883151815774113,1.8800692540225286,2.6135926983350832,3.474632630311086,1.960343545347112,2.552772719008461,3.763299293492257,1.9937422218778365,2.700348254333388,3.2208144547860362,1.5141465828037568,2.4964267043886417,3.698659754568303,1.766717880026602,2.947274771783461,3.621815760573194,1.6508838174874048,2.3459984214402194,3.8305224658112564,1.6990908156187623
sub-3-007,3,2.2788948417181083,3.5062329688162754,1.5506392833309488,2.473385248137033,3.5017337534039465,1.5642232927497512,2.4622276495878554,3.291646446448271,1.5924066205519647,2.368556306916319,3.364825921911126,1.565795233733907,2.305585140875652,3.336224014988481,1.7792072837486181,2.8896066102787685,3.689651003898095,1.767438053694996,2.683260709013081,3.6306448687606045,1.7075299018139887,2.1947213548574678,2.993932410062631,1.7258379331457259,2.5443669342255,3.90586531280138,1.8372703855377974,2.437328707990324,3.8490734931316513,1.3158887065244635,2.897440634092406,3.1252353222300937,1.7742668268756303,2.626934909906555,3.81464072131569,1.6506954789043382,2.16380667506483,3.408359384813444,1.6671256546250512,2.181145437008885,3.5127040505090066,1.5386222767003181,2.666835318556821,3.431097673968576,1.99416423282796,2.503887841768713,3.6205095545755346,1.6680392740310745,2.257811726077126,3.442680358561501,1.8130120161757217,2.6583581650196932,3.417885033408197,1.4814865824626051,2.6660025457919914,3.617456243929777,1.82651162807789,2.5006598048577677,3.0283750580133235,1.7800640274615043,2.5483543022867727,3.8896714565520316,1.7043099548669627,2.5418159599458896,3.6168312521224744,1.6104603396798303,2.4338755701977575,3.472589325425376,1.5619390537595041,2.508762816216126,4.0430771800856355,1.856395059008955,2.6054468294519366,3.934469633067377,1.576265585299003,2.998279176578399,3.3710592950832763,2.0005708843263768,2.909892548600337,3.0090956540967824,1.9200638214712722,2.498896354718518,3.3409688319509403,1.7786957180247478,2.3685752415441432,3.640559184616558,1.558880827655365,2.5818742702671273,3.8739015221452413,1.7579776903148678,2.4852375142893934,3.6515951110346174,1.489027963699265,2.399005058844714,3.379524383058036,1.8180275369177188,2.623043775687857,3.649846607260376,1.695892617663435,2.4081420637195383,3.916672742239414,1.595330981829851,2.6254270109470474,3.46861069711695,1.7844489750551984,2.4410123426609514,3.794749605048374,1.9067416873753904,2.7284381548493464,3.5441350912726213,1.6347312130844474,3.0579801210947206,3.2223451274666486,1.83218443275802,2.259901279853792,3.262489516189958,1.627774440960102,2.4581612453949653,3.619575552108669,1.74752367289401,3.031977580126531,3.7998302202234533,1.777382415818961,2.3036006079957323,3.7950705435388086,1.454436015288959,2.517108106122881,2.9660011282499563,1.7838160763242852,2.702671275097974,3.2212319853742466,1.9152620027001055,2.4206016013275384,3.4041089294753624,1.7179348873430047,2.8369553452967664,3.2597046109373484,1.7436870688048525,2.689470795862636,3.659171645830256,1.7908101549600055,2.6870700399913092,3.344677637110566,1.9531669680245487,2.529993108328963,3.4317225031649268,1.902143825197063,2.4364979639621454,3.589677893395726,1.5915748064007145,3.003462446780103,4.1464232646835,1.683463852784518,2.6435742912300957,3.5014559454132668,1.6477100767387403,2.571533669839056,3.488631598137711,1.4718998888852053,2.597344197881806,3.4881579956964597,1.7468300684950304,2.536046800002393,3.399104978226007,1.8312365090413547,2.6459641926675133,3.890893243981993,1.7742094646708495,2.514430820673276,3.672695187331642,1.4029080261141542,2.9286623799715414,3.576826440257719,2.027668384118863,2.393517889257486,3.187059292868062,1.754874993899647,2.6152562536979986,3.5947085368423446,1.727873930487572,2.4369389110332498,3.084100377658014,1.742472583497603,2.3191334399462913,3.1144382366331564,1.6429052302297644,2.627518617359109,4.056572586431762,1.846888895488069,2.8079791656832342,3.6830252725120602,1.7550280578415598,3.0010422566740966,3.12960042811013,1.6380154525408632,2.4896676414751657,3.75019596598033,1.5531834863470868,2.687417329363788,3.6623019528954326,1.8220021152420194,2.6931401484321174,3.930729498257127,1.6926185805593936
sub-3-008,3,2.6454284237084806,3.2937662000423855,1.5552807484598647,2.8676691812286483,3.2726067395400187,1.7961968115429332,2.645587703911347,3.828994650414436,1.4512699027101381,2.7104172586583126,3.483751038203745,1.6100136322306393,2.1548528478831295,3.5702958203714807,1.7096860775987608,2.5269737775590095,3.181049910060602,1.539718310463254,2.685545428786439,3.14223212081677,1.6822768267633537,2.6825929829283823,3.4086770347436266,1.7113373805992504,2.3590136510640605,3.1563555362717155,1.8193733055557075,2.4991766419989254,3.8286140148378287,1.7214699856436777,3.1901453013990233,3.3677504517122623,1.7583697293784144,2.4070537807342554,3.8169824029826804,1.7810768590811428,2.3949858263854207,3.43916022964824,1.9207752160250788,2.7933076389670415,3.131969221005619,1.6451045534401691,2.895851416133454,3.4811902158054777,1.7425133771823889,2.752847744998814,3.1549947222364416,1.5740453753855903,2.5097341650210043,3.86529461355947,1.8679648022378446,2.6975579460936774,3.489035214372185,1.884435460651954,2.540523858449104,3.6898310434642743,1.8518058463091907,2.873427612151916,3.5122291163170885,1.6606084668580374,2.8011135653019057,3.912118722031104,1.6334938261414527,2.3690939282644323,3.8693296505265113,1.4687408939606938,2.2632957428625025,3.4528773678535614,1.7153659573593731,2.359208610070104,3.5621220147456105,1.739970513295472,2.4635301790702298,4.069369970167,1.7644641815010955,2.753128026573921,3.09226036317259,1.480273728132418,2.6328112699168065,4.019360153037677,1.5485096331541428,2.5758077963702304,3.154173051485031,1.592206610117802,2.5847600373854775,3.3620688602584266,1.5041714145245486,2.3109748156893746,2.971917732150013,1.7714875704821884,2.657564584577605,3.665914962233268,1.5636236303202136,2.7310712323033526,3.69789802690304,1.7010941609967496,2.521770826213335,3.3182476686699283,1.7288242750893086,2.8411046049572395,3.818599852372624,1.6615684364556382,2.6469518631193845,3.1915995861339077,1.8095100766107801,2.4004457143202345,3.6932715571577486,2.1453608285711603,2.4473977621811165,4.318384926586649,1.7735953231674466,2.415067386012849,3.2772722733143635,2.0547433411772587,2.2887379632465574,3.121477200273565,1.5694809083435644,2.6275396399876114,3.497558210940351,1.7518848719411253,2.8692499613977698,3.1841682139224505,1.7966945491645865,2.1868784311572163,3.1402673031035593,1.7608261251684911,2.286943385756752,2.8373986597184855,1.7336799522143225,2.5251276468228787,3.1212027698656115,1.4434171255722448,2.8975140079803845,3.6296441574287104,1.702946858460767,2.945144083612699,3.786177498058359,1.9653915155810309,2.337608292939026,3.1591300747650886,1.7925612852674024,2.6246098592572418,3.849905369984765,1.455381668703101,2.676647534874896,3.7769952173576824,1.8404258100217081,2.476795011382646,3.6452122480469016,1.583651436205197,2.497269705267516,3.2079778249965787,1.5862001405991872,2.506626780891758,3.362537710661396,1.586181283541654,2.31607253060792,4.0491068207685235,1.624915558516361,2.609393803235621,3.0074878522515816,1.9036473699364125,2.580088917087632,3.3757151279809645,1.6347288394004078,2.70649377439789,2.673133279951459,1.5763709991936385,2.5285649092317852,3.4634288972552456,2.075796794551762,2.489233175319336,3.777263557777263,1.9717485779803927,2.670710535441917,3.3113315000412253,1.507326862101958,2.6841756508885566,3.9606070626238057,1.781894464329368,2.772020667708507,4.225745173366664,1.8256061426585928,2.3518860841570945,3.5142970143412473,1.9055322790281726,2.5052196376293576,3.9215975665476286,1.6899594653017413,2.6101825357704302,3.401792508703722,1.7239304510481612,2.588240536998517,3.049608260603319,1.6337610061128387,2.3280225443663807,3.3860095899312594,1.58072543455022,2.7321278117224033,3.7865519823839433,1.7840441231500215,2.3218231383813297,3.472522262380208,1.4979211532329813
sub-3-009,3,2.5234871905288023,3.6812779268241957,1.8488156484372658,2.635112060374628,3.8523720379239315,1.7389634580406188,2.5079591510381465,3.744624942715835,1.835971415026501,2.4556490943017315,3.6061150323996194,1.655852993849506,1.838452935603927,3.403229817791729,1.4058216727314226,2.6090803576800767,3.070114235394862,1.592049938446889,2.471952215687577,3.836482935687177,1.619972741002111,2.0065052283504325,3.382016622958206,1.5674539616899217,2.692300900916881,3.2166736142339305,1.7316280823209667,2.9945220234108936,3.4330018914703837,1.728009561455094,2.251012753553228,3.261165799362197,1.7689581053064154,2.4906184063496,3.6720412289682183,1.763740802869489,2.312754701542003,3.784285759134949,1.51359725848664,2.412314056954663,3.5642557763495795,1.9350534512009867,2.3693022566170514,3.5413516469574744,1.723403070324551,2.668324795999039,3.831528553910145,1.639388710399709,2.7321328634273305,3.872490081271386,1.967593876830736,2.6403461939498913,3.5440823348987376,1.6288123289577696,2.2873823882130706,3.4221730108556208,1.7168506604339762,2.5302913855620766,3.667361037988152,1.481874008839021,2.5172446313478347,4.0585354625564865,1.8493398139253334,2.6609142232582896,3.6093910650062973,1.6451852213902,2.2342673546837917,3.6279960053153597,1.3327357525565497,2.4913999447297,3.498975426939347,1.6329214346889478,2.9408489508243414,4.010815979828017,1.8549217600515147,2.383441182106972,4.037996291550328,1.792845370823555,2.380443661244458,3.509160735162948,1.8437862280307198,2.442201808684384,3.5393491153083816,1.7474714565770237,2.3518462437228,3.4243740026277876,1.5461806137435217,2.706360242827209,3.24574448083838,1.7437705556197085,2.2997719526891522,3.1826376727204333,1.5227178186243977,2.497876472301585,3.5505068535917292,1.7547132942787447,2.230997676292147,3.452780972471693,1.5874141835434847,2.6461521286986462,3.4250618272978066,1.687875349157227,2.4159091910694492,3.98290135868534,1.5074630865150196,2.4780478817299985,3.530127566916431,1.6622959306677154,2.412491523112763,2.992728609804806,1.5962736573662362,2.3773107285297845,3.97018288595965,2.039704389289708,2.190857497960791,2.886668168716245,1.7107066158568558,2.373406231562778,3.3462321049934936,1.6056725658225066,2.459908981163287,3.4006783295825898,1.5029747076006101,2.073637540901243,3.565584389401762,1.5949664589438766,2.5725564914679784,2.874970523501637,1.8421675487785762,2.4266064197706383,3.8147111952229547,1.7231412206296544,2.4488303827718414,3.0302189132456694,2.0262268936142114,2.694584509148529,3.741660831912921,1.9728241558178938,2.590335662201195,3.8786720143868907,1.6282137113379758,2.682764135909977,3.323572921921082,1.624421180677353,2.5674601035817695,3.1451283052112773,1.749413633356202,2.4938475222226315,2.9434830228194495,1.6313507171361614,2.487890153432389,3.738794210154708,1.7427796928740666,2.8105450260641662,3.6456306867749513,1.616905839464857,2.5394953151142245,3.402546549664768,1.7731959284169754,2.5607679865433806,3.324003302491502,1.7012900706593772,2.6330125197998564,3.2182019692755017,1.7475513142467056,2.2658370426926715,3.80955997607965,1.7790771216157961,2.8432709464119235,3.187352996862881,1.870017759322469,2.718440411442263,3.448975026781791,1.643503497041764,2.3546737098317934,3.123173284637702,1.5873148520790457,2.3239603843674677,3.946802295405373,1.4746922115096588,2.5768011860590967,3.6219974355278293,1.7536248847921927,2.630151949871816,3.764992088885909,1.6331116756344994,2.565759116224238,3.4178027763695957,1.8953788386875272,2.9279758662254776,3.1656985471548147,1.3953348736093514,2.6524436824234234,3.7997044075859985,1.993546596987268,2.6828202632189977,3.8908186684324177,1.9490091099314464,2.813659998893556,3.746724942845682,1.5076685655584716,2.548494865949096,3.584010813336567,1.685028555020957
sub-3-010,3,2.543140927587214,3.938823857832613,1.5864752474467454,2.693829425315997,3.588603654966185,1.5713701416142505,2.3562117303143557,3.023631779425554,1.772836554492316,2.538615933587813,3.268782319606503,1.4185842313345915,2.2778879623328,3.231356357791911,1.4929459792223978,2.3764728135628506,3.4331989542414854,1.7704994728608887,2.490603062804157,3.167212628356987,1.6912812567446767,2.388198544105471,3.291274925548379,1.6102635313441431,2.4913795877799285,3.2508941330419105,1.5615653875469426,2.250866267984655,3.8307432341884025,1.7693681264071774,2.564847631065521,3.582763174697669,1.7509294094337335,2.417781667754114,3.408926547797875,1.6288686983926075,3.0020563230375004,3.7856565716077037,1.7251823427238087,2.795877169523343,3.8471127084623564,1.4929213538652495,2.509886409406507,3.495429168893596,1.79172919234731,2.5096813058473617,3.4724112877753948,1.630797675906299,2.738808329265319,3.0958646760361446,1.6358967842648993,2.2181383210087016,3.211700955918489,1.7475766199557854,2.6105077721929164,3.4123063262286166,1.8685977719206666,2.7937277197138717,3.4806163461216073,1.7375649284591315,2.468542000399788,3.675528562006427,1.520890927996303,2.8732502656882692,3.819195873563903,1.5201610469088345,2.407976674409877,3.6179496539325515,1.6492623344474568,2.6480279187698965,3.39936902283549,1.9287217637180087,2.5514952586862343,4.177755436682449,1.7904012945669245,2.307107219115336,4.084219043372509,1.8648018432305773,2.618426572514576,3.68105736773556,1.5216429853074218,2.2252123001394724,3.48831008189962,1.9068155508723752,2.6212275917883487,3.9785680192745603,1.8981831174788284,2.5537095672213814,3.831451937971623,1.9283893078782093,2.535567245205082,3.44014284304745,1.7210675730999863,2.115856591009443,3.578520932441236,1.808065697462722,2.57601199645479,3.596508837701185,1.6934785436600746,2.190536059808225,3.9655265330529423,1.6448256728897421,2.4388013770445687,3.8802351779665116,1.846805070269182,2.59915185407564,3.7154235224678867,1.5267517496464276,2.535439012676481,3.86253955064803,1.5984287271304745,2.3703000051011247,3.522009106794273,1.7153085516646691,2.316562977971203,2.894117317572899,1.2175934844399052,2.7158217469389965,3.1967650475026703,1.6085014458228217,2.157017613248288,3.786415550967156,1.7525507336108797,2.2558350179291704,3.36496742357307,1.2909756768952771,2.3726701220865767,3.3735164090750653,1.5876885843295498,2.501127921063683,3.5689359167500627,1.8509657474382786,2.283563275132674,3.4975260916964266,1.8067315518385665,2.3836650294050723,3.446006823344994,1.7699828173231025,2.552017594706313,3.6887753729584976,1.7142047220574395,2.4938647428604357,3.171641268638115,1.7370752834620495,2.5679950999486265,3.222007032214432,1.7873083737267894,2.7782262311412036,3.315173940970077,1.590855178358306,2.4124532597541624,3.0299747653875673,2.000672253031264,2.4692006315071615,3.2596328303240134,1.5309837429515987,2.480165856049083,3.3053413773342712,1.915710978014083,2.325227193108515,3.0692104152392656,1.7827676123431118,2.530702830664324,3.4375754458418477,1.7839454369456695,2.5746080947130157,3.4868910756791203,1.4891530847114538,2.2497428730590707,3.3038800532386468,1.5373452588651606,2.5984570437341734,2.9963598250012664,1.632925986059715,2.51884652550028,3.4888965217311467,1.759844639406431,2.4912227651716274,3.3131022388910774,1.8866720225674687,2.4923941160617495,3.897356502915204,1.6512309125833478,2.5470714606114364,3.461150742699516,1.7346827912948488,2.4744273249187283,3.52691779264881,1.929622103989344,2.738793322150421,3.7956067362134696,1.498710414225875,2.3375784104937996,3.560970258371957,1.8156106888183903,2.456555600560539,3.304676238148263,1.9090764504009445,2.673457800015655,3.796236270604262,1.6337824912350163,2.456396294283148,3.7656893693056843,1.660591120961615
sub-3-011,3,2.440045734709433,3.2443049978121397,1.6233057290540627,2.7075150392625615,3.077293840116173,1.794357870251589,2.422520623425693,3.4411158894596556,1.6780631629073965,2.5102659231052837,3.4196042636236688,1.6333466099238203,2.0971434686905472,3.6495365931503323,1.603757397410489,2.5273293072195093,3.319497237741416,1.6388084268303975,2.4345891824949537,3.7142963681360603,1.586960137029361,1.7956757431033212,3.296326250490168,1.5580913758644686,2.4445581209746856,3.755235713585355,1.2899720595427826,2.83372393169458,3.7953097729252976,1.6057920105207772,2.4688588310970596,3.641228346409553,1.7796823984761496,2.435901265637119,3.047302508918007,2.0170539081803005,2.722102328988399,3.543918847922418,1.7263662873860066,2.6618370651293737,3.707497720092603,1.3870449983768047,2.486843043714241,3.372647612262789,1.6757848012247027,2.688742909765526,2.9987775447119525,1.4976286421654934,2.427285893423587,3.543216635410637,1.824818842001056,2.843638215521008,3.4198208240323824,1.8245721364437477,2.677829246087835,3.6516673622996363,1.6963578590242698,2.478084251080709,3.2016881874312686,1.5302610700817416,2.6124747282296408,3.484761697121064,1.637673893323972,2.6696655527334254,3.443863033215143,1.5630231269322157,2.502030347574567,3.7297763572182383,1.546473012173612,2.5876698271567578,3.4844807915697125,1.5858785162945819,2.497196606332891,3.0599287575419765,1.7164460291236,2.304348062988475,3.800282420822381,1.6862041365448717,2.4470735418175305,3.824956611855807,1.5452226733662848,2.415417076949639,2.9878109346311392,1.8964259456499164,2.8871158253867755,3.0313936861062234,1.5776341339075,2.5625664446714493,3.355605641637577,1.6953027490785653,2.5288323704921445,3.6141145208499252,1.555855175906908,2.584678737043964,3.1874843215854245,1.638221312595264,2.237384761048196,3.3867265063935608,1.6140893625638038,2.719844284212959,3.4834071797505115,1.7183754849655726,2.545958634870507,2.903849523566353,1.4004580609742496,2.492638025991455,3.5779967966886654,1.664770221091983,2.3944693845119787,3.432712326577603,1.6509371698933408,2.690220584798827,3.7024455949224255,1.6169878208534545,2.191013634307142,3.3573358001338742,1.663696659316102,2.8474676563422796,3.4921186632243475,1.8753117206309777,2.3411850460241515,3.321451329125801,1.3796263374482958,2.2272351772017522,3.461306707360473,1.216692233538035,2.583891546166351,3.6691788972249166,1.7820856394507658,2.3347449983937634,3.7164735924658294,1.7013956746078098,2.6563867714049727,3.464759790562832,1.7571556050583192,2.74966244400734,3.4428738248513238,1.7426157213345064,2.774958365146222,3.4626955538532678,1.5311905751873227,2.671687762348079,3.9017657309706246,1.893317526922634,2.678697797939197,2.8436358764543095,1.6046250909505533,2.444771912221415,3.5125631497118732,1.9532397251661007,2.3555025059597043,4.127816584807,1.6426508055088636,2.4119577635747795,3.7366573194473007,1.8386456400236189,2.6669904439842718,3.2845524692943187,1.7753042191608608,2.3639596060978816,3.2767711580855416,1.6857694753843613,2.4024065520178013,3.794769509406017,1.6132748702135604,2.510317880709402,3.2535444811312755,1.85564147171325,2.430097144617055,3.819763108768531,1.8602815377923376,2.469730628829855,3.5083069863130842,1.6289436535148072,2.648229959146256,3.445548032827908,1.6373779004340852,2.5583122493832082,3.0569795862127545,1.688622763279238,2.666930154625088,3.5386552264731272,1.8427484848587299,2.4820863441850602,3.3713986005486487,1.532402149403575,2.476965917361229,4.050449934990024,1.7413315047779678,2.44460348115632,3.2182802573412213,1.4602203911351117,2.4005291575066825,3.7125741823908194,1.6359452340137055,2.377529085334337,3.2625085404704124,1.7974221199909897,2.535372646431307,3.3243827640211694,1.653741744566814,2.9470589625985366,3.8414944607775805,1.9202937994504772
sub-3-012,3,2.2346212897866513,3.4576913622056566,1.6032816351273675,2.6478912352500923,3.796745925966616,1.748963931938006,2.3929553923212974,3.314916265360774,1.7930856299199283,2.6796131711776967,3.539466664282473,1.7194686379084356,2.209022056438339,3.355347036169224,1.7073941462757718,2.663429827302575,3.506603921487357,1.6926425874008995,2.5342863043674435,3.281507419624066,1.5810457776002378,2.2979121294645597,3.080396711809522,1.7220900801869534,2.540758312013587,3.729486672361846,1.795543820533221,2.7017273864589737,3.366617588179476,1.7613349175718562,2.6828198381187054,3.065628524168159,1.955254017132329,2.957871548300533,3.765240722459388,1.8208821143194986,2.6559765475427133,3.4094386643277166,1.6834744683097222,2.723592881164895,3.2274991854374018,1.540892463030631,2.4784807460263503,3.683750888970742,1.57010957625887,2.5094251079548755,3.470130830865437,1.5482196142048315,2.1108417749785704,3.2125764889627346,1.7391329775975037,2.637505824289945,3.6384216354811936,1.7914358592264708,2.4372489179032595,3.2646294450035875,1.7562587007276285,2.5118849873573503,3.753982014312909,1.7572060346506324,2.7810877013099193,3.369649834788833,1.8601301375161767,2.916241661484897,3.5150479172501354,1.7748960015411153,2.382504908034272,3.7503358272470546,1.869358725428645,2.46099842686801,3.664124679900955,1.7420709108266907,2.6203413522496533,3.7273655274142765,1.7778349263499222,2.5249821912888883,3.7333229795204383,1.866778413428692,2.4502450018764,3.499496244426959,1.4346960792168648,2.6550476485556183,3.8424729213539957,1.6614057158766107,2.5740185084102447,3.438345194215697,1.6424155664186204,2.591790831632387,3.2804120890722204,1.6647084595334851,2.3871808329409414,3.6649414440379093,1.7358857180401552,2.4723771748707133,3.5103820487742707,1.6668912116335477,2.755901130703074,3.37651655170384,1.7952567448147825,2.423062688644507,3.727986752106372,1.8555958400005412,2.745211132667017,3.9118847295188353,1.7438667500118537,2.7728304062993834,3.954770386649719,1.5316921454173245,2.441417134482623,3.081203801335206,1.8591716187087155,2.278464191870098,3.0016441446654047,1.535391097865726,1.8871038381056022,3.3562042483511205,1.4373186031921046,2.2457490758393184,3.488275470370552,1.702566804267057,2.213439042452502,3.3001636714282534,1.6888041872040502,2.13577181077542,3.1877446964252334,1.7768930468104167,2.936378062618243,3.4122764239250953,1.5017177701130369,2.5077750422495133,3.5544020689574665,1.6920082182845235,2.659924401280391,4.11933459005494,1.443031871437952,2.458725659933915,3.931520089661222,1.6216931659601248,2.692108831003396,3.6766521952573443,1.8855319785220703,2.894401153948715,3.5932603579881466,1.4381255321870143,2.4239267082724583,4.112094802646212,1.4878703285922539,2.639425182454303,2.7959374172609075,1.4973159227165735,2.709648710651984,3.5100690576923315,1.6435337261917582,2.4034159156161157,2.9409680889021743,1.8040108829339956,2.499033473461637,3.073877751136177,1.7045283709265424,2.6546246427738227,3.4438113667648955,1.7173989024968632,2.5568628267877394,3.3020974535841106,1.7081389419949748,2.6823390476383095,3.789700228531163,1.8186094007884015,2.4284823543775356,3.6781395144395392,1.7698199641004817,2.4222524173598647,3.3699924334889575,1.801953965397131,2.7978434675051593,2.9927318685654605,1.9460091857553943,2.7595487416634708,3.5557531800464894,1.6638925064963002,2.6202780208594456,3.3206416990154883,1.6733457470079995,2.2844951487409837,3.012373572020859,2.0498459952058825,2.5613535393134916,3.5570329258806628,1.6953900810333689,2.4010006764934393,3.414022609266285,1.7136783040952526,2.514605110040646,3.2893832362455457,1.7719233189836068,2.583905644536266,3.6100141760882343,1.8057567218029753,2.519305695786312,3.452711376721186,1.9223678843378083,2.3800772623963584,2.9753831104971775,1.783330805308622
sub-3-013,3,2.4367169829226314,3.1983417319578344,1.832785702563863,2.523941690923351,3.146202063863084,1.9902419178514332,2.260076472408468,3.475730050145892,1.4166084837729216,2.5987184820934006,3.320489563941082,1.8228912222994054,2.1968704504647922,3.658170178121912,1.535542912389411,2.2611820158937346,3.5665044948475226,1.6621163779311205,2.222533221352058,3.204493522696001,1.5894301331785265,2.4799690102721317,3.478084823879594,1.5478397255810896,2.6347565513770026,2.928951233639187,1.6152640833277998,2.622179168221505,3.546305365790731,1.6190965781144588,2.5431045362164197,3.5946703813193652,1.6985965009747268,2.704980712246225,3.58923659076854,1.7766860705644518,2.858439861881415,3.7317017732302187,1.9611437669571459,2.4290554140803673,3.0541241156032464,1.6789578813933639,2.509392654898071,3.9086359626690195,1.530493335101474,2.5358017871172103,3.613450222492008,1.7150153755976538,2.5191246634970343,3.600399166897777,1.8618646446367964,2.826434184820079,3.5091860180877035,1.5776231369608154,2.8262161369368055,3.198262634914063,1.96858682646727,2.7919443656853713,3.9170316616000838,1.8028086283959628,2.1697517927751933,3.2090461672988475,1.7460332331039587,2.428383540260832,3.4117216340653918,1.7919212271238887,2.5194046286948453,3.1586742307891846,1.8328488069707847,2.6426824995276705,3.430281135965722,1.806689927615701,2.5671084713575656,3.872781133876269,1.7226811828336264,2.7883069799845224,2.9753772212149405,1.7688828534817742,2.4783848765974485,3.259465723263819,1.8737750869107688,2.7100357377377375,2.938186527054108,1.8073243452974697,2.656946648353068,3.2975399781358554,1.5747044079555252,2.2636964595722864,3.40549106877365,1.673376869254015,2.693459420464532,3.5754265020601563,1.5410137827043502,2.5929973784900717,3.4288672825669044,1.5597760679503332,2.263888696120972,3.6749449338071423,1.76695957242192,2.650218425090563,3.2960915586223063,1.7256619793152645,2.302434453527895,3.2237568126814735,1.7050598299622501,2.5972235454579917,3.0439309891369786,1.5413682928546042,2.4842292895050173,3.768385245214882,1.578034587070067,2.5753035509031137,3.5687099393775426,1.662546226141479,2.248243606868698,2.9034232947221508,1.5016319202157073,2.808184774344401,3.9213341725593307,1.8264381117915354,2.7480705941916566,2.9887449603088663,1.5576956172059644,2.1440017174579395,3.9563797393959312,1.5530374038240333,2.684082773932171,3.6059441679113573,1.7534185191096812,2.545764487763302,3.1639908075366856,1.2948254129771728,2.7807316467664305,3.3273806198478892,1.4199330207543412,2.628832983780527,3.61726103453933,1.815183846722205,2.7508288263237066,3.242683816601707,1.5687527439997486,2.492633411688455,3.7300592515354456,1.3846041509281422,2.573077140496426,3.7609941108545875,1.833628467052721,2.67754108527072,3.7976401456687516,1.2879225940226453,2.840424364123009,3.592513387000545,1.9001976907517006,2.3385657941555924,3.008928483515178,1.9679566527508459,2.383226069768487,3.4129623067027346,1.7791181960693732,2.6891195988519327,3.801956562562,1.7335079251086203,2.360224339849373,3.697857137101182,1.80838340846002,2.22329371958648,3.8972317556629386,1.3269386581159568,2.7361948145868924,3.322449208943809,1.8058264221925309,2.6418349569538564,3.4896056863063944,1.7676629959070478,2.534439242025476,3.6999062314396345,2.0277907643173068,2.3085769816857225,2.6073190281773098,1.6376488599581127,2.4628753380154746,3.3942809108885674,1.5610341569108581,2.7070381504562864,3.1132277523531275,1.7676162658582488,2.6649238112142677,3.5886104539713712,1.7730714913738885,2.7208681060309434,3.5149982790319316,1.648025507941152,2.6375466789524755,3.6681025465313577,1.833452153182813,2.241769303219714,3.448611174208324,1.5401947568863963,2.650973668790164,3.7034785679745736,1.6588380978264377,2.418731763247482,3.6671497897793066,1.680013652451056
sub-3-014,3,2.8067639991821944,3.996426855161857,1.8501066572952334,2.5918783330886583,4.011160968131141,1.73610804358697,2.4637450997251906,3.3109046777979003,1.5944747656323324,2.5488534454796894,3.6296643085254354,1.4877264590771122,2.11919333303782,3.339598283905271,1.6965439403741323,2.545333904625632,3.5684622774719355,1.514221638951418,2.385878387218045,3.4829586855604595,1.7765826672784992,2.241634592592735,3.0423291717626255,1.5645157009677706,2.8221309017178253,3.6523923051270373,1.6756200434965391,2.3653493828904635,3.3002560872007782,1.7009885543351109,2.599670477748001,3.6583577646284366,1.758197837658322,2.4833574547916366,3.3568906281700777,2.00704833234345,2.4498358820529806,3.1383229653165885,1.4541923782921344,2.486426000316652,3.7631954697867127,1.6136078465988208,2.8159526175497867,3.497961167361204,1.8664337100120112,2.4136101961450382,3.2921793161824584,1.713656855499496,2.636859839942081,3.449891972081533,1.7438698176021177,2.6559274716210415,3.1022584096634573,1.648859382621629,2.4566371447692434,3.368365795866157,1.7610316592777522,2.4591379015951924,2.938578261860686,1.6645222022248511,2.3584069143735036,3.6389729547311127,1.820854548778058,2.158530805195794,3.2832150203887096,1.753005953512881,2.2964024756637182,3.719145045610459,1.8573974802293332,2.520837185899217,3.283304752134841,1.353414856178703,2.696524553056998,4.060710354029379,1.969347679750273,2.514904766851709,3.1940507710389885,1.82564363394922,2.5271636202926353,3.6338768826201573,1.7454127554945418,2.566740623552365,3.787983864975109,1.8598502103545926,2.4559162167519184,3.241528508011801,1.3251326240674717,2.4876909551820368,3.1938689556168267,1.7628795378495634,2.4895439517278226,3.4363199779167575,1.821794914362782,2.6215058424060738,3.467326783217736,1.952963851390289,2.682866804939946,3.3835589609516403,1.6443120101071804,2.6919083448307264,3.5567967955462563,1.5318260434499034,2.7110483111600523,3.852025016055126,1.8772083302008766,2.8276948202726033,4.079375476275958,1.9594938552984351,2.61131912071675,3.441640194918527,1.4255597454496793,2.5519562121792077,3.6453580964953463,1.706532935814103,1.8601202202389648,3.199746022350819,1.6967998073285022,2.3653352937064955,3.5463935486664164,1.7647440501318876,2.7512341753846337,3.9795295099823265,1.6433260906084,2.233076328722326,3.340219368316106,1.697406228908255,2.646732555415442,3.899001556883936,1.3503054904668743,2.6252437940801383,3.6364750825267853,1.6647156151205051,2.1424782463507945,3.4829210889833826,1.5934158855965037,2.85203197378627,3.6050815835518044,1.580677275875861,2.1805238991368734,3.665372951021145,1.804422379061547,2.5111601667923624,3.66902913500357,1.6477594207305026,2.742098749530269,3.7779517540157483,1.4541611942895616,2.2988654680905998,4.0687588824521885,1.8398294525040635,2.3227714190948587,3.060293589241586,1.7311658098415181,2.34438322946281,3.411321931381042,1.6929081215598865,2.533721090004351,3.815430718899098,1.9752134358688256,2.463794786490211,3.1834154341350924,1.7583269232475363,2.8436664205996895,3.3870997562248997,1.827553833802132,2.3993155933438586,3.5059559830680342,1.5257086576549765,2.551949770886264,3.467392605959632,1.7912184348743114,2.870051089564114,3.3911092821453837,1.400040627898146,2.513621299947676,3.5838089345767603,1.7302850132385106,2.521663894148654,3.9165601834229786,1.7204321809801721,2.5311366722784956,3.282242284487328,1.4379933968988206,2.6092617485372287,3.5687170119628595,1.541100419760774,2.542012975280673,3.459721598612408,1.6063249213386235,2.4072040716331378,3.6134228679093594,1.6661282447674473,2.4436211535430035,3.2587318327936674,1.6805022401356196,2.7164070423965585,3.5578592207797755,1.6644316967038044,2.6055282764223153,3.882027804106928,1.7735621052770199,2.5968361766831145,3.678788261192768,1.6762979395216495
sub-3-015,3,2.583132207738514,3.3630924813137835,1.4674170017996704,2.6117104534297217,3.5970704236419504,1.6568430562594616,2.7364477923483177,3.2979510701587427,1.434292338220297,2.4245191477460644,3.0685369952854438,1.7507054533236013,2.064625983452988,3.555712973898818,1.7445698203839188,2.3835046632171366,3.273730078288512,1.7801659479025478,2.726371160660638,2.936466228745524,1.7422506305044336,1.8044336932882121,3.1264154892283464,1.7640485211844346,3.091758624015485,3.433129326438289,1.512932618244493,2.457571408605288,3.5184995126512852,1.5994638140691686,2.3835317383236347,3.3804819981877436,1.7593365899337863,2.5195063909698576,3.2531512159739506,1.5994906250471308,2.475505461059322,3.2201606086764194,1.5939282505418353,2.665854480108673,3.4355101308568625,1.4369769561373973,2.734490765831695,3.61668154953982,1.4925300554379204,2.4842317788994985,3.278212327863819,1.8015358563619448,2.483102599311422,3.479623466511931,1.6716208370236614,2.283575784649429,3.8935109270280037,1.799349508577528,2.415470951811024,3.553721337878696,1.8461176872271081,2.5600333822963663,3.9358911722670653,2.1376776262876707,2.527298087535951,3.3368916719485577,1.5515886121968914,2.151556567842848,3.8494806144059006,1.6469759284905077,2.7075640345446117,3.8014066078488695,1.5378544655103468,2.382453444945866,3.988512329046121,1.6894902275309598,2.431148243318633,3.2073514774268195,1.678781632939833,2.82142099577609,3.6919226348936753,1.727264351946619,2.8359337698463887,3.8908170461917417,1.7501183316083786,3.049701538356504,3.4307215164338176,1.8647042745738789,2.479260611092417,3.752797562197438,1.6627419224652835,2.633046296865064,4.169238054767114,1.8427777702071912,2.635831400284173,3.2830832181900504,1.7282343056754839,2.3685595497165868,3.748353377506369,1.829281645953476,2.5176656197355536,3.9657889563274384,1.9284344104054987,2.5769363877202713,3.6583431140632525,1.6117314173088346,2.501007505086614,3.1981578400901998,1.6282494515418502,2.5312100044339543,3.035097170936587,1.7865220962494184,2.733983088694729,3.4977830342253893,1.295413691234224,2.504461302405282,3.1098518605371055,1.608557145119487,2.4613485341131343,2.59834753679653,1.4775456212668963,2.6993225301338803,3.303460686526375,1.5832354734242111,2.9158331103493547,3.6059484701549467,1.8401453616547963,2.289040549217359,3.3252752696476575,1.7896037364958184,2.8929623888041114,3.028615261109019,1.694702396571943,2.5422242252882827,3.3798023741125705,1.8471590944210157,2.5962397828534303,4.039132402043978,1.8650399613944153,2.795646438801988,3.1642340184038544,1.579087111397442,2.4197355381234407,3.870473264630126,1.5549235570802287,2.3811718171420626,3.1860204831278445,2.1129540828318127,2.5243982562600977,3.648368644636538,1.5289074023007196,2.722666511985596,3.0033733449321036,1.5531495882199335,2.41835269809504,3.561284030782317,1.581037652886921,2.82431965819722,3.640902497239399,1.5965594860873575,2.72957107387233,3.389880320043544,1.611434504413983,2.711246816549153,2.8132091187513044,1.8102225600093063,2.421642937041541,3.299909954977336,1.9937205402384084,2.454381701081434,3.76765609717347,1.7418867093747534,2.618938384562923,3.429848167808417,1.6545926746485653,2.8250379102291405,3.760528819540705,1.6250478562098427,2.361742294675903,3.3363473546534137,1.8472242905076177,2.762164519439953,3.655384208564461,1.4574843603187373,2.6856802344951682,3.865001897008813,1.7260334818517056,2.9063645500082997,3.1301282163455104,1.8027211280670463,2.36636015547666,3.7963917343698497,1.791929128361154,2.874244047017291,3.6399184053983027,1.6393990972909382,2.461607361764215,3.429950372516427,1.6233913938161222,2.7924796147525113,3.8571787174932823,1.4755148832586473,2.5569048257548763,3.517497624704041,1.582805707729903,2.628884998573292,3.909038234591841,1.83377134759299
sub-3-016,3,2.7924723100095603,3.2988290026900153,1.7054761659150002,2.4121834177320935,3.5670404197625585,1.7494176363660872,2.722770840972163,3.867777719077148,1.8033465745918642,2.3951694246886412,3.121391639989219,1.7780030046057995,2.470093799595018,3.273058274420892,1.370890965680047,2.9252560722074423,3.6370332740452045,1.7256712274073691,2.339765192818852,3.5045405424107265,1.8030326243293329,2.290543729699638,3.0896316041173186,1.591440207556375,2.439118793633382,3.96596524321099,1.834231096795417,2.4556197236520645,3.17282849552059,1.7416722623346892,2.46129286985089,3.3828741341632704,1.5297178799659337,2.367946429586086,3.545547642716947,1.6599682328236964,2.9993725894837246,3.6663909611469876,1.527245722788198,2.2735854762569194,3.611487988824268,1.6404699357909474,2.7896654909108376,3.578921874768783,1.40262195354585,2.3665036262848442,3.310921024318004,1.7663055407552357,2.3605045626272254,3.5427889263084014,1.499577526818138,2.5511133754161213,3.6036072756455,1.919226547603694,2.5942035762489297,3.2713142212097805,1.9239507630437238,2.517027953482596,3.716598695068405,1.6080656343244784,2.5663400867806345,3.2756449783181756,1.7483389933023812,2.694689057129451,3.361456202853125,1.6173488120919988,2.614227279323513,3.268995528405659,1.4723084468996772,2.6135753553122223,3.4698447905464183,1.6806710912839131,2.6437926746246228,3.6850100986805154,1.6758497162619201,2.3479195070478083,3.3211956951120793,1.7877445895698083,2.5745524794200967,3.3460673775879055,1.5823420271247315,2.661208105846067,3.4379373264426247,1.8129075168158204,2.708280443538941,3.4124048699201484,1.8424471227254147,2.5749137558031476,3.5749723065235313,1.3716876357332064,2.375234166301778,3.243325578114317,1.6522017916394645,2.57058318137768,3.5434700910114727,1.7428620420186878,2.426709973572089,3.6935816298569546,1.9713932665327385,2.486401520259157,3.314172913118578,1.597200226413369,2.5653842087754883,3.352786329308359,1.4404507380375184,2.287784662958699,3.7856532390508844,1.8922691060185062,2.837980125832435,3.5633652428582256,1.5513641738069281,2.471157093151707,3.082411462205642,1.4705162015687039,2.2459472879012905,3.430923233833965,1.8937560333589363,2.5350431562865205,3.1198062529744317,1.681711942436745,2.499157344159588,3.3624551304964347,1.751562435121231,1.9813949447609147,3.316602001191269,1.6977344898579216,2.805552798641753,3.586905237730063,1.8564680675778915,2.470098712744903,3.414798723257817,1.9021770561823461,2.3031148035065128,3.3871207153712337,1.8692669460088949,2.511999891344548,3.420031431076049,1.6602001825150232,2.571087319472504,3.8041034757373877,1.838634727748482,2.5520623034698127,3.8058687988974227,1.7512689444994605,2.7046416302077496,3.2120565472539604,1.9607829100149594,2.589638349746177,2.730473382751012,1.9489290760204034,2.550909887617919,3.38926169087761,1.6091475402219202,2.6291103363361863,3.251251102697559,1.6134640305993901,2.450481941313896,3.4181708277633738,1.6227187625402208,2.703506543697875,3.575897445343356,1.7589555107516426,2.6599083984331116,3.4739336043536038,1.5469536006314266,2.8749310462878386,3.7597097032962354,1.9419240520903376,2.7362169157730607,3.371096006917665,1.34780330925067,2.3287626434050055,3.6782261730783063,1.684737812099525,2.474427025395166,2.801245019537623,1.6980309103633577,2.3552798609545857,3.2971728773855418,1.8275156145345706,2.364754448264878,3.238566994495506,1.727837049111518,2.7070251764903954,3.387242349286097,1.920082310753436,2.319839547973471,3.0928644318296454,1.4691071002572114,2.2526069224061223,3.5942337102448327,1.5533316020916241,2.29616537450714,3.6063430746379694,1.8235923870786075,2.7391545114447715,3.7450796501075367,1.5622844800936115,2.599696373600947,3.639124041669879,1.6287675132366362,2.5796553787028484,3.1495468956107286,1.6058599735858698
sub-3-017,3,2.6169217150058546,3.9221119432172147,1.872715941998276,2.668954525992177,3.522316010856937,1.6887154230537023,2.2894320083002224,3.2660581705109384,1.5795717718109463,2.6534566767973167,3.7645853760160315,1.8104860129289693,2.4128799588525633,3.300232114427414,1.452560472610917,2.5410120786571335,3.297045614678906,1.7986789987634144,2.485364267442469,3.4724111471743533,1.8040433344506626,2.066603027873518,3.5499134440302296,1.397860547206058,2.6051791742289883,3.4745482807496697,1.8241012694635967,2.3026126868644825,3.0713784856184607,1.8125066578791704,2.479634014521146,3.4745754109449023,1.6010376258636292,2.7143058683689025,3.583780538914811,1.7360996132085564,2.3394683157285248,3.6404215548972325,1.5511680621863781,2.4314604550173704,3.117702653860158,1.6765187788123384,2.741605186812116,3.5634745969656905,1.6337268640255245,2.569646337258214,3.5290119121975807,1.7099103025889737,2.581920197446768,3.2088015808953925,1.7159807540045315,2.23405529352593,3.661174610353114,1.5345876212134428,2.7619676094286048,2.8153338461746946,1.951163741379007,2.254940278179975,3.164018303841603,1.74485855569115,2.661368697196424,3.420652080575506,1.8338909078386807,2.406620234503909,3.3880862549010287,1.6546883086276443,2.4530887455279147,2.9584299991704572,1.6962999400237257,2.529298712333508,3.8018911738388947,1.5071083376444159,2.4349066816674556,3.8369775431465927,1.7439933291926528,2.6488883435081467,3.6269614145350686,1.768680747115183,2.8777889990725827,3.525631384234489,1.5482985084735892,2.6649835475210204,3.3413655312164097,1.6835094535372563,2.616632580316029,3.2700207917387205,1.6234557878270348,2.635652742792674,3.34637940806146,1.8460077973985536,2.372491632384726,3.2229331746047607,1.9859083798632984,2.2745592405132684,3.492519371880479,1.977722577134435,2.544853539378131,3.8770957873379195,1.7978712296607522,2.5487036608377354,3.463419326790395,1.3821023878785885,2.4925599012206345,3.5650211816327344,1.7347494364538862,2.993854576287701,3.5786682585218617,1.7945217981190766,2.759693370133782,3.6513403672277818,1.6870926399894965,2.535386276902907,3.4018167449738415,1.766631654370487,2.1693422702236216,3.4549821893488493,1.448636903450545,2.5764327225135557,3.9345788499940633,1.666306475398278,2.88174029285402,3.5458280052521,1.6915237711781,2.2209913304146958,3.19280149163414,1.3029165893340378,2.708431474480167,4.113959685905192,1.7720643905049003,2.6474377730441625,3.448874048043761,1.8736683648245964,2.5429311086772404,3.574821627495131,1.4652175298803665,2.454718463355999,3.6028588814907465,1.8360817601875987,2.7182891535833105,3.05782934371103,1.4783330337127878,2.6551446781899384,3.2908936513586466,1.8341888909062662,2.256569722365237,3.4724452157546346,1.6948644774135324,2.636484077460584,3.211275201079021,1.4049853908011873,2.5808290970782224,3.647400476312734,1.8511182443949556,2.485460702390853,3.717190859484325,1.7728660662332643,2.78803291398858,3.484491383507619,1.4405151045808882,2.537821258748535,3.524766209569559,1.777729136359774,2.2741171740586887,3.4126274518537953,1.830215535734692,2.5312646185101957,3.414394373003016,1.985948959667525,2.3573992463703206,3.845283318795608,1.8531874603811285,2.5094700369089464,3.4907906451369484,1.6945311900571753,2.5827505961418367,3.3335284199174193,1.6357777660356996,2.4860595844383937,3.4094766438323125,1.6533865654171895,2.146651537973507,3.5273417446202466,1.62087983297691,2.2139740044093537,3.401985715824938,1.6428563782988914,2.7795440148748445,3.3490156116397634,1.8001685269810244,2.798906160609429,3.3241407614739544,1.6928754185207364,2.8611645194837463,3.5641133234417888,1.756062476310339,2.476694293685701,3.6923742325210274,1.6940536079471622,2.220221471181625,3.400534890484811,1.5225231814670326,2.5702033735690577,3.2432850528235138,1.771719269853872
sub-3-018,3,2.5580574157680833,3.150557478997918,1.6261192826579474,2.661701286293595,3.8214380500279104,1.5646368153089099,2.3524607109106115,4.046275783284295,1.6985348080257487,2.566464408357955,3.2929705045715383,1.732283034281058,2.5087172217772316,3.351222275279941,1.7597444873709014,2.5552170941765384,3.212775106625296,1.5975144996060509,2.3487956084451307,3.5609802434042717,1.8835833190475002,2.228981969587148,3.193821090783525,1.4815540371568938,2.613980255312131,3.1533230252177855,1.529884838260542,2.7120293881753046,3.4222341825446327,1.6553818710474975,2.519568117063705,3.7032438986888625,1.7248254009536552,2.4162453405001356,3.3020141792544195,1.670733378372945,2.604399553684855,3.490057215820581,1.6813264720740373,2.5583310406308253,3.489857166573629,1.5829425646154092,2.7492691642209794,3.364952792546286,1.7193830826026089,2.1791396557130933,3.439751199343672,1.5350616254880454,2.3737760814541278,4.178212065150699,1.737428885094629,2.770683992048796,3.73948500332982,1.8474864322997098,2.5141671009132422,3.9497925633352287,1.827003094786474,2.5574402913244145,3.5737210948481306,1.679490137530625,2.5594030532759477,3.487791794175712,1.7572300446854736,2.8631952842538833,3.162540047251554,1.871353214526321,2.4837177929319716,3.8555056815141455,1.649983195547876,2.6242956617772455,3.4555236103372984,1.440411181493261,2.863015837732917,3.236028988213849,1.7125824291734473,2.3605640784884865,3.125639537583513,1.66925902404663,2.443167972827351,3.1727317940342004,1.6946851077909222,2.2832567898423903,3.535132663556066,1.680900977150378,2.1035269137897696,3.3535292271460437,1.7702615015340128,2.358561740707826,3.643301814442027,1.7649018814870367,2.366810143148603,3.496560955074324,1.8237486625021484,2.392243998517107,3.442373043877239,1.872535867697171,2.395626228343342,3.6285643200245934,1.538121333756159,2.5210268574248986,3.625083480080691,1.339320981509494,2.453821845398646,3.620212939612186,1.7338766163797594,2.455971890765318,3.1907170384372723,1.794269732329137,2.491966787246073,3.6526972164561213,1.757033470327626,2.469464708597672,3.800317288038502,1.6108583584945757,2.414281715347342,3.6499619085533084,1.7575172011735336,2.5174989923940663,4.213182160423037,1.7227766688633865,2.5933901661923624,3.4938228233333297,1.5305350284415487,2.433113182729257,3.119727039694097,1.737941653905597,2.7587195594973375,3.6689299865538003,1.5962046086152544,2.488605914007807,2.75041866940923,1.6825298515450107,2.6944878337859968,3.4334985778570615,1.6114879561614008,2.49640555366029,3.8403024716893253,1.6918451466659805,2.88442491175355,3.3401946186322773,1.7325847677696895,2.471987653387135,4.080856195852237,1.726955796696404,2.9330537046962126,3.3823642846273505,1.9291368763782593,2.571240607009229,3.7342635664727672,1.5170433533136425,2.6127145108576753,3.200646277362604,1.7385644601057544,2.2766897904531325,3.4736567545200003,1.8643418055690055,2.648559698218957,3.1544939861145522,1.4152420425744354,2.639450024482938,3.942735662700356,1.5554080944694748,2.927532734071745,3.4981818793126798,1.406195969948845,2.2690415357915694,3.7155857618239954,1.7194352061252551,2.8167997738427872,3.164525065324508,1.717774219724567,2.551216991049904,3.4599559335439722,1.642608915702951,2.4847141124030734,3.548900830798505,1.7453871541757322,2.5954631130185835,3.8376765024939936,1.5198082231566918,2.2238969637891475,3.784750215228602,1.5584712438636512,2.481694352649268,3.3286121008328227,1.604973151686234,2.2875124731195133,3.34053227543428,1.7973996668419296,2.549292340870204,3.641261995981936,1.6255877003832726,2.712512278340747,3.35765867490381,1.383716404921116,2.606992282726733,3.7148677353280304,1.616114148137116,2.7658571281335145,3.2618061874426476,1.8006090219301,2.8640596695882867,3.510284675624034,1.666027537096546
sub-3-019,3,2.5309790984146683,3.9559227083465034,1.7604173860686765,2.9359564818993604,3.578190388624326,1.6019305010144385,2.444968751661622,3.517250034338025,1.393801607604547,2.464501829390287,3.373216606466065,1.7359684633128298,2.549527279672261,3.29534861675457,1.3116011369310452,2.3854966230221466,3.5734406013238558,1.7139492139518044,2.842401994016265,3.7688216435439847,1.8395173210666576,2.1609160434125476,3.5877538902342456,1.465611531070406,2.7242929756728724,3.4209227071159374,1.482800989105921,2.656782606110677,3.891312213212028,1.6390097193026056,2.8312971150438226,3.036336543989967,1.5204810144835457,2.523589312484615,3.3961861119402457,1.5999299920911163,2.57406198938728,3.3519946718075007,1.64615380042959,2.6001165126630665,3.313089672908019,1.684097275802154,2.4338029716552736,3.162426283307192,1.8145553262010556,2.8574029993515624,3.7980801586206967,1.7497574122791975,2.4345248803075257,3.4196627572288327,1.8585531890700993,2.1393323819357852,3.3982871371697216,1.81011738796164,2.345109531206789,3.6185487195887505,1.7565483906148533,2.288220162552751,3.5243538708400215,1.607383209799772,2.6248977616590357,3.687540832049554,1.7598408400659726,2.563066618363757,3.58088395627832,1.5235902366625993,2.5444646789046197,3.2769846909178386,1.8547308130230573,2.672982868076659,3.6905123780335636,1.9570237333645972,2.490604056335937,3.346277941380962,1.6469595925613836,2.261597446589123,3.073396726163118,1.7931654513452167,2.2988747764337107,3.1990244817971836,1.6847420184342559,2.47579903150722,3.747982660182899,1.7090691957502242,2.4062756377490038,3.7720572427280623,1.8093187077258173,2.296022981236698,3.570634660504809,1.5927384815622276,2.4165411972959694,4.023464105167503,1.7186407082677682,2.5108430720674892,3.5237863430827736,1.831136039424394,2.42371119432838,3.3513620085565194,1.798500718721949,2.2770499277117335,3.7774161154546015,1.4592230397764658,2.5057619744564263,3.052326795513145,1.5415622507098485,2.7835800345488915,3.792448204673722,1.8726983449667156,2.289182108963087,3.205704275703534,1.7509808853246698,2.6787571482322825,3.276136168172385,1.6131617926184116,1.9963574237094455,3.7443086813628312,1.5287566301419724,2.5556326146502975,3.5234204886223357,1.8658430680210714,2.378556018366166,3.827113033583323,1.5081918926567464,2.40982964639999,2.7997161161706705,1.5843166522197842,2.842578699906521,3.6952317103087835,1.7631863432961872,2.3612852745076487,3.29425565163286,1.9016593731546738,2.6350211084262565,3.749269789160158,1.711069071872111,2.4992883328775726,3.714665256533121,1.7389029551683954,2.519407199804152,3.1040780241684076,1.8430862445979364,2.629204736095089,3.3302466262386012,1.8768879101192075,2.5938862498319923,3.5737516749466214,1.8325843364367254,2.670367191654954,3.5822288541566367,1.6717122419682504,2.907059547762215,3.294535770158076,1.8118957758491119,2.534905350052981,3.6273198156896878,1.8850134977555408,2.4939158831456174,3.668514175797426,1.7398335920764658,2.434565731029903,3.8522677196413784,1.8066781693510836,2.4717810123278996,3.8090062576266623,1.575287052489045,2.544791832680676,3.3798173263242877,1.8126967983529987,2.463656996004036,3.7123752727490924,1.789169021388355,2.482455153465629,4.0123209256077645,1.5882148025414802,2.2963774645097828,3.739707758267233,1.377588808881881,2.8185270287395148,3.5284910854273828,1.4859522387792143,2.379276389554073,3.042455170855796,1.7574324429055312,2.3111554492213933,3.6405849285948655,1.6542763772819638,2.4644344547618227,3.642616870721246,1.7935266994442138,2.7562445169681817,3.3225420658554268,1.6955285806008604,2.435641116144346,3.5456364931531024,1.5832565472094802,2.4736625885099066,3.3826798572641024,1.7440041416040817,2.5505318941022237,3.6417644496152417,1.6839505126781122,2.4456445199742958,3.5535592112320926,1.5624224084913743
sub-3-020,3,2.6524484068402834,3.4200697473698445,1.7306779114549302,2.589604320890147,3.948432735627951,1.7572375552344168,2.5631794115525586,3.3061361704390726,1.8203577732395757,2.5013630063257457,3.072865559140594,1.6707367666608004,2.2344681629862784,3.0508184046572477,1.5822729542335396,2.5371330894031616,3.4843457896027705,1.8851962804573181,2.3139195849867518,4.069464688571958,1.6950747019713188,2.304438022111443,3.3157941546305993,1.3410964642352212,2.3598160221025424,3.353202753701419,1.8490579727175447,2.3008221955650514,3.260393520428497,1.7247276260417383,2.6351141606009283,3.62396184551282,1.5523992329414427,2.2623615551655583,3.650936700099649,1.9149685912309593,2.4878457092323765,3.1794877843444707,1.6355179516302734,2.6209312632092514,3.4347199161025426,1.9110790462272218,2.7164947294927715,3.5516146585371904,1.4068515650555957,2.4253925468085984,3.3465537486232133,1.588007602752801,2.5843478289356865,3.5592037826898646,1.4488887697767172,2.694827651171007,3.504514637771373,1.7536462120262917,2.6840687402763344,3.2852484785847533,1.8888358533973728,2.5244771597243085,3.923513223438742,1.5659101347078237,2.80888438924756,3.246884473177084,2.0823171929908386,2.3786699225908623,3.79584428172751,1.6456408664461246,2.6787040290599786,3.488652981204813,1.536315443695593,2.046570571683764,4.2021233229340105,1.710953633842252,2.02016458597205,3.5847304098101738,1.803437998479474,2.42128545896748,3.3016607293869904,1.6970237229440024,2.7664669615371915,3.5279888335504475,1.9194837956513728,2.7536194510554433,3.4359402632062173,1.4644214361210244,2.5091992490166564,3.6474150721106056,1.7089840214569203,2.6641964697044327,3.7417575933219216,1.7796287830123827,2.500440860270581,3.6455673729977636,2.035322634729341,2.2818216790792176,3.636440490729609,1.9748004927583598,2.3385738007048005,3.7803080257168564,1.870207586684994,2.2841676921164042,3.6994612800370934,1.6593026148258305,2.539119756628226,3.409012676938484,1.8969033637151946,2.529818216328103,3.370272210297823,1.6330436729986686,2.4886218079399636,3.19773005441945,1.6291798913645785,2.5711805324466153,3.613226797595103,1.880605858676421,2.243376201917516,3.1471484757128767,1.4483440009277562,2.603007638545188,3.467136181387805,1.6873524133978737,2.5972553130866576,3.6454289427485245,1.7404602836204706,2.1693067414159537,3.055613094867839,1.5080822846685946,2.702686768522577,3.381395853248918,1.4980935811343807,2.758723442672202,3.2361340221753707,1.7052870655710533,2.6384093553377013,3.5009011451505776,1.3282793156432697,2.6202878393892104,3.8714097100351155,1.8179798341999784,2.1676810832408155,4.0956284104407565,1.5011222672098536,2.3558844972639816,3.7189257261904416,1.7679262176338475,2.564460318943165,3.340566252184996,1.8996285092344725,2.5429213469673044,3.061571237305125,1.8848449924967694,2.5894712987340913,3.8122018780406313,1.7858822935183736,2.9804920943170234,3.4132083238981763,1.7024139861981828,2.679569515912762,3.4149381599741218,1.8203956563245436,2.0194656481222184,3.4796206883688106,1.6845511297000313,2.524941261572135,3.254460454417635,1.8359184257819448,2.4591999317210513,3.556076832020156,1.6944254540428467,2.640065557413683,3.9006690236930885,1.729265578282005,2.7014514647486685,3.5405636481150844,1.6240987709110264,2.5245196434192105,3.4206081332016125,1.7852243197879303,2.569197367608453,3.2776059168826395,1.6667056603830195,2.2753349941663044,3.448311107177883,1.7001958801856372,2.8755206760694687,3.877566577036453,1.5448888103530423,2.5863184954797203,3.5614068879541825,1.6654343970852814,2.5199960655213807,3.400894071878185,1.9809062730324958,2.47508683438189,3.5954624002077953,1.3206454799406249,2.698242309011974,3.8315913460306823,1.5421954956349067,2.4578603849840843,3.626420985635386,1.702919104161867,2.63394652629346,3.4195725019190646,1.9794898080577281
sub-3-021,3,2.429446776214978,4.253640919653501,1.8862885876023703,2.699780751729178,3.208666262379956,1.8364523575542457,2.6587089175225107,2.9065090872515804,1.4893099539168164,2.614373026754789,3.4626760779335735,1.6225282685673754,2.3942108550019827,3.0325417992425887,1.531713858547591,2.4335346381569476,3.642847392206324,1.4420812700268486,2.460419066666927,3.0176257382144476,1.6530686787137157,2.330148821756353,3.4874510186691907,1.4908602500848793,2.6459979515248673,3.4481542417714173,1.9041627459617612,2.526606684934689,2.6675467385606977,1.834202151306646,2.4673621441369638,3.4232240133981584,1.7503885208360752,2.2935525756465474,3.5209030009660216,1.7801745492328274,2.6155315541033524,3.3322992497106423,1.8487897945281866,2.37045072913573,3.3248539429340664,1.6795997846709283,2.6031843046689325,3.4091278708603223,1.8842880348502389,2.603151518448207,3.521184229835963,1.7390204238684757,2.681923067573106,3.567416970079485,1.4285724750276376,2.7461115955251967,3.5335090582613073,1.8027279210832619,2.476930165314031,2.9885193670956656,1.3581635570188495,2.380013797915601,3.6448423863201143,1.8946836432446414,2.604354820549665,3.205376325375234,1.5823813784534528,2.7949409577572117,3.132981356248366,2.0152659322271544,2.887686754648433,4.097722179563568,1.7571052231226667,2.488525532832271,3.5997769545224303,1.8362877426577913,2.4328603369577424,3.1916630934086747,1.6574095258954005,2.410984600044174,3.847448214022101,1.6075355729406027,2.5672154639875213,3.775251345770196,1.8919763465518757,2.5875406707338495,3.6076029462517107,1.5474514058744786,2.7341501964463024,3.853786507843235,1.4194470391371319,2.8673302476964118,3.3038153492763116,1.789194633220291,2.5639611104668596,3.4830947630890385,1.6690223032584703,2.37133860023576,3.6466718429814335,1.6570932996866474,2.3143039821616096,3.21019868723427,1.5061330604462924,2.4555737009456364,3.6358278063610605,1.593332292410168,2.7255794802125917,3.466619945763138,1.6565892617237945,2.553017777453292,3.8906433808917704,1.4942991962086538,2.848146054855446,3.7688448304988977,1.6967515257443901,2.7629446232586203,3.4097076014191923,1.7428517562990462,2.1025453886424876,3.5506130458878817,1.4939116592146497,2.5407537979796864,3.690158869131055,1.8572284462232274,2.402192092481601,3.7108787058337023,1.552702237831073,1.8129404513903924,3.0705421787753795,1.7251989964114474,2.547800961783987,3.350200567908266,1.7083217485236513,2.5540319411430157,3.674131593682011,1.4582435113361527,2.5315764677697867,3.5347976360316267,1.4951944754218616,2.301765164177765,3.397881642684931,1.7012786424905186,2.552168284509995,3.3442224252238915,1.6103998110549314,2.4788682621337315,3.583586093177648,1.8866931510189977,2.1503285604400584,3.674440593964511,1.683327250820978,2.64463001059779,3.831952134433077,1.5867310886275137,2.719974842021504,3.14886799798818,1.7191398849150883,2.5063469815195227,3.5129582510420687,1.551644857272575,2.628639022089036,3.9441604343441385,1.5542214693775431,2.58413619389938,3.739644473902124,1.6554888907751824,2.794870725880198,3.37968726440276,1.6825557945201808,2.371232244643217,3.535445299979541,1.7004534418248454,2.664462224072076,3.321862308681758,1.5977006563174139,2.6332485812219963,3.891213337220878,1.7943515371446477,2.882534204750006,3.655486091942147,1.7778939283781552,2.6722727185205852,3.9166878116181656,1.885635509917578,2.354721918040421,3.72416292853082,1.7398034758697762,2.515073697139993,3.003579836471922,1.4689758634609582,2.484395900379642,3.0899143776382716,1.6484364771869129,2.678581425497152,3.3373322294322763,1.7125193904126854,2.3574086475097675,3.5836548397918326,1.776220308720435,2.2938718337374544,3.289471836952563,1.5099244598888966,2.6416586634272132,3.5459218369534904,1.692543230864663,2.5269093231345625,3.5903939219211254,1.7514277238017109
sub-3-022,3,2.460796051113562,3.322032894916284,1.6911507207444696,2.5158477183600483,4.076991023013809,1.6424157991443378,2.602139756180588,3.630459416719282,1.9100786435921286,2.4039867734856957,3.8751013921596678,1.6778906638518738,2.650242141336352,3.3815286213833216,1.4156606305973698,2.5145114389242806,3.874155420051911,1.712231173161684,2.539267426632521,3.7013192058829514,1.6482503463998668,2.162068028359071,3.0154911372191657,1.8593231171449585,2.3299299697354443,3.547450664733777,1.77198268221229,2.5475427984146766,3.1489184172628493,1.55018539584333,2.644053045304191,3.281633793593077,1.3891974166267302,2.6196560981020376,3.2557012936123813,1.7946828910355377,2.5137081663196286,3.430052548016135,1.707835727452561,2.345071200589131,3.268873135472669,1.6610113926868004,2.3440182735412973,3.69986894464926,1.6538931529267864,2.2891014117028368,3.343471885939072,1.715180384738286,2.4697037183678603,3.611948448190793,1.7861054524268956,2.9823060496715605,3.822180376381003,1.4545444483454992,2.4851581527002384,3.4253404381145693,1.7862606383636959,2.381954507273692,3.351249394024465,1.5133382186136017,2.4415921697715284,3.341809646769418,1.6530491280715411,2.3364277073544435,3.77496720703225,1.7708320794250076,2.289210640911399,3.5072724229668797,1.4652117680386176,2.7916060306847936,3.9519503444838557,1.6916394059167181,2.3965238698761597,3.3140045882732387,1.6319386876586293,2.530771097533572,3.883731501273772,1.8433402715463596,2.724780810672137,3.5477619157883975,1.5269582414087424,2.4113897922663066,3.5170019536826804,1.5198349854733861,2.604716931099379,3.7254345859948974,1.7818018087937486,2.6409341051252997,2.9774408580122076,1.9000033695006644,2.2678706405942375,3.4572302201231695,1.792781531567911,2.614547554677268,3.1422058284271306,1.5352511565644456,2.6016728920332204,3.6430366038554576,1.5339194233080757,2.6206666750136955,3.075723425685662,1.7936583885955684,2.3909084720819345,3.5225437682170972,1.6868903461556741,2.758918319024028,3.5677964080360947,1.6101347218039226,2.614726686997951,4.099875706981874,1.8110184381930252,2.5393499375279345,3.2665883680253667,1.6075262749088426,2.3223987258943413,3.0319752797499313,1.60040331416187,2.808771404221094,3.542109870046623,1.5381302313053853,2.9420126134810696,3.9934855234248547,1.7751764837568638,2.4296359740410356,3.205245689282394,1.7086681716498173,2.4737628350674643,3.120483791612613,2.0887883916261014,2.296823148007805,3.583316276696214,1.7428815027767257,2.642881005154113,3.4748884054662827,1.688112523515784,2.5749141120102585,3.63436317477542,1.6997275457854655,2.5376949937515185,3.130089215976975,2.0020523704546065,2.646425846874426,3.5584938931651635,1.6063299058490585,2.369349445287028,3.74079620545331,1.6760206422373194,2.661791625223121,3.121397962563678,1.9320282265964948,2.7122479383736984,3.4773024460259,1.7701438127634361,2.6833807847162667,3.1256454458839484,1.951674033708188,2.636986979654934,3.302851359490843,1.5355112515003158,2.7276775934491284,3.5591245752235614,1.772390135439814,2.5547996198201304,3.2192317670307053,1.7762926684892175,2.5144436749529175,3.493926484581921,2.0565504058558366,2.7064324447976476,3.759494174732219,2.108078469115634,2.619223296992421,3.5335181102058075,1.5981188975913136,2.4685406655190776,2.9268109453665008,1.8185635008209862,2.3219542204841277,3.752766074947611,1.6935460974559138,2.5730505686575857,3.4881369795595685,1.907911164332445,2.767699624788557,3.491910406416706,1.5651493885380054,2.716300038959767,3.2271190080037266,1.4667708063322757,2.639702976327791,3.8411771781049033,1.6392372248309186,2.622813183882257,3.383611332713444,1.8082990023028727,2.7471053435541988,3.426397739945034,1.5458595263416206,2.287734491529923,3.75919276108887,1.529515026243826,2.6169643634164257,3.7176739791639046,1.6248047182174183
sub-3-023,3,2.520082046967608,3.7797321653018963,1.578770931899786,2.3862519110938623,3.4343704580614602,1.891686899311456,2.8399315970286483,3.4723407542765945,1.59318175579328,2.7415406308655252,3.0325972371350667,1.7371416281222134,2.192095553288943,3.6422717961868267,1.8092527809457564,2.3803448595694903,3.546949849932993,1.614409348663769,2.4972010707167867,3.672868576876233,1.6497658816862102,2.2349065821750442,3.5480362062783337,1.8272742585693886,2.6019624260657017,3.5329743139712386,1.5339064760777228,2.8354437217399293,3.6387962989918816,1.7204337686730038,2.5653088599954046,3.6009829725954714,1.8157685734821098,2.7111990954235066,3.95102453082585,1.7364032762768924,2.8657562194677726,3.7961625182551173,1.6909802928245787,2.2498727288802014,3.5239574340031554,1.9337716707335482,2.410452636576202,3.5230895412895147,1.7247828363982662,2.719582786529616,3.3914127666206766,1.5695924377317065,2.652600387220272,3.291851634669471,1.4246741971786834,2.8812669463970155,3.759568585398515,1.982508167812578,2.7073222955427965,3.6905021780738867,1.7554303450130535,2.51651490931879,3.643389842933427,1.6170151273438846,2.3575387489537407,3.4069767712620993,1.893723843702709,2.3281667963534547,3.1593753377759723,1.7886963744069233,2.4752858332014,3.63593861264465,1.8484786147819168,2.6330758471664177,3.3229712379700347,1.8924400712792906,2.683582082868632,3.507511799173082,1.6967625779152353,2.6173186571058578,3.4126445639276746,1.455319295791991,2.685028394327101,3.6934080455639293,1.3548401051454912,2.6419217056783055,3.991815390889119,1.530854247023969,2.5368075676396717,3.4490449520424638,1.9490617901556324,2.751770467948253,3.2540434789765196,1.7513177785037788,2.9644809838099544,3.3250817882404813,1.6983269324511001,2.642431314627771,3.329184726078608,1.9644804627489116,2.464919705948966,3.1110701638452256,1.6212526941625565,2.6675436155135106,3.276511244788809,1.7453299083300653,2.6512590792254995,3.161498468217697,1.6154446673608662,2.612814754716852,3.6966754048009838,1.6191823970348542,2.577319015844645,3.420497850071187,1.809177525620089,2.6434944442498094,3.3954247557452115,1.7717665776794236,2.125732293077314,3.408061347219814,1.670694181801688,2.9767883751423314,3.405846572210849,1.678809726955476,2.4334983119294176,3.2108093646190254,1.631530925961137,2.3197181251398225,3.4864892287778053,1.6443519767030994,2.4967623215046157,3.3618550039393735,1.5624754234306963,2.4497602318266587,3.1373641434429627,1.9036787467813494,2.8806872675379678,2.9579584290200205,1.7433895456775916,2.5990845519640846,3.5584664610852372,1.6110883518180488,2.734052512576024,3.614933644441997,1.8551182630945748,2.417247843705695,3.1127088146957798,1.765235829437303,2.376670129352714,3.7952878896334843,1.381006802843475,2.465662818917605,3.3275418826571412,1.6501435037251755,2.596997832953377,3.610946006080391,1.7959606403472044,2.6858975455721334,3.451972831811906,2.0163056542559685,2.799676260112258,3.412643299614819,1.6794689461787031,2.4900513973139544,3.6017236118809617,1.5542093254785725,2.4078832570336886,2.8931374512839745,1.6402009806840234,2.7416566531153204,3.4574117143581495,1.68557570877805,2.600068645893992,3.219373518817364,1.7037929318966356,2.710259309189788,3.5858376866513546,1.8467247096892563,2.7775437431283585,3.685525133258586,1.592994946372991,2.488055634548353,4.0408168788306575,1.7471252769992747,2.582572186159031,3.2592113846952926,1.6862808266577016,2.6789472455075014,3.504156798939011,1.622093264772403,2.4982704906694644,3.8337110890445074,1.8001671218996356,2.6461272408352023,3.6234469989056257,1.5225455061147164,2.5990228356148677,3.7990420936244345,1.6608617688169631,2.725937051224948,3.652663481185944,1.8241509263835058,2.5591685675802744,3.748243957140898,1.480297757986904,2.555966229631208,3.699644161101706,1.744444928936893
sub-3-024,3,2.7472122580807263,3.456012328945079,1.6178817090492412,2.254966500150775,3.4235693798955884,1.7775312420229943,2.6869815324748396,3.108228037136314,1.876298768948995,2.3746042521966513,3.4660785204374944,1.614677542751369,2.2751049790898294,3.3063409209117163,1.7016952833054757,2.881884830614389,3.611398692441889,1.613498054204863,2.63299242496,4.044638989086465,1.7984510395743436,2.370224849630798,2.833798594028498,1.658031789843606,2.501756805013382,3.3095650386197235,1.6966524009111608,2.5695541166334865,3.325170267442248,1.7282695640313093,2.5187723223962,3.696682884864513,1.734136226123086,2.617666204592873,3.7742286312322655,1.783243378975882,2.548904809330357,2.915661013995408,1.7770591990692515,2.385853805593732,3.475853409083918,1.7556570477889668,2.789945224282418,4.015850384406062,1.5618172569692876,2.313144682254756,3.591200807372311,1.736364163105684,2.3336623419736617,3.4953511594595765,1.7896311418620134,2.328572690007793,3.2215160902033446,1.603376009695662,2.511793155179385,3.6943120216171303,1.6510278989637113,2.5599570286844107,4.128929792467188,1.5565534575981879,2.432461188485768,3.6898648848014557,1.848206478669914,2.6246641572562788,4.006510919254294,1.7476183902307982,2.1943013369682345,3.5271587924852605,1.6143524563853735,2.7990861147940094,3.7700947379802074,1.4615463835309084,2.7930572514457572,3.763022975263649,1.6513306806348758,2.535880459014169,3.8898095715182257,1.404273212633757,2.630171640907145,3.806154697835009,1.6866930453931948,2.666623766365522,3.5288832702361908,1.5823941095432124,2.404374596865434,3.699340194866151,1.6046439911692774,2.2755754310887633,3.5342716336820197,1.623037786854723,2.334160537456852,3.5200892812590086,1.8150915110130494,2.5536270115544553,3.20145256030159,1.7722705343605327,2.7363281487737616,4.1196495657231385,1.9162766045398525,2.369035489764235,3.740263166666487,1.7384785880986395,2.342622151043529,3.5794626593101517,1.9878015046860638,2.7652555579294504,3.216234054253741,1.7020575825327406,2.638501397455232,3.0156269915410387,1.445684335446562,2.5778330119395587,3.5469490139815254,1.4241771599805872,2.2698352346273722,3.5843495569795567,1.567254749671823,2.560766121514412,3.659995280671589,1.7658543914441083,2.249647949610261,3.246566066208187,1.6406219845717085,2.045051130858486,3.6907511794335974,1.6951713907401074,2.350249426956612,3.4399859878175385,1.869558820557549,2.433676909550097,3.738443479216392,1.9074769535840983,2.7689053736363816,3.5505131604834723,1.8876537495972934,2.455997157014644,4.196046774624907,1.7361274312151809,2.756422949179781,3.398637519475768,1.7749121799877237,2.6478234265190475,3.239926571205795,1.5562334945132363,2.513189539843942,3.8094931122768774,1.4252858534232473,2.4846871404553146,3.8667643344025313,1.5151805909843472,2.7757021193860347,3.184217966561052,1.5625187578873398,2.523500079982323,4.024568539146662,1.6039989205381526,2.2380666980947987,3.1074579067058448,1.8397922285408765,2.306146748683389,3.8326300811347265,1.7104686231650907,2.54419117920931,3.583245188868648,1.5798619496154842,2.5748169458691343,3.1659395609136247,1.9023336394481096,2.3650868586160794,3.622886577778635,1.5447874546609082,2.4540231744315464,3.395327030435253,2.1472021971382023,2.5473997043876606,3.2699716568287425,1.6333166582339185,2.279158940678245,3.4544199419925836,1.9776629996613302,2.6104871155764044,3.7529522659235193,1.5635084540292343,2.5133984095364927,3.557092737871727,1.5912039754360623,2.622001212611595,3.6723199562528546,1.781427207625481,2.5228050100790975,3.805455164182717,1.661357384222228,2.4872122582000897,3.9036309219881287,1.5339550550449135,2.2434655942586135,3.257011431453334,1.758086289001706,2.7810463826037335,3.315054817709148,1.9722256280435628,2.554895523769736,3.467651726784507,1.5725092788770663
sub-3-025,3,2.901243930354414,3.4579191141546834,1.5002017960712433,2.9923803603894825,3.610227626278657,1.819824567590642,2.85268083975133,3.6720495230872436,1.8462334035566683,2.5597785130190496,3.7054450404818624,1.694876327816506,2.196362184548608,3.313520691829505,1.5404777280930726,2.640788010360465,3.64051664906023,1.8228374899841884,2.665129172706385,4.060012054452487,1.857894460945485,2.1626946597253727,3.4068600210712554,1.8119047171240021,2.379004825977204,4.063987702072528,1.5838040849375268,2.712049570782799,3.5018481232628575,1.6923601400128339,2.3154756827433913,3.7541000265777824,1.5067462722341491,2.29030135808489,3.824716845153841,1.9684408393689619,2.429895762078421,3.780870582623466,1.8194789530096518,2.5335266348799337,3.8740287268491826,1.6754566729585154,2.6431561461574242,3.1489444326640554,1.518345555477339,2.7604280936619805,3.6543374592405553,1.678631468609312,2.8934121361736054,4.031248388112981,1.76587519996402,2.2879820787180214,3.468752283359906,1.575112725500635,2.5661124463463327,3.2378367933582903,1.5205661113360092,2.1427296161294005,3.5468320477802715,1.3551855324831361,2.4923566814248006,3.6944311525140026,1.5916856469193912,2.354730867660095,3.481002851883563,1.5757091707286675,2.5834184261386266,3.2108076376567043,1.6843259110725464,2.4876442700688073,3.496773947656753,1.9452727391025777,2.5859659574850884,3.6412443542325272,1.6062810374227028,2.590186155400802,3.4230550367417787,1.7044484061062535,2.666810202755798,3.3599345247308587,1.6402931845987412,2.4624453595292612,3.3583984998460457,1.7259852845860422,2.484483253441928,3.9194277818020007,2.101874406679125,2.4477703886662834,3.5823208002973144,1.8557011364082856,2.502165168835684,3.221570480994395,1.9607259967197137,2.673508312884936,3.5892333268324563,1.9175783600196405,2.688641971288272,3.486578189931033,1.5535053701369714,2.461200286003623,3.837350497494784,1.8023128482214923,2.5164000085120186,3.9946376944587247,1.6764168070413783,2.727753232931608,3.561610933240286,1.9899429556134125,2.6855481876710385,3.512924654739657,1.673179778184974,2.5472329498088073,3.2968887640801445,1.4949945293692075,2.2555723702196517,3.1306148162579746,1.5195737173531918,2.5340087574214762,3.514622562751235,1.7011064017377358,2.862893163325521,3.6854662510151925,2.0161723367495434,2.120981733424387,3.4994417800759083,1.5424881189055215,2.4489962655735193,4.100751935393784,1.5847777595907024,2.148287879419934,3.301774193433841,1.3987514507378944,2.3787615898070693,3.259573570161994,1.7052922647277324,2.18107260708953,3.834866623302717,1.4186346104888126,2.527004851922301,3.409236652923459,1.8238025539851939,2.6132777894821273,3.8323244179530134,1.645782006203296,2.4663455886597476,3.6155814758148908,1.8543802819291708,2.6985124372947698,3.5901079797709263,1.7348993753401698,2.543467957715915,3.6147804460549424,2.0052401666718813,2.506336791319762,3.3979427548036822,1.6338416201070236,2.620087096462034,2.905911324652853,1.6797407445298496,2.708516433224996,3.3526553777185786,1.728005694472077,2.929680383395162,3.592847964994048,1.3641160068069356,2.2962208140196845,3.4297190896017047,1.5794261137681513,2.568608977044115,3.4175187137611056,1.874910729924695,2.353560339508222,3.441900172990486,1.732588773091278,2.6114041998303534,3.541105472401841,1.338308986496282,2.5649925740414514,3.457788775594928,1.8296164629369285,2.6801346555424925,3.567436463078128,1.7469746192608635,2.79342895786134,3.8220829099867935,1.7412998003391742,2.9361752917726807,3.3241050291240417,1.522183533786016,2.5480491587601066,3.3953332386047244,1.3301988035797856,2.4325714542015504,3.5962038430653367,1.6912958381366974,2.4102369458950395,3.5118511454757004,1.7184608718864705,2.678713389095041,3.3203798192519938,1.8310785185774685,2.353684264633318,3.3590544626240906,1.9548489802401066
sub-3-026,3,2.365702001832507,3.3155451524633746,1.5120333409108522,2.4010920510038565,3.5387416842480555,1.8059813439264425,2.5466451359666387,3.4090868422182137,1.513583917082004,2.41911651806725,3.0671099763581333,1.8104839437326807,2.345093175756498,3.2686746721871667,1.6662176475826904,2.707721863202501,3.5283384885511113,1.909041602598864,2.3657173146764943,3.4023723361459672,1.6298386747928584,2.3165028569253114,2.878440427788698,1.8171961910671826,2.6511193884891093,3.990082452333032,1.6939143179922922,2.450942526182924,3.6839897051330697,1.854584761687141,2.421404248715122,2.940672977876577,1.4260601912158588,2.597049286652456,3.931253028604278,1.504874200091298,2.5009740582192435,3.4024341253750565,1.9880798100837276,2.956565235555734,3.6188467527191275,1.8347000550382224,2.7066358189769755,3.141509960502011,1.8047784523153798,2.3664708351659836,3.4519699678865474,1.8709605567624696,2.564567998645234,3.8086990034969044,1.8948895162982848,2.2337519348407446,2.8902446823934236,1.8743138682246674,2.766433326593916,3.5718464925648568,1.7588324025405697,2.710748585654896,3.74483449517852,1.6543724026111912,2.7220530423611176,3.402987518535578,1.736532665124739,2.586004041992637,3.259357052385355,1.5885519070686511,2.9521395978206693,3.250271989223211,1.7554938899983306,2.654363851763989,3.4848194384410682,1.8007234903044733,2.6092169878930824,3.256329566527135,1.7805225941207874,2.4519528439060165,3.9873873713337513,1.7643687915825625,2.423972365304654,3.5958410751056205,1.561271834163557,2.5964002343988466,3.436804618893377,1.5759693247409814,2.398900548983344,4.181781592285664,1.713708842255253,2.4722869503667444,3.3306227920722824,1.7706749154353876,2.435070713780413,3.1935069692697504,1.6951378404643649,2.5428055639527596,3.3832302060966,1.5663061580840514,2.4796251118553707,3.368501537991708,1.608745373640065,2.5997700122829652,4.123343835232786,1.8997647755506046,2.8995455044719325,3.3410464334704684,1.9512032356206785,2.59090964694645,3.7761817776815336,1.7686555937072233,2.488211901082173,3.7014593332096926,1.7727395830427712,2.2317264301056787,3.465245215288324,1.8308606279867419,2.2499358903748994,3.411451871879383,1.4872864259282574,2.5961179091528424,3.473024068866537,1.6694820148095337,2.4277338429539923,3.756161459305685,1.7518202874268523,2.2440185994890816,3.8542197054976413,1.6710698754276194,2.7660894037758106,3.5764211917171074,1.6470254467982461,2.359355282104015,3.567589235839379,1.3004765693065239,2.599044073660414,3.588311550038562,1.6673648630229383,2.5333740550334314,3.149672534943454,1.9078405430106087,2.4892948279002853,3.2278140310070573,1.7816991597850234,2.56993609940226,3.3996662603322747,1.6303949951708838,2.548985035306564,3.8768284717499024,1.7704319615729815,2.5438065095086517,3.738681485201947,1.7041297836692362,2.6222794096503628,3.5423157649562675,1.788467062702077,2.470054048642751,3.180983998202479,1.8360272225622196,2.8208870972063336,3.194273296547285,1.7268937511219853,2.46920336592523,3.7473460337602136,1.7369968602242574,3.14894501155739,3.4155986241130574,1.9305938505462694,2.844233516163204,3.6494072885340176,1.7055624979067292,2.567070785548205,3.5028573585895844,1.8699949568619711,2.392925466526012,3.454924487538189,1.6576721063414737,2.239285004197687,3.740496174733475,1.859437907209001,2.435840681958918,3.7884370878633287,1.4624513418444072,2.554311810576438,3.464647628207158,1.7131623062599388,2.5648581306453773,3.478428334298005,1.6418340626875958,2.5304329256776024,3.881701946948396,1.6131921575136647,2.955961202373564,3.3221539532402917,1.736008882537537,2.652817170570581,3.418308346501036,1.9073544818676553,2.648138121008041,3.4426273394564957,1.905689715956722,2.367211479506719,3.3416646145301567,1.7843855647891613,2.6942639565746163,3.5903341278435263,1.6809211516764824
sub-3-027,3,2.504740067770282,3.8167922592731087,1.7360591974304358,2.3929970209678735,3.2396273383053744,1.9270191968890893,2.4206229098420224,3.5763646987837476,1.9026359652105598,2.6475793123403086,3.2878601258523763,1.5476458857224427,2.5365799251123446,2.988473914257923,1.517009614914814,2.6170506549512154,3.438714034258584,1.786070780734343,2.285801017423585,3.441088172506208,1.8016533121013827,2.322593153863115,3.1197130826348722,1.446743493310325,2.588468359335397,3.1325104592252675,1.8926405893945861,2.578333577563373,3.304892758657849,1.541824788892086,2.4360498001573725,3.0626593010502323,1.7742168605307471,2.40548761362829,3.6119080932916976,1.780631857619356,2.723879501738907,3.570517327158569,1.8687851556745263,2.7994998782531573,3.5723002477371963,1.747778986233794,2.449654716189264,3.223465083843477,1.892311176396666,2.659033868239144,3.6923121357497277,1.6113935589851764,2.8423058706502036,3.4359881011386846,1.579723893077199,2.4467386574646284,3.939933652681387,1.5333428560985307,2.4147979481898907,4.311582609207404,1.841155660448731,2.4180499478234614,3.197194739569938,1.449095420997792,2.5674805463198775,3.7038456992475344,1.9278197314851448,2.2090829553905813,3.128893179279625,1.682067413364969,3.0517806100546325,3.7480527006713014,1.7559199660632614,2.3295137537052204,2.906404116252354,1.7058274528385777,2.5321134919520545,3.425013894245644,1.6429349498525814,2.415296276320836,3.2262602044300817,1.9084261697342246,2.3904249066272327,3.4226785435448592,1.694138284142575,2.6771304603056327,3.261487504465014,1.8467102032250409,2.4456600549204097,3.454668792608204,1.946464787848973,2.3755390116422395,3.701853319483389,1.8506916302089325,2.605781604403258,3.4670913697881516,2.018855605262325,2.5475078290045157,3.5571417000091845,1.6495209839183707,2.5771947343283497,3.7699530340378073,1.6587041988633233,2.1704645169725296,3.6437996511887096,1.5382498338336779,2.683537759552651,3.499629075116523,1.8414663654967274,2.3792981217749016,3.3501380629263884,1.6489945961009973,2.2831892035289227,3.811197658440306,1.4561865625833001,2.7475164512360717,3.6188315740286243,1.670169900148572,2.26212090675426,3.36896532073249,1.5399358132632968,2.6036669665847643,3.704731331984762,1.5582975950268474,2.6123150914211233,2.7646289730507663,1.4105600150149908,2.3016147972801573,3.1630078150836236,1.471984274125972,2.5404554147597493,3.389133536635217,1.5517088303280528,2.2549711778520054,2.9489159081946017,1.8108188577889783,2.4739500805540824,3.771473807901777,1.6351024753095407,2.6138945914506073,3.4648867564543315,1.7066670093288645,2.5667466259099747,3.375202108087186,1.51555677306808,2.6879037142032662,3.9461931018137757,1.9488823114961034,2.4504114160077637,3.2947121877682117,1.6168576328247009,2.5183492676141173,3.4853109300446348,1.5503107312614044,2.283647547621827,3.513983845822071,1.1704386348655187,2.531881772523154,3.2354706696449016,1.8170231789919262,2.738574277878926,3.7999488128694217,1.6480329678064043,2.345674077846586,3.271914151277347,1.74314160247721,2.2537443944925855,3.89019385704993,1.6504054952304,2.640031261039728,3.0012006881536846,1.5611026961362475,2.2069777537818513,3.7859330582643227,1.675969289018747,2.6528348916185225,3.5177558310524213,1.770271258086854,2.489260465126465,3.443007234947306,1.6862401371786135,2.623013697886901,3.6209931579410477,2.1217155326011015,2.852688382928329,3.0019475399509017,1.6785341783109116,2.4769387487522105,3.8584365346268,1.6526378056098177,2.6335719979403995,2.8456227435215666,1.472959878291008,2.9266127722384425,3.514068431498309,1.5502309964796472,2.593716756820057,3.2051434930332956,1.6574939687156476,2.288528770936077,3.2791580590178393,1.6375494965812059,2.751725876580608,3.6299328821512846,1.795778605391314,2.5453605627544835,3.730397747543484,1.5689721095985139
sub-3-028,3,2.418112929903299,3.614125500007926,1.6581278914959234,2.5475077472946905,3.4540421221839135,1.8880175621842217,2.784999527882197,3.3246735870421507,1.4360195979663901,2.4219305578402244,3.2488511589609717,1.8247622511198611,2.3656895458194023,2.991299228749366,1.4868242862167724,2.283778004294081,3.537625986586373,1.6932625358873885,2.6920419271390066,3.639196762476641,1.7915304456584271,1.922439632838567,3.104628709754168,1.7423345957114804,2.453056298676724,3.044281555148668,1.8211984369807483,2.4460923008974067,3.797538358215526,1.6972377918739532,2.500100500277806,3.8816934495145428,1.5046016571294243,2.808159812333596,3.320980321247142,1.7243554790474014,2.580927635176604,3.3804064494025012,1.585683096488459,2.4834320059862747,3.215922448538016,1.9942940964422045,2.4633964252763,3.824505231240384,1.8540759437864471,2.615327353012235,3.4620098704614413,1.729067277062057,2.6529905581057496,3.528131168967034,1.4649876514034548,2.2227039630749807,3.9225167026672962,1.3047929145176795,2.585223327652833,3.434206155941843,1.724120171878115,2.344805986577873,3.5981896966215543,1.730902465126261,3.0469821145103557,3.536394413024857,1.9022352660242208,2.280236578419352,3.7856266890527066,1.7339409954435268,2.598552963125055,3.579399192168906,1.9559507256964457,2.5959188038300627,3.280445826227984,1.607609294109283,2.697082948895647,3.6252875283016364,1.4704289506959471,2.642635528294675,3.1969441400941268,1.7657387029646137,2.4050002730666535,3.42118511429117,1.6182787313315807,2.823404336982369,3.6125173700868056,1.8891669503460995,3.0711382614233185,3.5131054957403833,1.9252985279451835,2.4240979801932965,3.8513658707802256,1.5788736728856156,2.5466852763228682,3.6503257439138252,1.8041346845085915,2.320940704417304,3.2572338613198175,1.7917175118156343,2.4838110186216418,3.1087424175188136,1.6893534898238916,2.528585128897721,3.549536194766493,1.7793861981420949,2.6338172446350034,3.284911533537594,1.6383757296930763,2.717001964791809,3.3479082372279465,1.6407361912011407,2.2792315655538875,3.491969468371654,1.751790569714083,2.1944112206795503,3.2003298931539286,1.4867408396759934,2.341903402666073,2.7445416434349195,1.588197310433097,2.6792151878901986,3.5525900617534183,1.6340062004841571,2.6123643096196205,3.7903525241393856,1.6838582584168715,1.7969912980718854,3.6013651818007837,1.6600396982590462,2.5440462542983626,2.9454958824939235,1.6552537095249427,2.392414098589791,3.1594418063699474,1.6795325853949672,2.4535259606104254,3.3683723352594095,1.8109439549894155,2.5960029852214825,3.361255849527395,1.6066428168725315,2.4681254573172624,3.430715615571718,1.7876075276563768,2.36233917666723,3.9083629809015683,1.7877157986691457,2.0571729616426864,3.523897785639992,1.8561104965063695,2.619967063468944,3.3845445312789146,1.6908362330532574,2.582097590670783,3.7154847112945286,1.4877357727814449,2.441096696417421,3.958801875858894,1.7049420834921403,2.825022384638054,4.33596605057959,1.626194778978791,2.334489394555079,3.4256514009816184,1.8648489076473096,2.7730012569197315,4.136153695843917,1.694479172102559,2.6378501727994474,3.3007044977327267,1.3239522575933573,2.5428625144232835,3.1769488089528815,1.7965035804889504,2.2113492023029506,3.2929867905990897,1.7401518805460687,2.617025190134362,3.486717010706701,1.9801017751896663,2.8325034544456407,3.3083883019415423,1.941411450167954,2.8671962607822326,3.465307335268145,1.7068104684278236,2.5408701204372117,3.3194001713159382,1.6181498480615792,2.787478063031387,3.6224653200820973,1.6168715679407197,2.3833207069760185,3.287729088388227,1.6754217166947625,2.7143705797153066,3.2591772725613555,1.8352553852204878,2.5854522146978334,3.539995743908953,1.853869422221888,2.7018045692291617,3.1067349900799637,1.5373979531287345,2.5086870302384288,3.599672390448732,1.9046863482834988
sub-3-029,3,2.5617121546552326,3.9770349636429554,1.5939986729171127,2.453235842229701,3.414408898732451,1.5774158711550468,2.758692806750647,2.7244473447307307,1.6244646602924562,2.7566773104357294,3.412550825300625,1.8609329705468751,2.595583146099306,3.3025077011700117,1.7753401403492113,2.985444754264428,3.6125853980189313,1.6927905218917545,2.7124437571365108,3.8315806909442394,1.694177705918954,2.112908141459063,3.7608706891229726,1.559407831341682,2.764871178686806,3.5736028364967947,1.974044773648775,2.3971717339220215,3.2617254874308705,1.8281729602745005,2.3465389248160853,3.532655969497085,1.9322613849439814,2.2287302149919515,3.6125989980104,1.8817618083986405,2.5453366202903727,3.240414007497572,1.6606087987858986,2.3990664384346694,3.5193643030046036,1.6584941659471617,2.457613105956573,3.6305212705892735,1.936867343318208,2.6090077581920106,3.8762263597242534,1.9368237346670678,2.4444047455827262,3.576960381117534,1.6362578533777066,2.2832105085883025,3.599613043241279,1.5421775572927303,2.6371745896077976,3.0643541367204583,1.7256489499216408,2.2672680592308727,3.6886821345841394,1.6409929889615784,2.461837240643607,3.8154213583480208,1.6517644747679596,2.5699534683731633,3.4443874620487023,1.7761088629014714,2.737730086007267,3.7339779279295637,1.6299997145664356,2.767628454349048,3.243421618326339,1.588627712993299,2.526995867553822,3.793104126618461,1.5244772870834593,2.7104671459449574,3.4846708134509665,1.6349399714620798,2.7476051459426265,3.275252167967375,2.0428514230624892,2.5182044780623887,3.5419556771846916,1.9314357524117884,2.5816673421444563,3.8328832859568656,1.4070262298796536,2.4703325327692265,3.611085457958326,1.8622128946435113,2.6885453804869637,3.6892889902212094,1.859158676353179,2.635503537613426,2.8999084724988347,1.9163304878770528,2.3992203001721517,3.587815002061966,1.7271507141750797,2.558518971432573,3.1903086083721894,1.409196010424781,2.369571796812653,3.731346762428415,1.4830067206153739,2.391549425398559,3.617053063063879,1.5458862987698452,2.452251325845437,3.522910024499626,1.7423964108695236,2.3614993293278745,3.5394640166427296,1.7598282129295553,1.9708239056742303,3.340156033295632,1.4925125155382994,2.5723047325234933,3.7024621208420005,1.6735611469073997,2.71441477487623,3.7214279155872982,1.836174514288924,2.2725597891732394,3.5882147293230333,1.6577642955295366,2.2498931340582073,3.278220216107272,1.6683114400098566,2.53429985111108,3.6001668525888424,1.578957218725996,2.9115675668188956,3.471311673346072,1.6988468305913242,2.429265160715812,3.219054507149618,1.6810545244146757,2.5549591303541077,3.475666852981303,1.948273391455618,2.52726431675199,3.475939803157443,1.8222943217716308,2.5192081507927435,3.651014939244643,1.5081432892484958,2.321193986202122,3.5341763980475642,1.6652573621642224,2.4043755393186506,3.534118485526995,1.7313650141262467,2.422218562109127,3.354737169166807,1.7324924824164336,2.3662058787624667,3.3308707971163294,1.7800902710837998,2.5457095146013775,3.3663832036923536,1.5645396021526916,2.367621956680968,3.463108465188269,2.0038718784854748,2.6518415956334214,3.1267980119894694,1.8060824251098435,2.41340041057843,3.498639934550143,1.611670909327435,2.91409586631732,3.1824497847198243,1.747041838420319,2.4266417152347746,3.7068718622254444,1.7440180730094308,2.7758194763073645,3.701072982503636,1.5959699196689734,3.0749164639560167,3.6555193174223004,1.617400707675723,2.5869972707123194,3.676633415495402,1.7889191718402857,2.63928505757102,3.770615003097984,1.8302256514403947,2.397438090077502,4.090255149122027,1.995333172632532,2.6941736811431767,3.5108350809141737,1.7083828824067084,2.491722408936964,3.445572417010782,1.371982337765294,2.8254474215243244,3.8296870196560704,1.448496981135139,2.7101978246765,3.4978399097930595,1.6701430791026497
sub-3-030,3,2.6387114715415336,3.0120195869856072,1.6983126226718306,2.5643066118237057,3.5225257100785314,1.4948765902441585,2.6304448735876202,3.7967481988973844,1.7610997196129905,2.5087461759879104,4.252931368817418,1.5613137821612095,2.3392212340847354,3.3481166375905933,1.9018469424510158,2.6196149668646473,3.6683234685986177,1.7758575472346387,2.3595019448056074,3.256713473055316,1.658649818505398,2.3723289071462563,3.3452670868335592,1.5689897669965163,2.79699596420076,2.94491966697261,1.505626980475844,2.1006120368886507,3.838326941374818,1.685491078314043,2.7239325201647024,3.469407666750935,1.853477550279044,2.5271845830886677,3.614775199027408,1.7395270236216902,2.6107873121798337,3.9717264216581953,1.4563363230138995,2.53769099594291,3.555436419969848,1.7072430521045474,2.47838066030039,3.3502794403651412,1.9295021983116367,2.537270204060826,4.182625029491264,1.7792412479562272,2.4978619981603765,3.6547500753300977,1.716339930565657,2.79155986804909,3.173037750570665,1.429822102487813,2.6149765818869994,3.733994851457063,1.7428858174426896,2.6710455322144364,3.6471223215616706,1.4779399707005494,2.600623146685173,3.8686985858000007,1.725765043221697,2.314207524908133,3.4065200069334423,1.7835135094569843,2.8732134509036493,2.9522230972703634,1.7541848178653217,2.3822026398065783,3.64216358697485,1.7881746888467813,2.5080335010067083,3.6768477766415644,1.8709843574726321,2.5203770930237597,3.125595125193805,1.9138359231616608,2.6991650746273756,3.65785180086078,1.596355002632187,2.7273784573729403,4.071879180120763,1.6818034504626864,2.567008685962292,3.201746616965016,1.5920686997673659,2.356577510451066,3.536630308371034,1.6488831570912712,2.61710404619928,3.250267765525895,1.6748665175351283,2.378363479492419,3.552520041755384,1.4551513550080248,2.5772840953778617,3.4219555219397786,1.7271446133383734,2.2525919988135747,3.68332038870194,1.6551885661109638,2.5890802887651345,2.9763792068983808,1.5135900085649097,2.4797722509998863,3.88514003878284,1.7790907022645142,2.5733775074502785,3.2411937135343916,1.5340602575601892,2.5997979343737834,3.6961930034924793,1.731346115220051,2.507720297455791,3.0889107174938664,1.626905491116242,2.2452285496614772,3.559092745786825,1.9204059820032944,2.362528401129864,3.7357968317493766,1.916155961954825,2.075851700530333,3.4107431143418436,1.8369447617212913,2.5914855292103174,3.7202801993032577,1.433907596087299,2.65748457481903,3.6448265673455063,1.501068190105881,2.376420842285361,3.669120504615487,1.654593214352454,2.7501489100144747,3.5870035405415255,1.708468334981341,2.519319174019858,3.581950996941664,1.8204398558774229,2.646093124743775,3.381557575085485,1.8859155578810407,2.6683849631031418,3.607865489659254,1.7137545766118494,2.640008921580924,2.987129896876976,1.7361963911571854,2.84523292732189,3.5615962722772507,1.7125215978060457,2.4427408250149667,3.637963638460749,1.6707388388992777,2.785673960830306,3.258186486422703,1.6321542598599448,2.4418419497569896,4.013682144839198,1.6715351507581395,2.4513460566831453,2.9146335272726995,1.5632942021695961,2.6450192898106684,3.6466852076455747,1.6023195151319658,2.4427819380660445,4.020763899058106,2.104456964383272,2.756959066221331,3.936598368442514,1.9657137894678178,2.9486228789828486,3.4154601990859415,1.5682598055889994,2.8800281609648826,3.2299976749763375,1.545710585866815,2.368985756832933,3.4632090254257264,1.402343619282289,2.2920403037592108,3.3257451377266647,1.52061120292624,2.7412341265244264,3.501861496424942,1.786553288140417,2.6341554322729084,3.4421035348654123,1.8482197287840003,2.631386619332929,3.4108479235257985,1.4474135208329024,2.6437185106323224,3.146835054152748,1.757042468838628,2.5641999405611213,3.119096628468856,1.7387595561552225,2.5844374986474854,3.5545853003906256,1.7220495375933047
sub-3-031,3,2.4325701264978346,3.6656505575481,1.5968516308570007,2.3565736354785134,3.6888974372128014,1.840464590133621,2.6591156579905975,3.4419854387905167,1.409080144412455,2.8167042307596555,2.952572716579182,1.7879092090128323,2.579842633205042,3.321850605424069,1.6436849566897695,2.61827777093043,3.5554868551047956,2.0525920225910763,2.398230326508855,3.228756538948332,1.6508748399760715,2.513349686664671,3.118474549486001,1.6645447377686193,2.7427815374247566,3.7181154135790315,1.8527110762344547,2.8052375464639425,3.5863048787137397,1.6314426652517395,2.576499400300889,3.4050650308837587,2.07823279725636,2.454121802468769,3.6352794812542992,1.4748701601295038,2.573907310761854,3.419610920479242,1.8013528078766643,2.676315546365639,3.8967595722421313,1.9006354001222483,2.5380651128177942,3.235571880099332,1.575934047556598,2.6044928356839563,3.544180111748387,1.7386889886171928,2.453680144859433,3.9024264807673674,1.4790974266520172,2.4437162673028094,3.198410009583357,1.6686540215485026,2.7743819536916323,3.419428907118219,1.7152216003660887,2.6695637141565425,3.4061114197512,1.7573941496391865,2.5951360353297668,3.1833733920895027,1.6303526908172687,2.6138254103538134,3.85901376718404,1.8921890438387268,2.927187665477999,3.635928003667249,1.638002816797344,2.5384885802619013,3.468145850876856,1.638817968014623,2.6189319618231885,3.620256779051961,1.5239363754586257,2.7458706085994327,2.985694990579157,1.666627707061444,2.7568767491501145,3.67006959950353,1.6464539261034417,2.9043882324211765,3.3767794193542704,1.3997073546427579,2.631493143901998,3.002016204475849,1.5752827207337794,2.6620950477112664,3.3709598535484337,1.787091426162942,2.3415421202508586,3.7403744067933795,1.4463580263107323,2.7873536894325333,3.36690025364554,1.929673778310228,2.3987077879859857,4.038934278881162,1.5563508328959235,2.2270892375991562,3.512068917313388,1.8850983558644026,2.692341932273147,3.825631955365876,1.8215780296822341,2.4023517799879794,3.7145967306238763,1.7139250928528704,2.422248362362857,3.550219144482991,1.6915511295326664,2.804878652757397,3.355834330029306,1.615757356189856,2.0742450447314362,3.811117571499901,1.5035970363501345,2.7834308818401006,3.21121149995478,1.7759935733290093,2.5972516917534842,3.8453431683114903,1.8632568236885696,2.2147402078737843,3.12961873975879,1.8437442458652882,2.435349458699371,2.865037343035171,1.4212151815237888,2.2592889571595576,3.6667947526559845,2.032170140246678,2.1828070790846406,3.2808846327139247,1.7133538692182313,2.8281912538206995,3.279377494637364,1.7886199733725465,2.504983935285593,4.230005257216274,1.7216810431449916,2.614023979166159,3.523591948594106,1.6377970148459569,2.72097667360237,3.175472285086979,1.39970563993836,2.522964967585765,3.7283578417854946,1.612883465720042,2.5835682979781693,3.158205030008916,1.8593994965441234,2.667343733868788,3.505523929353099,1.7253094681837353,2.2991564526068906,3.1223098693419913,1.6817012864339995,2.6424722659305764,3.658026027863556,1.6455600688829024,2.6841681041324565,3.8978216276758006,1.6866998875003651,2.6057395031901196,3.441800843506445,1.6810540536547232,2.580521578132499,3.976914000935082,1.8372914565868323,2.6985331980771923,3.3729519974497006,1.5652737276812436,2.6201163793720874,3.848248687912935,1.9585106597799222,2.1085253059321736,4.184988721926157,1.762548042237153,2.7136074655494826,3.0128156493692426,1.6644641244853018,2.6981126250414973,3.17107062755883,1.2667532945048685,2.6103909634145843,3.4860608543144114,1.9162005631815258,2.521214674340769,3.4757187379369014,1.8046516258455247,2.7360336784073667,3.301550438855356,1.841674813936553,2.456087911152669,3.504626049043442,1.8006154614211036,2.7021245418980397,3.589128173793323,1.53791670094502,2.2133541523376548,3.447372323297153,1.8456927288064646
sub-3-032,3,2.6309455394515937,3.56776924206641,1.6989460165300274,2.6056383318249035,3.221654470452903,1.8170302728747922,2.7023351625159866,3.400525657663882,1.7655511445977456,2.241021096413399,3.550413416471973,1.6800312108587498,2.4266619232366864,3.224380027988183,1.7302996770071417,2.47958894798715,2.8598917999189712,1.666169551878465,2.5854163059204187,3.542234501032782,1.7248925757910216,2.1088382435741977,3.189356278791393,1.43104842331292,2.190610980208352,3.4701914790536303,1.5882195376252828,2.744370404219942,2.889044567822879,1.7436528198716439,2.93186770767731,3.4488029991750984,1.6995877863976936,2.6267424185948682,3.6412654480176037,1.638723899515903,2.3685066821913314,3.682761823314148,1.4137907918874533,2.6998010976090736,3.3902964132609075,1.7004627731130724,2.455390583175293,3.9006471345860545,1.737351606113689,2.4920871624098133,3.4020271892203113,1.6777764297998194,2.98144923177608,3.131215260045702,1.8624323271448613,2.652258951676192,3.9311472906753813,1.7943600192787283,2.550605340066027,3.7856077360137066,1.734465323652394,2.6858920855091357,3.8999014498693843,1.7138779960733723,2.4736107033027093,3.319732678010252,1.7675810611395149,2.391929686389717,3.4020546100014153,1.554864685744652,2.6415010413153954,3.289396384237905,1.5069900631428716,2.350060423874605,3.3400952589411963,1.627954877165484,2.5952614761996298,3.454745479165921,1.7555466190636557,2.6311102544175102,3.70733986319999,1.413826313479006,2.347099793157001,3.655368282427228,1.7317118512944842,2.7258479316398136,3.0676750640148516,1.6287268140508324,2.4966516114418127,3.5466378606368085,1.7053816061803146,2.6344340007631106,3.467896890871509,1.9058504406432024,2.8544176700709896,3.186988909048183,1.7067666815395302,2.6936389695552787,3.6638918348786036,1.6388234563496473,2.5958756793444215,3.0566316719088826,1.6971287182327872,2.2871453331896374,3.642234109929049,1.5326063077851377,2.5793459714582405,3.5893747653180377,1.7113795833640124,2.4362484846722814,3.441096889937386,1.8771607502314582,2.473570488024915,3.5060004299447716,1.6164816793311745,2.7336768779168517,3.521792617044871,1.585403898730454,2.2012825465357153,3.2125110731851847,1.8088873166344817,2.541956248828914,3.112830311253369,1.774794985467429,2.871495738005752,3.83514064907295,1.534559951182212,2.151628934021481,3.27140871033786,1.597217671215896,2.6185731342921907,3.403651717857179,1.562656425412877,2.7213240605716074,3.1854014969643734,1.5796825188438608,2.346639416565397,3.67141948192661,1.7159706964122248,2.7090306515468368,3.2801458434482904,1.5120480324447527,2.470097828015359,3.4489007597070382,1.7313644461655098,2.2471695060082095,3.634044641719429,1.5658641892565726,2.4334651829788503,3.8286386687195972,1.3725204731820202,2.608050364890051,3.5892440164188955,1.5771822534723865,2.469539222235116,3.8418931046023594,1.9944385315956539,2.741650656039202,4.028044066972932,1.5963002112998677,2.2655848680372874,3.485265977627572,1.8207287954158509,2.2161449808989557,3.240592082188589,1.5776907360480688,2.614181441229664,3.563733477849884,1.5837258839743482,2.5823660155843426,3.179454548266266,1.6360362781076532,2.3223379345156707,3.4579334082174524,1.5799266111713965,2.6742675036123433,3.492667620197206,1.665988587232626,2.868262386419029,3.6073206895652183,1.6447768874552107,2.444927637524505,3.16927167033925,1.6901174171817817,2.605370437627794,2.963974722099739,1.4954024709532356,2.4571014979319643,3.192509399549805,1.7064886229038907,2.582787367723239,3.4657539369787607,1.7825261482076242,2.4447157900377743,3.487146639071049,1.5495029622746979,2.601231547312653,3.521254283536172,1.5202197517332223,2.522089312463144,3.4894098754852316,1.7421517854830182,2.607261331182807,3.2980679370957704,1.814546698689907,2.644150022191066,3.297117714742467,1.5285954432478444
sub-3-033,3,2.433332703847036,3.087938574663419,1.731200976811127,2.7630407861536477,3.8980328962192656,1.536598787348566,2.6916247668684465,3.523660245805052,1.3406089480849903,2.4901685132425917,3.375768742305877,1.8816226843962054,2.0432281883837695,3.437658017213834,1.5839367497519512,2.2897543794085267,3.3453881136037493,1.9297447190083554,2.51879330123381,3.7536427766554024,1.8276581431587766,2.1193125067807173,2.920641706675204,1.4272272506414554,2.8113000676543347,3.5424864753370997,1.4399268303530637,2.7001128950005024,2.9996816450501997,1.5760813634630058,2.564632987063237,4.205717342372651,1.82240016175303,2.4631698477690023,3.5079280028828643,1.8379563824903407,2.805935392349939,3.430660940907496,1.6672074599509843,2.4005912689939453,3.686244430571253,1.8538957989142884,2.2010367149166443,3.388894316117346,1.5179830967343404,2.577163252246683,3.1533750571532915,1.501978842417086,2.7522334705279703,3.453633642101108,1.691014075684989,2.6277033228573003,3.7718293093569084,1.6372110751137228,2.4786633713399024,3.390221372391248,1.8622263342993692,2.537735676672457,3.418492472665944,1.75863446478023,2.8796257559601712,3.520799280393333,1.6595829162981972,2.899739733238253,3.8723444598303476,1.8777237509747027,2.459876384240851,3.3320482204536885,1.424876831994979,2.7236850398137644,3.5215592021040494,1.429866818445271,2.766332568374179,3.4055417328138544,1.6678879338944805,2.277665526539807,3.637815563369798,1.7752655038665248,2.541362240449921,3.38289337851211,2.093970145775563,2.3333938075262313,3.2979976421849213,1.8062385106765093,2.367400811400636,3.1953020633652134,1.8697277969644,2.65893451048936,3.635558633586398,1.7272737273556351,2.4254123886503645,3.4292520909400674,1.6881387777105745,2.70231894356797,3.6192400623642342,1.5608234801687542,2.6921176009965966,3.030018306018154,1.651936722659851,2.3444312921249426,3.2600110355481977,1.9889879417059348,2.285278653644149,3.2706256643219653,1.7765602656977315,2.4653995032170184,3.543556164615033,1.9144324449027916,2.667833014379416,3.3687689419839537,1.6799420780898815,2.645509081761444,3.677797134524905,1.7031129109790772,2.264909620010333,3.381243083306292,1.5861660168992302,2.441057230848646,3.707926767446067,1.7437693192370463,2.1754236511600946,3.268766054487676,1.6278992584600205,2.1637963557855135,3.617104577524352,2.08034888556213,2.107412223991587,3.5852337806971932,1.7104379180400069,2.5175118380389225,3.652023072701401,1.722468311086922,2.484941884385018,3.508187945880691,1.7834849997099604,2.633064827612627,3.552817046133512,1.6124828558370776,3.057445718980512,3.60066372713271,1.8143694841004205,2.45859555848501,3.5530806343656036,1.727241211520081,2.205849038085324,3.2993349871030513,1.5897284970626833,2.441917782062782,3.2004450421548953,1.7065784054451418,2.8015245505017132,3.536536835925536,1.5228094316492127,2.364437297424192,3.3944256782213427,1.4876590228157052,2.6048022751129545,3.8788676835346982,1.613614368090119,2.5637041032202132,3.3798910074520623,1.6055558223084765,2.5841236922260453,3.3142744608087673,1.5787399321265034,2.258527551252704,3.518084703766821,1.8600514092429052,2.677315581937621,3.9177581326096105,1.598822681790564,2.7031456897272035,3.191262866816601,1.8063887968591843,2.8459537102182786,3.639546820871392,1.949271742541561,2.4422282403463225,3.4624153016562538,1.5626474457239357,2.556262172721977,3.575508669722665,1.7039052593948592,2.4646549894849348,3.362599587002218,1.751775588797506,2.5213283525369703,3.1774951585527162,1.415407093104034,2.442812072352442,3.1129647537193907,1.5746645017205898,2.473805054821091,3.459092231590651,1.6000991252128614,2.9444161994690696,3.1468911505925696,1.8813818686910602,2.520737758255294,3.315892610424634,1.7881364015586907,2.4684820407716987,3.274049887796958,1.9684714853372909
sub-3-034,3,2.154997191671711,3.431435328862129,1.7285107430741184,2.8034440559719656,3.3884393486032645,2.0991522866502503,2.6866414310426845,2.8371580129887484,1.4819475906548656,2.5926481201425187,3.1797174479400603,1.7821749866962564,2.118328639012335,2.945112606913966,1.4553115939083225,2.7033444489143443,2.933573007705814,1.8567912237748345,2.7434166371054176,3.4072060949375245,1.489333603573908,2.300055557637831,3.1438193911906525,1.3727323478894393,2.8936452410302906,3.252364277141807,1.479177366990488,2.6013091475653627,3.481002717840574,1.9229282553865066,2.4815063504851738,3.3964122313235277,1.7502842348294243,2.5859132258198487,3.5644105601731195,1.7407927245701613,2.579630933081194,3.3833847696258905,1.824901639515335,2.4852184674978806,3.7252180833286883,1.908164313241783,2.4280426438793508,4.173255357227351,1.5931080642236624,2.423030127842678,3.6511974328182677,1.7662343606592112,2.562926740591802,3.7291103046336125,1.7378945063754943,2.9218335595500267,3.4850968829955447,1.5718259567620656,2.450692326564893,3.6319708268842663,1.7728927529983143,2.5871656857451986,3.2621389998201593,1.8662972179916073,2.8986583182038896,3.5081830901306805,1.9715907414716192,2.7059260793595628,4.121232408901067,1.7708966135852817,2.574588553639118,3.7358723452342972,1.634962250099109,2.623281129814735,3.8726006050535737,1.8229265683578264,2.5444276215470953,3.5561163663475046,1.8136515171952678,2.6804003897621773,3.710018027275989,1.7509157158129431,2.4015819649011823,3.313757198134299,1.7691750147160268,2.6996626955116314,3.696542142724155,1.5987174925473395,2.5227898735831267,3.1712019739718476,1.491285698059276,2.564666274058758,3.8802837821166385,1.7149706001057219,2.8934643771972643,3.4540508880715985,1.7046825812220343,2.371618759616553,3.4027716846656153,1.5215092649570885,2.2718392888288617,3.171579240511293,1.7127912634949072,2.4173928695575895,3.3600356111386005,1.7614805854586992,2.271216292946135,3.5226900964506824,1.8272113153968568,2.7182207083943224,3.6446387739309345,1.6921726594711126,2.4377269986341314,3.4769395490926724,1.9480194841884977,2.599151916458446,3.4700730763092067,1.7845539151695895,2.2089503647943145,3.3432220261901104,1.5629924267902902,2.475311204266553,3.778880072855037,1.407447546441094,2.636148312614686,3.366509163779645,1.4142181304253896,2.024570303958565,3.2699070949965967,1.6152218843755586,2.68320080199242,3.726245105672585,1.467992755515917,2.61795064554325,3.7039923125583765,1.7328383931398095,2.64043946733721,2.958894174187542,1.5514677515876292,2.795888460428781,3.4216816698003973,2.033465587210375,2.3198839659152997,3.937856227517103,1.6083941580523033,2.7052384769307043,3.417292923662294,1.7173517221857917,2.657197795335285,3.3282610867968363,1.8201659592312187,2.5021427255901267,3.549853981439832,1.3032242907486826,2.4892796506037502,3.85379175673846,1.8042015780678051,2.70957821058187,3.514928949801198,1.9514411754336607,2.6019189689823783,3.3151719769816546,1.8282711312661415,2.7160677047079136,3.6762855429348864,1.6395599168804988,2.6006649909725823,3.890130961079924,1.7716324991744357,2.2840027433954053,3.323946160508536,1.598710198961116,2.414221785861465,2.908840395371385,1.9835866291676691,2.392268229658283,3.2748944733279566,1.4087437317409277,2.7059572172448565,3.4745578411909976,1.6473629592375651,2.496359756559501,3.664585229834748,1.6279967733987366,2.191997808716836,3.138369936525592,1.498479278489648,2.599557211453906,3.760405331349282,1.9198708444805226,2.2557190048917746,3.6736756258307244,1.6077393211693367,3.0762224540067975,3.8873951565823464,1.9552843118201735,2.694439167644395,3.6069286950130546,1.639612554394412,2.442122254051469,3.2759705756518587,1.7926363487093002,2.8308725038503537,3.400093804597545,1.591647678502556,2.282969387074353,3.5685136671501847,1.884390122152478
sub-3-035,3,2.7802789180895675,3.885962847271931,1.7623109919492648,2.5662339547193826,3.8590306333641307,1.53349081067711,2.470647913223636,3.9790374625028386,1.5388091715362768,2.5437975360964002,3.6767725695981626,1.712404783298723,2.4068951511915495,3.7071898872757303,1.6719496480418752,2.800211290636337,3.2399708699501306,1.676369114792106,2.9829344123868644,4.044020517927992,1.5084591174016146,2.1977027664684163,3.3181008954265496,1.6624788557126104,2.7793276791076504,4.014964543222577,1.7056124263392611,2.751957443393472,3.681494903269732,1.6968303832983103,2.244331528614351,3.785172613610934,1.7907790568328021,2.6201260614204016,3.2252455465959087,1.9938705909908967,2.5774449388407947,3.1804148388647944,1.50465194302934,2.671945032083502,3.698029927127278,1.6305484765030025,2.633272529039453,3.6869297759105493,1.720988783149538,2.423758598230013,3.769179665766843,1.8256446965736788,2.6521824072088847,3.266555074502167,1.500345125974355,2.5637743038730387,3.760279915452048,1.8560559321442849,2.6551887301379895,3.373872830128233,1.5793688900008729,2.546963970600591,3.497932482438326,1.8660942939798022,2.4636514086621975,3.3889382025451886,2.008248665040915,2.829220002549638,3.252821476474055,1.9203127848420543,2.3480612856175958,3.378463559573314,1.651963475327023,2.536033507905364,3.6735317744153355,1.7159709977428887,2.6606509237893663,3.38748455848313,1.756133393591037,2.564214030926082,3.1112675791579854,1.77245153130366,2.567289966327531,3.3001053172650243,1.6362736807355867,2.477942265940637,3.4314228271610476,1.9638437180948107,2.9262457990168302,2.7367091686634626,1.7732261595235808,2.721891246331654,3.4394985021565097,1.8392135127172708,2.8477501839682944,3.1158842427484563,1.7200642829337487,2.90221449188035,3.1534257157204957,1.682715148831768,2.4692884903030627,3.7945299672223074,1.8786868920794437,2.5792189244658386,3.509018603134851,1.4421278231718038,2.8061404538060284,3.4011134317000695,1.6786512412315473,2.724887964471521,3.5553279091350403,1.850576292561724,2.658613824473785,3.5570603770340066,1.7465664092705349,2.347900905616246,3.45828556374018,1.8626070574895517,2.0382447905694416,3.0797226979645256,1.4680563568931393,2.5776085074430894,3.892708078775898,1.7820739991567096,2.158146735625251,3.6816150000394483,1.6336864918119995,2.291688823445688,3.238139950906196,1.4709315165641896,2.5371351135043874,3.3763883718950334,1.7461572422333091,2.390519091543811,3.185064440748023,1.8098122771215213,2.749591110245957,3.662416182016616,1.6026840747990625,2.416787411697034,3.308903014710232,1.8335592394625644,2.401491205534527,3.74753134269624,1.7955354736186202,2.772790856676075,3.7976828621166634,1.7813983373421873,2.2856373869939786,3.670835945239934,1.7173210088048536,2.4828143270207526,3.8814227893656623,1.6772996495735408,2.4546991949490464,3.8147357270195505,1.6392360964583292,2.445691220287915,3.18439685137453,1.5769735967881486,2.41780991869512,3.6738933062483268,1.5471391541972035,2.215589002337671,3.584904344157217,1.604907306175356,2.5470719547822784,3.859076473214545,1.7107317119237997,2.8217318007761114,3.480918876111038,1.8510434722034763,2.4514630982243135,3.5301533821079594,1.5600547996069314,2.403444160694749,3.437093399705703,1.5007198918154567,2.578684794912996,3.4152272049855266,1.735186989667542,2.3136256227854077,3.6964850469823056,1.9546420498207089,2.8175759578660675,4.03309382826977,1.7063646491874709,2.486580986399412,3.6365233911636103,1.6642670346256105,2.2367213131605044,3.7294038638423412,1.6648397180636532,2.285876500365927,3.3576809657284326,1.6682509771249459,2.552129853282702,3.506676599237707,1.9053529617641782,2.3180627119561676,3.4573996315879696,1.5681554236134396,2.7761102852238038,3.3427928502064246,1.6484255243728407,2.738945165765048,3.870936950284284,1.9208935306820671
sub-3-036,3,2.2542396427814877,3.6352159487526525,1.7405175417007541,2.540779293801591,3.5186390711077262,1.8928660908437551,2.7369460608680307,3.7511357034636807,1.7310371297723686,2.9587063401149503,3.3878256036833667,1.4576057874613366,2.152256077326352,3.296166568559587,1.7954776146576783,2.4580239485670954,3.6375444207281404,1.4784133588431392,2.744655222527525,3.5191294360476553,1.6579165892738699,2.5836974363361924,3.5795739822908295,1.4440237182185716,2.5303094805619155,4.266169471201209,1.9968225179811845,2.716133363451155,2.982826521652914,1.8998225407970086,2.4356666707017105,3.8705850215704043,1.5915997271667621,2.637989318321346,3.320720864603056,1.6455079537175823,2.661995394499432,3.1307084414654014,2.0558627051119354,2.3651001359018324,3.196717936704398,1.7937700651892936,2.7825494045920625,3.409363225356971,1.5392796173868346,2.3839717964361995,3.2115945201202836,1.7462269445298018,2.537402498385027,3.619233130493489,1.7547304141411129,2.69837621189886,3.3852156744365636,1.5892692891688365,2.57813293230616,3.4846027973680336,1.7379428021539336,2.4218916706152784,3.67982084104669,1.5232440081708827,2.470730761308852,3.8161315733145775,1.5303027561465767,2.7390437482186756,3.1054521755287476,1.4622161188551253,2.2811047931953037,3.53270572682875,1.8094393625664391,2.782666938700033,3.8396038119983,1.8294047877383388,2.4002789786655923,3.264659010491227,1.8181688482279303,2.805835519195392,3.2112805536251066,1.8940999009083659,2.204339255707933,3.6091790263018906,1.6844289098336174,2.5132458459293443,3.508755916595914,1.5719404719137853,2.630294058279971,3.5169871746219705,1.8402967223504958,2.8362702713991825,3.535536735558277,1.577192245094231,2.34517815708227,3.9755105090847502,1.935555948595178,2.7097268898869658,3.5167590925954415,1.8222748340447703,2.7848037685907374,3.326972046406547,1.7044692953367946,2.3508776033536596,3.463862744824335,1.9316410319753676,2.7441386019163936,3.5378019043947866,1.296015032500804,2.431957325621292,3.5286736701625094,1.667612987047727,2.5558990646318955,3.56792517794806,1.6199478861360503,2.548644429033984,3.4581558515932835,1.5945195998523174,2.532340779163601,3.146591604339293,1.2618686180932466,2.8709878548154775,3.263042724337917,1.8349862523716056,2.4274404427787117,3.659397877965994,1.6927778960007194,2.380059550716462,3.2201628132746993,1.5017020138642467,2.5962635733413184,3.3929023151892337,1.4106240719901744,2.441729868664167,4.303255313287124,1.4267940661189313,2.5933889681437674,3.431989112085359,1.9754629842771858,2.350013103439385,3.5283649621584603,1.8029296525790195,2.517726959463936,3.285085144759701,1.6966705749629494,2.49429067610478,3.412555299829137,1.8396068519831754,2.6225309249891318,3.654494725648004,1.7495444274249383,2.7227784719247707,3.865192716160712,1.6569930147205445,2.6975044030573434,3.137067277239437,1.3620416048547934,2.87875290611017,3.4066596367346236,1.737870925994453,2.3294611567386587,3.1440237601925363,1.5930584162651884,2.6657215913679155,3.3553680158285073,1.6496314325147934,2.4159880058279666,3.8264206650068933,1.8302795013626094,2.4628533154028496,3.6915525543093026,1.6632144496881474,2.489241135832309,3.4860809830843786,1.7964850947313074,2.3894040873190807,3.640670492914184,2.0746731459700336,2.582961812463937,3.5100010657440825,1.6873748494109229,2.636078099100406,3.049086917826274,1.9551626459327278,2.726613651774723,3.319535555980836,1.7047320845181047,2.449677324030281,3.5837858066897637,1.7092026295232543,2.5911540400772854,3.2120699658539222,1.627768474099161,2.7562904243220316,3.350538419480681,1.3034758197726284,2.5228865306672406,4.175217510929332,1.827331649417242,2.4448537549301177,3.4858315024107163,1.8019789054989448,2.2338746799761746,3.2603034814194176,1.759752031299462,2.837007583285961,3.3769895091312554,1.935052605889635
sub-3-037,3,2.414221752839951,2.5520564547098057,1.8115716260374881,2.6472718097419365,3.706131599371016,1.8045657308110001,2.584515009797056,3.427531748714282,1.666896743400466,2.4671277476992275,3.3878905861900535,1.4283447864111363,1.9814245695521149,3.2342420365247415,1.26386995289835,2.1885888318565163,3.4064009914307154,1.680750362554248,2.493596036994392,2.8336259472211363,1.932859283491089,1.9414784797819589,3.0509149002669544,1.4107348022800716,2.7838255553489115,3.617997634171339,1.6290135318277206,2.452141938731747,3.5502861055417796,1.5130168548163694,2.618533092386327,3.346379445527533,1.77794587729201,2.6374300520675975,3.3337887468593412,1.3920932721216746,2.505571457080285,3.0941475461710364,1.7117952028840056,2.503817063961602,3.3353614336336332,1.5056656579235814,2.7636220522258013,3.3729689574201056,2.0530026295672763,2.5562873297021715,3.5984450212717456,1.7058818291570546,2.6114829113730313,3.8059524532572144,1.8656339496118164,2.2320106118119156,3.739539271891833,1.7745709127884495,2.556460595865694,3.979514258573201,1.9629150227538403,2.712827328580043,3.347810483435993,1.5211275303561602,2.6857920237900244,3.880669396394215,1.395701335768014,2.7455330514719756,3.4286376495414363,1.4286495748378358,2.6344913079413943,3.7546282629726813,1.6472977013798846,2.3596761663114347,3.9793854595303966,1.5997044520529147,2.758705017135306,3.0763459089475402,1.7624007571480629,2.6197512883785286,3.7445564818224937,1.9239475089851115,2.4035466519056277,3.6458169361278308,1.495014892278725,2.3019753089149275,3.338066317162976,1.7613990908909294,2.8518362076261115,4.020504765153494,1.6467663006386617,2.604996202546709,3.764041530281338,1.814807403271344,2.5194977861568932,3.521309410627462,1.6834728617456767,2.5124926896883553,3.404405080488697,1.6820512264982461,2.4769534653165253,3.1820830550876247,1.829387042457153,2.6429263921041124,4.025446248087216,1.755427703040395,2.4749471732329305,3.3245980935924275,1.7071049101024294,2.649517529407607,3.4314810308267503,1.479461379719403,2.4169781437395392,3.505047004427328,1.8110425489729152,2.2825517228918955,3.5742233661740674,1.733167929538653,2.118716230847082,3.1156617786096894,1.4895514387933069,2.5753451346057594,3.8155092255693788,1.8796676734236453,2.347683537500674,3.4476461094127067,1.3709735296523073,2.2196531759838107,3.447341417636719,1.835644177833098,2.2284376702815916,3.195343221845425,1.7216205202813442,2.2586900940345673,3.5482194022383653,1.7934503817605698,2.319368209688449,3.537123903613572,1.5181683597477422,2.7975766564088946,3.557860905888854,1.603990395654945,2.3271345515460022,3.6089619141884697,1.9036903253153623,2.4111292963436655,3.376899493499865,1.5871788948937715,2.829988662789386,2.9655806686890775,1.8928389834200336,2.482104344079517,3.4799477664374523,1.6489048025424233,2.593128158666786,3.2956563486168635,1.858757470488152,2.747819467702939,3.2246454688625117,1.8001200448301058,2.4858311051580384,3.5144573772171994,1.928772634602641,2.4286738497693037,3.7594338431522845,1.7685687768428453,2.5150749348988413,3.6028729989080706,1.7372617884975334,2.3414964038211554,3.330117323786488,1.5432121422561382,2.500208621132035,3.8766098828991007,1.7871541702439666,2.2921339660499513,3.42345704761779,1.7350437291378955,2.683935926455118,3.317785229382955,1.5143852264353654,2.539858277320605,3.659328307888795,1.7352269729949794,2.3907580535025175,3.9912932649744874,1.6851776690159717,2.5848678492123627,3.3146491275177934,1.8659761997546818,2.652932440659193,3.588105760164959,1.5272517765032023,2.746925440791288,3.7119328324335465,1.8522400096308798,2.5566652843842275,3.479038874120142,1.6726860677379303,2.960219629975954,3.348115044981782,1.522063273486488,2.4828138901358647,3.3507244412664288,1.888977025470888,2.305921368249049,3.3428385625508388,1.7285784746358295
sub-3-038,3,2.7782927138342637,3.6996770458472006,1.9428526025923323,2.612242722141808,3.4429865455781514,1.8283334792258292,2.303911032146145,3.0212321932115986,1.8464395391871995,2.587902028675299,3.7699210672044594,1.572144134297829,2.4312610847393983,3.467700485619612,1.5953319427726527,2.5873226250225736,3.5971398103022745,1.5714901745255314,2.480697380750733,3.592714257284649,1.6362299125876643,1.9355046025861018,3.362568854070892,1.7254051260890935,2.742336233206283,3.649046957790783,1.8227460876284947,2.7277516325819877,3.5223036288677805,1.3821624976502171,2.7587606190015084,3.2498708782840513,1.5303684676783398,2.3513866584030865,4.1956818209840705,1.766082152951647,2.362509046510911,3.3086433989144464,1.6998912536311501,2.647632679987141,3.578201854621002,1.5607090338458225,2.6070863778620867,3.3288674133051974,1.8570372531071249,2.560133388411258,3.287386452609837,1.8033431189385503,2.618984094561304,3.367037604139297,1.8095138081332758,2.6632410798565145,3.836510215554662,1.8065207798234264,2.511489561527598,3.0266516440354687,1.7279969892270057,2.6115247605179412,3.514335143719322,1.2483688396617105,2.672189392503729,3.244625927751916,1.8028584217316377,2.8561232505286585,3.4292166773319694,1.7657726048723172,2.555900001533101,3.6471634023589528,1.7155167656982464,2.4569435439897345,3.2466161790112134,1.9385698580236586,2.62893953725016,3.7325441772108823,1.75985943542335,2.725638260528905,3.249129160966981,1.7124772166704456,2.6409875006325607,3.8619474868204344,2.1009614149250857,2.623353351967635,3.31489179275737,1.5206535369948297,2.3871333479485135,3.2832465555849852,1.2648376351521766,2.4283820978292305,3.7006873963746796,1.7113099608782196,2.5034475719452995,3.0458532577931563,1.8575614969377947,2.6421263923656713,3.4963791395110326,1.3696221181429316,2.461660949348762,3.621441147806816,1.6957148934048791,2.584548852270661,3.691924925239097,1.7232108463032338,2.6669415059385715,3.263806254720107,1.516584236539546,2.6359249228091928,3.691074369230686,1.7778460693741411,2.5736855121698987,3.4092685373506764,1.7316479010827883,2.618273988959791,3.6230032853342586,2.0910709334943007,2.034255318609619,4.183278074761419,1.4114768362257564,2.6194203707539083,3.165444077340151,1.7459365666095992,2.726782108473675,3.5091231503560465,1.8459620643447818,2.1237372019475913,2.7060380405231492,1.6940063698808878,2.55551489841273,3.3657080906735977,1.6384157701337143,2.623184712332151,3.2719307887901747,1.756286721434264,2.7639546634122514,4.076819640491656,1.9106789806643394,2.5791141779339886,3.5721462279733354,1.6399627209282286,2.4661841742091273,3.7441689035689274,1.653873491251359,2.615897935396144,3.2304973379263715,1.905546897395828,2.4919578005429535,3.804634167786189,1.5944265234088353,2.4137921113268286,3.871848898780203,1.6060988727971715,2.267777954933094,3.2088166497124107,1.8285063021497403,2.6869116977853342,3.286499696769431,1.6052421948201556,2.6711428487326736,3.8684577526539665,1.6896800690792344,2.6497629147786284,3.744561258633437,2.0229504847769806,2.341971123383916,3.3127574456861355,1.624028999882785,2.698954346768654,3.429463037825674,1.7468368758086597,2.5719317315714574,3.500486395249391,1.7161094861579547,2.735382128687177,3.2282360182970637,1.6777315713603642,2.3312500057560874,3.5634359398768605,1.6706706708889338,2.742463763862221,3.498649498246169,1.6334241299895491,2.50559219134691,3.982558779810009,1.4644879083591924,2.4370471018891933,3.510082252320019,1.6045360330129899,2.6383227010975125,3.4841840773289436,1.7383977353945517,2.571209064350091,3.4711472899887514,1.5063764397164767,2.581696637254855,3.0062455259496597,1.5992058527555235,2.638056951484078,3.8331125099983603,2.0524124187922754,2.4729142838872695,3.2577651035383695,1.7783425326290283,2.886594386669157,3.9291685419730538,1.5447381192137177
sub-3-039,3,2.524708346256786,3.7381028392807187,1.8379566728654542,2.6565351462922275,3.374350396477446,1.787444782686099,2.7172831448778587,3.23903437881785,1.8995353848665828,2.72855271251364,3.292250780131127,1.838736474253917,2.346360457987201,3.5183227427766366,1.836395958166102,2.5481168797674285,3.5928259684304145,1.3041907617259725,2.7508480853833874,3.785484196925253,1.903405145717709,2.0313975267094846,3.549372708022632,1.752812394465693,2.4328350097068774,3.7956700395499356,1.7694561066549452,2.2443578807287734,3.6636546297315724,1.5849189704857503,2.2483322553699194,3.60263491715866,1.6902003945353807,2.802686442785563,3.5508813538913366,1.816777899010553,2.641585685889027,3.7858680593139824,1.5670388982439631,2.585736593420283,3.4605939471397846,1.7980525075758156,2.5960463538175493,3.328069397523967,1.6493099690122226,2.846730487537002,3.0255816869008405,1.8064047060298,2.7734603334119425,3.6620744027006684,1.9956512376946993,2.71893281647354,3.6075546398465552,1.6299905662373166,2.622480140492568,3.6908709376526665,1.7005250636540417,2.4162912103359777,3.162817653518195,1.7278110328071459,2.283543082599317,3.3679680469518956,1.3352389293684706,2.6999433353318243,3.8231330785679325,1.711842209039366,2.8796626257347637,3.8772682906205564,1.7719678572720814,2.5296214150358005,3.4021685267126904,1.7843736611539982,2.524579168639028,3.653504456464086,1.793368042074927,2.5086757353941738,3.806820028374437,1.665717311454138,2.5538409387561583,3.226293111909177,1.6594074897510611,2.938475722075574,3.2478917607163384,1.7656568540561153,2.4681915925959776,2.880107579575536,1.7838455634930261,2.4498976333907274,3.589331540575575,1.8484578443857806,2.592227709153856,3.5919236768532588,1.5698090114289387,2.6772285649544325,3.446888476138724,1.4002357089049202,2.698903997168147,3.8172351988211037,1.9221683683337707,2.94074814043312,3.7165896733357724,1.777095817665281,2.746478593551912,3.2516413589290725,1.4492045853282725,2.464138414469203,3.8576283696588445,1.6008351301723334,2.6338099057786413,3.6605232447603355,1.7366397706162873,2.3200261760696805,3.595957608911411,1.6367669804377964,2.506515014597012,3.5983259696218597,1.542056038612884,2.8678325661284343,3.596239194601721,1.4492545202836782,2.535905049094854,3.957877819829436,1.5770242245777104,2.187716817075568,2.899243031026135,1.4198300550197278,2.3998368460972888,3.156328491458387,1.6072588872946318,2.8628909912101856,3.489899681520254,1.8178282551368155,2.7464824230434557,3.189637789835893,1.5752731381361083,2.687847370942955,3.322400758456207,1.8049380757436952,2.8519180357867766,3.092492791524995,1.6464598755734787,2.5143111529120303,3.352617393700282,1.6088038990001672,2.461418253345295,3.495729796730692,1.724732720245057,2.721613951675736,3.4929667727331997,1.867726242095146,2.443475986185311,3.1636184054687466,1.6542868948382121,2.6332486778229582,3.740930676880532,1.919035037843381,2.6022360547170633,3.7108472816334723,1.905316905107219,2.4097355583350537,3.4411605201705426,2.115636981579943,2.7041500096144633,3.6429960864349837,1.834053626648859,2.309578113784916,3.318888599997134,1.548155318078293,2.6253494975476497,3.3966895018251226,1.714308273369563,2.4940170754862114,3.0446063403040227,1.8327464655731032,2.2328046413151705,3.2962589130040323,1.502679158001783,2.3916465893627583,3.5565203975895283,1.885253444090423,2.269020901991934,3.34398175487574,1.4376433560586055,2.441025835375062,3.5201297792172253,1.8150616350728848,2.168658842435021,3.6541545095788663,1.554103998639198,2.331085660105158,3.518896554625689,1.7940719456746352,2.531918147676067,3.193923419519812,1.6848528498285709,2.4194678639700484,3.669129092987372,1.8613036746953897,2.7320631583592596,3.4944704205655963,1.8683991026843354,2.366223548408112,3.9992025730789416,1.5460126883902818
sub-3-040,3,2.1845785457368976,3.8823221946585162,1.5934798368196064,2.571012998850939,3.2113737468612022,2.054540511101068,2.8779271806103615,3.9330351007428215,1.7132536605911524,2.7265258613550647,3.4851454221755667,1.8683302019590184,2.1260903145372922,3.7237172364063365,1.530869153012641,2.487487637221444,3.369371887086281,1.7288678547075023,2.480124748273346,3.636431559377949,1.6278519524897972,2.3423419338131257,3.7051427650703976,1.6116320715692567,2.949299118258572,3.815708216004076,2.020735476766235,2.5389841931306685,3.0347914239206846,1.594079416360892,2.441255395769892,3.2331528743466276,1.370614303055151,2.734436413328206,2.979194634705965,1.8393318925760462,2.9433989945045727,3.28206668374078,1.758135573670105,2.478246187566949,3.731581265096938,1.52083838202423,2.526277605673705,3.8139304738449358,1.6926694205258204,2.256847016203919,3.8476629567741845,1.5056036134450468,2.564172145778559,3.6631404031205226,1.7179775477352734,3.006738685590045,3.7054677551001443,1.6696474818879479,2.658479322827627,3.55878449601006,1.7066554118907906,2.593881694871891,3.378455646884609,1.7319352495444857,2.4590115951319396,2.9690650478091927,1.8710300916144054,2.4482193910617704,3.5395883704531825,1.5859366405230806,2.4185574908072502,3.209083041564707,1.842244543681025,2.76414988753095,3.5072616780783696,1.6195013404852605,2.245247388416786,3.7227207315681117,1.5985164396261056,2.348893078961599,3.508193758021179,1.6498811463299472,2.2767502441105427,3.113398231830703,1.7504814759151688,2.431975559600796,3.6428724009149858,1.7219796959715088,2.738557553934522,3.2669993764846823,1.7349076741257516,2.664889426177313,3.3246591039471083,1.8690804883454184,2.2500700155153632,3.266776520845701,1.4444468343294632,2.417542504801643,3.4567164644766533,1.8247251078539348,2.5220477392958296,3.3332953587114846,1.4676165805722987,2.331447843826497,3.5868576661433234,1.832218214177581,2.474540050043109,3.839084066390892,1.5575123901381267,2.4797026886154856,3.4142792376614133,1.9294120682456635,2.574058642824171,2.996438819007848,1.842748145788852,2.882266963793019,3.43007259781162,1.5654376512430677,2.355566334643194,3.8299940982809217,1.7273097630929377,2.257858856376731,3.711310908304276,1.7606311081665524,2.3781665417809386,3.860868996865803,1.7657526723168733,2.4366925466618676,2.982786677968115,1.6598166616547536,2.3888829446870976,3.569346753976905,1.9215838175382336,2.293244808306731,3.1166796747204946,1.8433212014806346,2.5474579005126987,3.8279537033227142,1.578907283755575,2.559214306700889,3.692676069576272,1.731530028506036,2.2280254808407998,4.290327511741305,1.7318486722853772,2.3087249246034265,3.587975969911268,1.7643717565159247,2.7289062434247535,3.7596005722964883,1.6679233181905215,2.240025656045518,3.629181648905096,1.453637591850542,2.7687440285734044,3.294827769655795,1.795244050198327,2.4318896138681048,3.362230014605497,1.5798545275108684,2.678894674852926,3.3260228453985214,1.8152798132286723,2.442865735428944,3.4352028892985005,1.7053347409938864,2.5776878890646997,3.2412227863251273,1.8055711473952036,2.501158942930308,3.6522922064455425,1.697565759543086,2.6555617020764815,3.384824310565558,1.5815602865188443,2.6268344821990053,3.3617545259762087,1.9188179674619164,2.5621782063981082,3.1153832422174474,1.612180106987397,2.3701251828029535,3.80041725850686,1.8160310889287938,2.539012206719405,3.581220636952085,1.6868480835667676,2.704872369123249,3.6455528599906253,1.8049963556333894,2.5154677235676814,3.3231632546833065,1.7997594627536306,2.829241262768556,3.8096829229013625,1.937248805582023,2.579165732797317,3.228402494143749,1.5678219260593287,2.7983225721924705,2.9786558138763257,1.9257135058509394,2.408225759482743,4.038549191139697,1.689409731247844,2.6800627480061436,4.167812991514548,1.650477829841652
sub-3-041,3,2.487552055841177,3.3054450242592632,1.5497325096201469,2.4906316221776534,3.3446445585395903,1.5124614553801659,2.5121134005279653,3.625940239440888,1.5656141898607154,2.52075903514921,3.8938212528782588,1.4870703288226372,2.5477001057085893,3.0912733995681196,1.63013561517888,2.7802493698253743,3.9436152600290604,1.7704731055420282,2.424989006800505,3.280812843624272,1.6137661372168526,2.5400661778236016,3.172719258296834,1.6485441118983903,2.3621236990803807,3.1762237088654324,1.7039588336076463,2.491546018251882,3.4295224156600854,1.4781395273080267,2.5367722908649166,3.9337956466573734,1.5720443000429862,2.711538337395613,2.5299782514916145,1.5796482206870077,2.2061296821762975,3.8461370422373693,1.8318166587443716,2.3638200113764247,3.5809976023367347,1.8802564143936482,2.7942945041218343,3.386378614927499,1.3686715730501045,2.388262806036675,3.7145204865787878,2.0148341260787572,2.540221499717135,3.3300899000004964,2.059904223139851,2.6230318778407127,3.1562249583493083,1.682163856987626,2.729986976402883,3.4802952283894255,1.8191540878507833,2.261098673940683,3.098431240093544,1.5897715933784484,2.4992051899538534,3.59350566984407,1.7955140367244464,2.9939004862592116,3.293204097922771,1.6529016501341438,2.4220820562590517,3.8022287363497753,1.870092558929697,2.469422006544597,4.0784088330169705,1.5936651505130122,2.7353852191584527,3.9072663170801274,1.495763030943496,2.6539738124161625,2.736987108448492,1.8236318533450335,2.3517109522730877,3.658891491919015,1.8132483001955964,2.7516249263201313,3.7492602980189496,1.7083842488677414,2.481514227991839,3.4791709875992733,1.5325997728074292,2.5118961690937285,3.41860521847887,1.5817672259245876,2.236585220743465,3.1424578870708104,1.2274832674251608,2.4945817454592865,3.600939621523916,1.2976150643035416,2.5926086603708307,3.465707234889659,1.5234866357423793,2.472383062635351,3.794225166260853,1.5538716408904767,2.5641931936353095,3.5970468534098816,1.576668904036285,2.731488781006425,3.61307546453997,1.6622133592466815,2.9753832849451496,3.783521962411842,1.4470758671468247,2.479951667196077,4.190659930177668,1.552672778548857,2.211940082709684,3.624678145455362,1.6978482381557694,2.6933644822297413,3.706525583184677,1.7038089089984385,2.4073834093073443,3.6217339738970726,1.6395835059361634,2.113356783845216,3.6950921283982443,1.5428506012634735,2.8571034724331934,3.571894575521665,1.6761278402788975,2.222838889696387,4.09355960382276,1.6991045667118343,2.141259636989262,3.7765631769995793,1.692471228194435,2.382361418622041,3.7607313561549716,1.317690140444727,2.421462865021282,3.4161673300526396,1.827828192066618,2.953245278051671,3.4314647323369507,1.7689916292202579,3.044709893062767,3.501326306210304,1.7702298584034932,2.3272767304490034,4.0485668052597505,1.5930535482671524,2.59834283313241,3.5672660203935433,1.71280074830227,2.471823537977384,3.5675713486018514,1.9636021212815447,2.9605681156643366,3.450959995301203,1.6325805066483101,2.404422403063067,4.252117969784248,1.719325234744523,2.750707662522694,3.695064979558165,2.0312602548024064,2.5054139499451615,3.1900208734726454,1.9789177627530579,2.7125951600354634,3.6277592686499505,1.9302788939620905,2.642399487398688,3.939572193379119,1.736988784326351,2.7123507884463387,3.647389571124456,1.651207439745466,2.5130297201992513,3.3899985797131476,1.73982306429745,2.4679555668482682,3.622051877949078,1.760285235000898,2.5869277440431433,3.562305227526422,1.6150762366332043,2.499244253788129,3.032229528716412,1.6820195980546897,2.3725539785781935,3.527958680619277,1.5928266316379807,2.1808788962792045,4.130684034307173,1.665285593998148,2.8104704151030657,3.352442884400768,1.9547174636462374,2.3426943845847146,3.549288841239555,1.536156587052869,3.018133773953014,3.430206787073226,1.8242678829433652
sub-3-042,3,2.631103936737391,3.4928556245001117,1.7776579796874534,2.794651128959745,3.687097660707704,1.7243682309918393,2.6434781288361027,4.036210831949179,1.6374784440381465,2.2163003571633255,3.192979728219324,1.5466814738341645,2.0413696654528026,3.042866045175519,1.5964600637276456,2.5945352272008835,3.5662680831284828,1.5904583129712218,2.728902012203065,3.6496476300979896,1.9371962956186215,2.352416987280409,3.1821311075951435,1.7958232455448742,2.5992454955363136,3.723434013286554,1.8080644602046003,2.5276224300096466,3.5289157065205696,1.68029380519187,2.3964696681165245,2.8994854621724135,1.5959291670849476,2.585849818163949,3.8039637661826426,1.8193984982672458,2.499669642902117,3.3095505425303178,1.6730188713060672,2.3744988365558783,2.9077245043420263,1.468228306253788,2.797453444469067,4.020039773522777,1.813091146089709,2.5395325274549783,3.1099654956579887,1.6758301961712696,2.6601310645812677,3.732366756298316,1.80332165012225,2.7677222521844276,4.04402663397914,1.6392466472389826,3.054956168658557,2.9344174864571233,1.5832532831667205,2.586000045614655,3.653727258333156,1.6727546519410113,2.4607621308456036,4.11672391592139,1.6184716135857786,2.3665126873385214,3.973431182807016,1.82737290367394,2.7470490999145865,3.554843946521149,1.493601996375814,2.5652315486698654,3.0761674734808695,1.7363460598392104,2.6676125280804737,3.801117512523207,1.686141785029864,2.6846561359894645,3.246923248705788,1.8449947186201598,2.671424028494385,3.275927872759764,1.7795543965365037,2.746149817810907,3.522020858770862,1.576623105666411,2.581996044911863,3.6546862091275205,1.5754970824076344,2.368624091010956,3.6460542557196707,1.823497692766252,2.9369563225937814,3.6864034542588757,1.5186377448535924,2.917161036898504,3.7953964014342363,1.3992093317497325,2.3645477977916602,3.3623636421466174,1.8257147288242184,2.121698106404777,3.466648523495798,1.8171573283183207,2.0398597652083597,3.709092357400742,1.8300415177837812,2.397602543421309,3.177079564867853,1.5706559666263211,2.069022380835228,3.408666829646204,1.7329394383629453,2.33051937648724,3.7721738831163596,1.7153850770983046,2.246803194667621,3.167440934392391,1.7114565922033589,2.782300923454059,3.3858947801081167,1.8141547656342434,2.6889649424090525,3.6170037707556273,1.9515581291159767,2.0692318589138834,3.1619664717896536,1.4834560935456245,2.6805038960533873,3.4237038458701323,1.5956376291579721,2.849366572814017,4.006661627937011,1.6506960640607629,2.3038665473928703,4.021784886097707,1.770609580661968,2.625730027610326,3.5294002826867605,1.5799523406948635,2.4756086179310346,3.6897616118825853,1.6328659459198753,2.6279370350852793,3.5037423616039125,1.5414669528497762,2.841803515705107,3.666329219717347,1.74959715138495,2.649903819745691,2.9979903215672667,1.6260230596919576,2.2750859027231685,3.534912141541569,1.7488868306650598,2.5754409884845204,3.830004962934069,1.4753971678696476,2.406134824973361,3.616017439854213,1.739590498587272,2.313222468080788,3.8350283630342052,1.931483318372762,2.6266056613098834,3.0774600084032846,1.7239587868082757,2.611261661864891,3.4238841514169582,1.9020866942121653,2.529131041085223,4.089271859135817,1.8174675821800303,2.5996944233931667,3.7577196675201177,1.9296327909697646,2.711829363139881,3.4787661953285274,1.6010119599113941,2.348020679292339,2.816598649241111,1.7261350070446229,2.480219465138598,3.4064440088132555,1.8543286301500317,2.5298269480862547,4.030629021508853,1.614035025269121,2.375228790764287,3.1478618151818356,1.8084126586546447,2.7572674900494114,3.333569429047558,1.5404025946809659,2.8254497199709494,3.0938874735116517,1.8515330266800039,2.447223355141888,3.6111866999908524,1.8615382583480937,2.6357261141437363,3.417328302419072,1.909414589182118,2.6020382492873364,4.531102661675019,1.444226799901209
sub-3-043,3,2.240413144817463,3.778392959021443,1.6952373250901744,2.692669691156389,3.1924533508346937,1.7081199123820965,2.6323171466009097,3.3477609637597907,1.7347744558764893,2.3049252874419257,3.610550400281529,1.916817203655581,1.977235966386762,2.9165730636750036,1.7784881595556241,2.313185194308697,3.7353682739730254,1.708302272891965,2.4747920502910388,3.910626951841677,1.8392221712625538,2.250348813092536,2.6772533748077407,1.7068380574601572,2.357245213352578,3.4380130542156255,1.7011001102644279,2.8915099178204944,3.4290922237742203,1.4865842245920504,2.8145358674982335,3.7032050201995017,1.814446370740749,2.817915240635253,3.9824984776172347,1.5662398904225698,2.2996218445064907,3.73589138818608,1.6606299024789402,2.519079959454623,3.1859325699883287,1.7875844923681488,2.6223836112859455,3.4564605357385965,1.491748662854671,2.767647005185161,3.5715972623074537,1.8676765595234361,2.171457745881678,3.5159104828297183,1.5924651787000381,2.556506511664437,3.7640989583252242,1.755492104929494,2.5532620021356665,3.503578521808326,1.4660352233439933,2.386817750313372,3.8139605124716707,1.6241694752214724,2.755275428058586,3.731383861934545,1.8318807665551398,2.6099245901633727,3.377917694688739,1.677327190977184,2.6652694621056057,2.904828045204607,1.886566458894171,2.4599785002239143,3.475840435423419,1.688350619068269,2.542830135582746,3.1321803284637078,1.722758755051844,2.65698563376018,2.9275535768090934,1.5048821363581537,2.7112557641332433,3.6987432003474385,1.7448111852936166,2.427213342850979,3.700371530872819,1.5195648963716328,2.5252795122660396,3.134181977668393,1.675699708576767,2.364529642973037,3.711627041026871,1.7649772746177672,2.4472963955548663,3.805283780612369,1.5565526964896526,2.5436487956757445,3.3278500283053027,1.8113557652066723,2.665819642006442,3.8645478310532893,1.7124476672865943,2.0172725835128427,3.3793568284744,1.9347889558014333,2.4915009643974146,2.9630898616318584,1.7673997781569373,2.6443306870220717,3.2963842860127652,1.662987634236171,2.3974867313177732,3.646319515752513,1.7084899174950765,2.3401604705635055,3.4973277283777806,1.590046344144924,2.462990924883176,3.5302353652983545,1.5816580984109354,2.564591547827032,3.783857343822634,1.6739584415912647,2.6865106544034276,3.9136681162698967,1.6263676901226056,2.496306118165474,3.6594327293416375,1.637283820357139,2.470095839659155,3.5661112306644016,1.6633248656183295,2.4073010659313185,3.6490370546915645,1.5464713551011542,2.4890601738024936,3.408887525733975,1.4952110814843584,2.6685249641607958,3.436065348679379,1.8948264965141584,2.5059624594828116,3.3861533508532347,1.5643035927728708,2.5570252570852725,3.5125099050175916,1.8112650102850247,2.5620634182600006,4.0862969547552765,1.7684325896181128,2.3723693427799057,3.1999866239696266,1.780219620326857,2.366700939377936,3.666556427671384,1.8343458567509627,2.71555359171192,3.2566275699368123,1.8382206762421296,2.6080660629029735,3.329796102999918,1.676089828125143,2.634830356712562,3.3116016926091705,1.7452789178634498,2.8102083507370836,3.769935716499696,1.7122979290271592,2.592145669562612,3.349342377357715,1.6235155389149503,2.273304666809385,3.5703107216343684,1.802374764739513,2.537248172577051,3.2543492253624127,1.7099192713291773,2.791517622205716,3.751434863186118,1.6955788454110536,2.9185374723143487,4.255640757169163,1.6279786078194611,2.5057407417293454,3.694132763787653,1.5630535449293974,2.7028441620225685,3.528410954169214,1.755745773423038,2.446421188008181,3.2794430600550446,1.4021801801126719,2.817260561362374,3.7636050040531353,1.8010038509388653,2.612698707158306,2.8548162325830577,1.587334823746988,2.5039054283456035,3.197223021297752,1.4459717067596423,2.374074687126244,3.5137600256072736,1.707409847227985,2.7133541101087895,4.077690316250035,1.8028642280146991
sub-3-044,3,2.5184010569057174,4.004091423377273,1.4627095358102147,2.175808242248957,3.2517174451258852,1.8218281171847455,2.580340845363974,3.184069362449754,1.5909358196907673,2.326532969911628,3.1523776452287717,1.9326586662126926,2.174181705624943,3.7754829847292957,1.4664978432256808,2.638402502381057,3.563583144888637,1.831952235949848,2.5958187308665246,3.7758233501162923,1.7831296418764693,2.003571059815292,3.485160134039669,1.584535145388649,2.410190475751291,3.694313777476227,1.8382337821710832,2.4629582704244393,3.401841822875061,1.4919319548023005,2.2251491169893813,3.432153676828513,1.8188081723221319,2.44681217500678,3.8997822258864443,1.6692389012252253,2.5138183214777663,3.4190543210495976,1.847238886069653,2.3773960973453385,3.4638911531488352,1.6178942070820386,2.448917753098498,3.509843216453933,1.6830015063826884,2.739300833757724,3.496983223944038,1.7832508617473506,2.5810959263811,3.893052520058649,1.6546422546870447,2.496077149157848,3.7086108045774164,1.6525995737211325,2.639710503253838,4.154616033550305,1.5531571005950129,2.8257006839499055,3.362182144073065,1.9006517991516128,2.6734882539406355,3.6680917446083434,1.6773555279258319,2.504909411521829,3.2978378775883606,1.7009414062244714,2.5168959396724757,3.5534851108713847,1.4884017347693044,2.554076121568598,3.85354283596737,1.8416072802025105,2.5541403197532007,4.217477068622996,1.6133970042619012,2.534399032292645,3.093855800848359,1.6394547032586084,2.8718065432860564,3.3976652689785327,1.470825321026596,2.7069597989930347,3.6089788678184584,1.8245969099037975,2.496530805916283,3.2180053179113406,1.6724565045346667,2.6498720975492196,3.4797484567785206,1.7581932759923247,2.453372708188337,3.619027028100681,1.6995479093059602,2.4229426950858226,3.5391860434252496,1.6419961781082875,2.661089604218135,3.7444839351450376,1.775230668732806,2.255702265922659,3.2298641889464457,1.6045134700339585,2.4066634720204627,3.3480028470014056,1.838787271110125,2.675757798936998,3.381321627673744,1.788769048998747,2.6091915694437864,3.49079953291892,1.8722337053907547,2.4309666646637864,3.514772670433758,1.5423709846496896,2.0194726981384266,2.8989857930314984,1.452121427330315,2.564958101007987,3.4153044298122603,1.6595193064390126,2.4961506387254637,3.9963679350164485,1.5294229776804307,1.976063202448167,3.043281674079438,1.5892157748032514,2.6426588362656696,3.673204531887931,1.8416957474554683,2.530517004112405,3.3890300864260947,1.9450191042428455,2.0488424921496255,3.5175725262843613,1.7645010416740914,2.8872631204278445,3.035041471880531,1.6369793542355966,2.305630163799889,2.996482617078644,1.6693211461060364,2.699956876370233,3.8376714847327085,1.6202190788578639,2.669974723295686,3.4446387644670464,1.7834860668683776,2.7578055445786602,3.4456154769822094,1.861546157363751,2.3316550881862175,3.6838229447513298,1.8550509909182726,2.7174376571921615,3.168194032549141,1.6691283500841974,2.6043915234401425,3.62405468331239,1.7173813924051842,2.8072535307752724,3.137219117012375,1.6639623749025245,2.246201021992998,3.6739496668570903,1.7831929171160426,3.1527486058289265,3.787380704348033,1.7497047711730032,2.5958811136212905,3.4113489450245953,1.7195731540946766,2.599724813086898,2.9498673853662845,1.7295370385760498,2.5681817223074535,3.991123717483323,1.6802492360296273,2.412201836310685,3.5751889829823904,1.7111522107821957,2.526491887837796,3.1418831329769494,1.6765970751785981,2.4457454629978774,3.4393851803045474,1.8098229834786648,2.4285874189357455,3.438054904760128,1.7811807450412234,2.5015075888579617,4.230572076415857,1.7373299751369582,2.326458534190349,3.2649952319385993,1.5590097817118997,2.4014952684571744,3.6503538731014373,1.5340235815548855,2.4903829638596586,3.8199691343129913,1.622034176817161,2.6708675813057337,3.0287683289331073,1.6444077418814012
sub-3-045,3,2.3905298302606566,3.5839358678458435,1.5447832808436952,2.9225382384393104,3.0409722296562443,1.8703671715818113,2.7080898754087643,3.586761123828401,1.7081649880267986,2.8838925607181833,4.191869889035142,1.6689099967590826,2.2283984872811455,3.1253279390291735,1.4246068903112963,2.6333602957676234,3.569894272835905,1.4584668070422433,2.6320803573341394,3.5792791588556803,1.609813296868761,2.0800259210418104,3.398658334874858,1.8413322482770966,2.6217112133379725,3.718535590350773,1.575170540954021,2.4754309698762884,3.670244696408094,1.4962482673026403,2.5872963056946316,3.638158449295288,1.6942198850057637,2.607486965838888,3.516189557379456,1.6066757595908254,2.337940782075805,3.4747122621965842,1.8956759005090402,2.7343885315668826,3.403306957259224,1.6450843342054544,2.4708517699013433,3.3769165166270394,1.7431624134653285,2.7403466511659524,4.133586585790267,1.5755228719220995,2.6672124624445392,3.651853632841695,1.6505380370784433,2.365318335170485,3.5771044671165106,2.017981968031259,2.598428478813353,3.2795751500071315,1.6764100537025237,2.3447686751204766,3.505182880050114,1.8025112041500173,2.4253319847748807,2.588429190313242,1.7415321609143364,2.4597205391472636,3.2898124462603504,1.586104759495302,2.6220453466254323,3.385786344548595,1.8395668448630613,2.721441300079432,3.4242230386351893,1.6218701037485344,2.572987530966581,3.4592899090953857,1.4371229462941058,2.8945386753706353,3.700014009274969,1.630477243770812,2.2050510218629267,3.449479078620723,1.611803476994696,2.5390968234461666,2.894116264401689,1.629163003716942,2.4759620575606194,3.446162922744126,1.664568847838781,2.559405149917092,3.9259296659741363,1.6227478719129453,2.385991567944313,3.016347454029377,1.6233333264249454,2.2977748336860864,3.768826962490332,1.685584125404783,2.719103697301174,3.9103951758060265,1.570241319903876,2.487475243173574,3.8728723044304,1.7283826369065651,2.6438717886596206,3.7892337200115302,1.8344771980496055,2.6238647195923868,3.890981215849838,1.6897618537117824,2.6434945916864128,3.4505076187814874,1.853082750361115,2.423862365174271,3.0288002253377186,1.7982387181130224,2.0163750641444715,2.9666120549247474,1.7897394901720605,2.723930319214411,3.404099795363317,1.243180530907882,2.645983225063402,3.685501364317787,1.7775217002295454,2.2847536283614978,3.229211031799127,1.5384296284348615,2.350890863469662,3.304728930807697,1.7482226989912757,2.6108268511611024,3.7211508737443553,1.489035311694482,2.2513393839545865,3.39368256852386,1.547007853183199,2.583477742167815,3.1332345470888283,1.8770348213885095,2.402029135480874,3.9459487875638577,1.7786452775767794,2.3600582309980496,4.08652860429907,1.7398178471926269,2.579901493110376,3.4817406253355356,1.769982998290542,2.6445757100650735,3.257807293477772,1.6679672824204572,2.5708261723950856,3.66316733010311,1.7899533915595962,2.579617522951313,3.3459095724257018,1.6097612134270645,2.335532087458574,3.665928326026522,1.6076034358829039,2.5154841904438934,3.5665682939536953,1.7005901252341538,2.548989962988821,3.246610662592564,1.740329383758064,2.4936908416629766,3.4758078747120837,1.873695273659899,2.6409572749079655,3.340174430475765,1.6776629111615295,2.837898642812431,3.41393291345075,1.7059821864765001,2.669546202358343,3.560253616612959,1.6440772822029486,2.4161842987935374,3.4971722963146994,1.7987029016545815,2.787762037195521,3.0897008556413885,1.9644176491244856,2.498086370509689,3.7589514671115714,1.5893697084186753,2.2600489035314193,3.1323750723763286,1.6503564875442402,2.6443367674628155,3.5087338879535364,1.6624648054012041,2.7512441973356796,3.500556029897124,1.7419677005440857,3.1099849179307024,3.497749218133508,1.5956232330700653,2.6365727581380303,3.7055449059678685,1.7451475187421346,2.57824424320849,3.9150246695442084,1.9035870818413443
sub-3-046,3,2.5289217926198453,3.3198215226708387,1.7643804264719354,2.433137995563279,3.7478452670707143,1.7636084414340358,3.0306055869254043,3.9125231307551775,1.5381889253039938,2.4566180373103106,2.9640939063669283,1.37933797900289,2.220488836116656,2.946132562238332,1.84617785974438,2.758424782143381,3.4239815586016213,1.6507531339486425,2.817367132221722,3.980090041850055,1.5601103138059194,2.008987034889338,3.1956944788232677,1.664678755805931,2.457539101859535,3.626619965965357,1.9925447958167535,2.2969143845104374,3.3752107535824822,1.4919512126758108,2.399414733852861,3.417490582202913,1.5909183252858696,2.6435959619426406,3.5422677592746994,1.744852862094765,2.4947943996661217,3.4399097635814626,1.6473964178599854,2.5052416086081077,3.617322607137981,1.411476397166215,2.601829438775666,3.256755442197411,1.6491713539851767,2.26892407826937,3.399571922659751,1.7416826049677556,2.6322751842542864,3.167827175082972,1.7613257926911179,2.755159699613442,3.361766788925215,1.7001369672584625,2.177661618088374,3.248830464420656,1.7405780325797207,2.721984132757067,3.332202218582731,2.1004079107635154,2.6065001352362698,3.143460074788834,1.8930774066866052,2.3244702364234664,3.5919595671114033,1.5606138405957677,2.3056617991156143,3.7694026130722436,1.661033455483091,2.8606209698208453,3.2149785953565146,1.4660538947538875,2.463660212835763,4.309342463925234,1.8250873411050585,2.649700742472582,3.6643429788436555,1.6272734837507394,3.0412830492657417,3.628263918697557,1.754647442537795,2.7272753309124305,3.143491897378827,1.5680979621262705,2.50580749977133,3.777571901161369,1.5052920480892757,2.537876204573371,3.441522134297492,1.4638421288561465,2.45839230497876,3.65183059308845,1.4775095531462772,2.804040226867613,3.6310527079210937,1.751900997699711,2.551473854031013,3.1941498475394,1.6025454724436474,2.6151338483412814,3.317536542746138,1.728312361011418,2.388201362535927,3.6264003756410235,1.7789120896993855,2.2570160419380594,3.518846390220276,1.4717498108164482,2.2150126241297934,3.3337101698565355,2.1195376343268975,2.689569831544484,3.8897891322239606,1.791262480778554,2.2369798091745086,3.5307096526856157,1.5040642947006224,2.6346926310115393,3.829587387478954,1.8049132583014664,2.7737003937066,3.5511280446960254,1.95381209777458,2.162518284312887,3.8729538804024695,1.6860411133591229,2.4808896739511845,3.1698435484437457,1.5788013450394156,2.3773149000738183,3.475158622213269,1.5089062496430201,2.7826965207649055,3.531002404833212,1.7105224518286541,2.3402303707504895,3.2846694429946335,1.366944898238198,2.841204925285943,3.1030393397472382,1.4987144385401225,2.8043712105729677,3.608518104469527,1.718110518119012,2.6112483255705694,3.767092104513127,1.7149812975115462,2.272163746076791,3.705293164265155,1.7633515814964928,2.7608796025416815,3.150252318226864,1.5905987153621493,2.620575999248553,3.235536761368259,1.3470736245641353,2.585519504172636,3.7506021372680656,1.6806602268587645,2.6486643229058013,3.6129429040090075,1.7015743036394044,2.5744733682054752,3.877758671358945,1.5553624135409554,2.6891480662123786,3.1693542275775752,1.5807829681002166,2.7652651166507605,3.1612472093306967,1.663761312838393,2.9750424789949155,3.787154184887071,1.5894242055593808,2.4481514549951546,3.4523674841086067,1.8967916346558713,2.369703514261371,3.2025926962768754,1.807002958531914,2.247395345890014,3.244898397257699,1.687236652763658,2.5439123618439115,3.117906428868581,1.753061059870097,2.649677705027876,3.314502988709442,1.9491135967049675,2.6111290923025914,3.218639487512153,1.9431170819424257,2.4558016106519367,3.55008457001033,1.6269828165200855,2.662347557916793,3.3651720794148905,1.6368715528184445,2.521204024436776,3.359453928597195,1.8607721882676962,2.323597210297694,3.4895986506392886,1.7134197603846535
sub-3-047,3,2.5275658292530974,3.771123614552008,1.4744078008745125,2.652225103839893,3.1514133705575875,1.6236835220699881,2.3074157737485343,3.407014470924428,1.6132683086030024,2.8448889235453247,3.5675825927703175,1.7659679030218853,2.000649357862058,3.4872215915960147,1.8457338970564208,2.7065836503419187,3.132636478994771,1.630378722081288,2.5695282199970726,3.3383943107719443,2.07994862798912,2.113190242462861,3.2678616217980663,1.5099658018736106,2.591703068492119,3.887058004486206,1.7172283179165637,2.510577614139176,3.1993050750511522,1.8813254552551062,2.5241350911455123,3.4477250402915502,1.349159422902675,2.527101011843378,3.387690606337614,1.4260993384440457,2.7281300574380087,3.350132122616457,1.984335331656497,2.8045994771440306,3.2984269889898776,1.9053970478406408,2.839897595006262,3.3434700444538707,1.5451009835823841,2.1620361577748834,3.6065236477451252,1.5540011191260092,2.623888726954162,3.341001724295643,1.5830402613417065,2.448931577214236,3.136051262548896,1.6157070079433609,2.4174097195972557,3.4960364212606536,1.715638712927801,2.3571884842070014,3.808225453370784,1.6760647049312658,2.8204390829923196,3.5675030442761004,1.7103656058280792,2.461623941905259,3.672155029779857,1.7050350126742522,2.704523827642137,3.949305471316369,1.5909720697729794,2.6604234441008257,3.6638325293963243,1.7687167862388264,2.47202414765499,3.3843694092837238,1.6124176744551484,2.441330929016568,3.264765149533312,1.6843254071372653,2.413592696283977,3.6219802342768928,1.7085431134240316,2.5804420640197114,3.423423045352078,1.7103347440450607,2.5054819539238453,3.7182720623350307,1.633641608107686,2.6175944043724884,3.1342161357500546,1.8068112247907782,2.4493330397999507,3.2445640086134846,1.529180054966644,2.3307741396126684,3.3651880270049475,1.924794154211016,2.4342018857677443,2.881432068927621,1.7548199429833022,2.349433822338726,3.7281461220913457,1.6368384861759402,2.5006785568330887,3.8352470390794724,1.7926594266152587,2.325652130938862,3.192207595232292,1.432470508960154,3.0185797732538497,3.25844196017081,1.8754719477090922,2.454190578185915,3.1976404467722976,1.7032341164114992,2.1412004460441816,3.504524911173826,1.7221575871871873,2.44377461659183,3.096812763051849,1.5204253924772833,2.1391575666064226,3.4231513003556358,1.698229947726395,1.9942909746980593,2.92617768985842,1.597587418240665,2.4362481632652493,3.4403798925118783,1.6449162726531283,2.5947714433289435,3.341721875175407,1.6266883695551129,2.2112762189110264,3.485906882063365,1.713303773359645,2.5180140990760456,4.035313531342382,1.7244168053537603,2.5218341217737423,3.639760591280773,2.016929530650159,2.5954901479096635,2.8774246617883263,1.76480878279618,2.3917376232516125,2.9617069479739975,1.9546341870620734,2.8166603700591093,3.246550294145166,1.565205332165134,2.5788300981443544,3.2521499242979157,1.6797389534516458,2.421627235925873,3.387887352048469,1.4893467206980617,2.698841698941783,3.837060931087951,1.684969401623984,2.5434763493026655,3.6761639652177256,1.7002851717258358,2.861321492790013,3.1314184002144043,1.8291412939522762,2.5294435742816654,3.1860605017702506,2.0370633114318593,2.9793360670528437,3.441796417520217,1.7667088022063384,2.46518647274875,3.413117444081945,1.5301251220322716,2.3195528056116395,4.016361992138372,1.6941848174245577,2.5591052868404565,3.2730548985804075,1.7284955303409586,2.2793170490671555,3.2833532025061474,1.5200337932024184,2.7827191413700536,3.037468458156161,1.523117675416824,2.181433931133185,3.250796547040593,1.6310718528630244,2.7260004678706395,3.4378406049484687,1.6384119636752055,2.6039834622560964,3.3759871255934835,2.0614861794036328,2.4436193838128455,3.6158392991195387,1.823968367503347,2.4384514792360545,3.546304253139579,1.6248731822356466,2.599323745430404,3.5282587734955086,1.678957551446178
sub-3-048,3,2.3419985598355106,4.021834543217921,1.7879598857263643,2.2640452765425585,3.3822965147987714,1.4645905956340335,2.687174645888087,3.493900843307229,1.700611666274407,2.398373899302874,3.411642083846121,1.8180776150919427,2.3900497873325994,3.516997913584535,1.3671749703225848,2.516499115221956,3.5709277680378664,1.5897836615973107,2.251377169156318,3.1397434470494154,1.9249662153053653,1.985536951358918,3.293316995551328,1.5765497507484099,2.522319298008358,3.4104387892910615,1.8183705520176543,2.5564103254293578,3.324816695212332,1.7077015736352794,2.3200420505141466,3.6332644872310897,1.5978549724495725,2.4377931925014553,3.643653310382671,1.6389026128089865,2.4868170921788635,3.826936465888111,1.554021839964165,2.6397093003082945,3.765866727649874,1.8750345798457468,2.941773603391607,3.3202007332261148,1.5698096250057303,2.697098781253651,3.76326751188286,1.581389802836385,2.6372648084213304,4.262777920995753,1.7156996609459696,2.716229784884677,3.94148646796798,2.075561922440578,2.5942259336332216,3.8508493928381546,1.5817258825608635,2.554478570005265,3.374993307028061,1.4171988999275937,2.2614539208919893,3.6204091203921993,1.7674533388974378,2.3625068555892517,3.9360679013969295,1.533502760433195,2.5963084127115246,3.3837329519433146,1.716042203632643,2.7117359879903136,3.712055764566983,1.8061763395657182,2.6544280129350084,3.143631556312024,1.870179444687451,2.359148071122619,3.4703104542820045,1.647300961799681,2.6130221926720925,3.364279731014849,1.6762234080777254,2.8413962468956866,3.137329055508517,1.6996300352447782,2.349457110431834,3.6888178990786464,1.59099067812846,2.556936559245318,3.129093818497876,1.8937309746792257,2.563102185046019,3.5385743440313955,1.8243592431520064,2.324746465272557,3.3277937535509694,1.725508124236972,2.2328420982225206,3.0367045281460694,1.5768106511816244,2.344620424257249,3.403718262862259,1.7783648212408316,2.6849784588755212,4.006634981561893,1.6966063334065427,2.5777845837063142,3.493033442601939,1.748040239700974,2.6217061334984653,3.758192972654695,1.8377312377406545,2.6434853891122705,3.9228483900630673,1.7040135589458283,2.0899178141264354,3.1545473854154085,1.5841247729586638,2.3549456854140756,3.3282570828771254,1.529024355739726,2.611912847094294,3.5990699077558816,1.4346627459811454,2.0822652142163878,3.791052876857673,1.6944670011714256,2.631780570548135,3.3140090879747572,1.7430923831058849,2.5473882146901494,3.2769110197699423,1.625931577238991,2.465174384627061,3.083171486918303,1.5014649101304727,2.5140956190467416,3.2625605344127364,1.6548622795305912,2.2609824885078256,3.724371281981718,2.0120719162280545,2.734931207910189,3.8165497146448923,1.7939183747001013,2.5978054514062996,3.5242264121848854,1.562821008057669,2.6742100369849617,3.676598365761145,1.6305485620577362,2.6446807349239734,3.305695315920587,1.6054616947057316,2.6895189628352996,3.620547681394528,1.665208349489504,2.4874200921367384,3.5489363698057157,1.424689917690268,2.413601504787438,3.145769448355568,1.7017779601490275,2.7459513229192005,3.63360444145383,1.623275304784002,2.422812568119303,3.288917408510046,1.9999425685332302,2.5622512133716793,3.5559302632808776,1.3833305561137925,2.337431054809136,3.4876304730763663,1.6252756895648197,2.573950454439539,3.533566083884261,1.7900678370530552,2.213550904534891,3.1905359966941,1.6850581508083058,2.4334674225029964,3.4131222759730355,1.716354113201504,2.415912053312733,3.5538356343261315,1.7815976797017157,2.561714232257636,3.701803778208531,1.3740587924481327,2.4445137085121793,3.7498526544930098,1.5703470390544219,2.369989369263924,3.464644906826508,1.6974021453835122,2.4537545526769637,4.016200673656824,1.7429736130704336,2.3874810813992906,3.0969379173788227,1.7608364813003703,2.383215826354398,4.102733404675531,1.7641914206357592
sub-3-049,3,2.650794954847048,3.5696324071908676,1.8682354153860197,2.1188372350008007,3.1630843904850874,1.8551207010523199,2.8201043841308393,3.1541210326701266,1.4272053250936676,2.5801539216630553,3.63591547725074,1.722107356576713,2.1892667663299896,2.761480586389954,1.543748479137381,2.5093378144219507,3.346492743576305,1.412189235965947,2.6552525759984613,3.7424134948446435,1.580803315895828,2.1665251105365466,3.1408647683783175,1.5269211600339598,2.638769859409219,3.644849306547997,1.8612156856906314,2.7397072236040976,3.451894293897978,2.126315665416919,2.828991352409178,3.3157208177775535,1.7189898179888314,2.1925536007355317,3.5076321371915427,1.9510542143848792,3.050634804666286,3.466042010937912,1.7502323577549508,2.658956165201888,4.054317000026554,1.552553849300368,3.027992348769484,3.4112198717050295,1.5244769091619197,2.4932529832939534,3.2733105984050153,1.7628883537437692,2.2525690552258926,3.539659210657054,1.7995953409029664,2.816910118651721,3.6905697045334946,1.9131911718497512,2.4409798189125187,3.6103732717483603,1.3656159508308352,2.5294821674065373,3.608290359074686,1.7715848813901645,2.266666109142182,3.3907535449478123,1.6623859248713773,2.4727664826616174,3.7030016370590744,1.6674758848102458,2.5678788529077434,3.3629065122047295,1.8597236662760126,2.755062153536664,3.4136643115570937,2.1275883849803368,2.4120339964080526,3.782015135886472,1.5573498988118946,2.68914436468732,3.6946011181706004,1.5482392823972282,2.5264914663889986,4.022967044982069,1.5778547644627823,2.6223358776812344,3.5939354881597936,1.6936575568147283,2.2383965302426456,3.7320150096077263,1.701742442280263,2.748692221086488,3.564892269456789,1.709670384739539,2.6170573858747264,3.2234913719558196,1.9337159340903018,2.482425418298789,3.398482770403677,1.8938444475877907,2.5945215951912113,3.433793991097109,1.7620730140329954,2.6626771341527906,3.4668649045117577,1.838349512752214,2.3213002134610594,3.5733067409353776,1.8200404526234537,2.661923118891147,2.872506151851227,1.681011116669423,2.3314733557454312,3.8600160772143566,1.6413989147005068,2.7614466934571635,3.159227724309269,1.7585964176097808,2.2014293083698453,4.053939392815581,1.7766891531442228,2.7504991685947435,4.067786167752294,1.742565138689872,2.5320888730112916,3.4402133136739868,1.7491724986506731,1.7013779287256603,3.280651338158347,1.6340187305702412,2.5219469140701847,3.0713458931065625,1.677524512107983,2.2739341423329438,3.9966521670590818,1.6613974700797878,2.178713270426476,3.4421769335603996,1.8343097579730898,2.5816940533226624,3.2441202990462616,1.5982627722737108,2.498367495946734,3.3768942401593014,1.5110650787820714,2.5378324054229453,3.1265544143308635,1.842356726882354,2.7427990528019297,3.2191075177146593,1.5925034130367346,2.4738599756759245,3.4911750175920635,1.7385271615148166,2.6333494888514495,3.6231221212109133,1.9330798329256007,2.560865531817274,3.135305175966872,1.45862278477404,2.844441637496771,3.6427036431660045,1.7309678497196446,2.6308220603117176,3.544875298966974,1.7649783354676418,2.4829340846597177,3.795455045098487,1.621270213311594,2.3874083187016044,3.026563500835449,1.6643412936520867,2.7781504610524794,3.3719419601032348,1.4932178187524328,2.6012690560145835,3.3177010170432912,1.9322400644340698,2.743427597774385,3.144149457435131,1.673915789717166,2.4140511581579647,3.1750587158972867,1.6916098262285286,2.6972818974862216,3.477121959405932,1.6225773122529354,2.1528774270856035,3.3135717104767632,1.7827707142171199,2.3084506323050573,3.859117393018302,1.6124547707229886,2.584869567596327,3.3882410364661393,1.5235524889367467,2.629253289854696,3.3325564430894934,1.575045325394268,2.1222931309168613,3.8647522965248937,1.7009223122463468,2.7491824897599138,3.6736538739588767,1.8659648627262886,2.448453933245494,3.115712428667705,1.8144039313120806
sub-3-050,3,2.573435773859829,3.3694174127822794,1.8114070111612983,2.605463507110402,3.678902772757702,1.5466408353793577,2.7259709631593196,3.498703410720504,1.8627305257281295,2.7242855976838367,3.692163437915369,1.6833310683286709,2.3277224601618496,3.5910199550160766,1.6910099298075205,2.5864675222362714,3.6993176764075932,1.6211443256869298,2.822518118970489,3.0290883323673907,1.705160408121717,2.126927574653563,3.1005503258683875,1.6457794000247434,2.347414390958793,4.102541015584847,1.4971841842518356,2.3787717558146224,3.207208581463637,1.7297747174639502,2.7326179390916687,3.6472819335235305,1.920851643826098,2.401091751823457,3.684442009507547,1.654469504628677,2.591053341781183,3.8104307060155627,1.4461594522601962,2.908381541430419,3.4593316805268852,1.4590058739196132,2.425287447315401,3.528645464978496,1.596038592882853,2.181379268908646,3.527103737304762,1.5917375654702774,2.6672051913933332,3.2008515390506616,2.0392294327282308,2.64245323417182,3.555102444159766,1.7934685124794651,2.2221277795535057,3.3608517301831635,1.9674531156073374,2.492376115683846,3.4824087711489153,1.6300250776731717,2.8136114512732826,3.431502396028223,1.512224704814366,3.014186722059267,3.1149934368000665,1.6853929655806257,2.3984770254123142,3.3035516974319776,1.541025133007503,2.452801411034567,3.7755293105975674,1.414702066664922,2.7769453648597993,3.8047514586768334,1.7763588864512232,2.5727106859626505,3.57745897371059,1.9135118645415208,2.2357587477937173,3.70364111315386,1.588074207008577,2.6986345539880876,3.328191903388857,1.806030494246789,2.27127263968902,3.026079441991409,1.6830405739394634,2.8083954047264172,3.650159637927671,1.7793671694082376,2.704834886431624,3.3888466036299114,1.7916123290953916,2.4456588647820747,3.4120758221329033,1.67152257402593,2.4518050122778727,3.481505847381898,1.661816285115341,2.422620303328429,3.4606315212931356,1.7232899131842987,2.3520244278821996,3.616887794915681,1.6259479821509484,2.585676679414347,3.3137167727995345,1.857574310500302,2.7221008278934296,3.2061711437605487,1.7787498754852182,2.810328880358247,3.23450996060041,1.569656846096286,2.332310701322975,2.913990026899499,1.4833730586261824,2.3673602577621837,3.709295602541427,1.5961355361826621,2.498771387131186,3.290469213158421,1.8722770251063299,2.0453103474638685,2.885871984418194,1.3829811458976238,2.67485873422527,3.7144422354192113,1.8872831836177404,2.3230248030097935,3.4352605996544643,2.064094911145923,2.495583009301982,3.3422455827775734,1.6968485419284398,2.6453911392388054,3.6437053018807593,1.6078353166442183,2.444693647916846,3.4169911837129465,1.5904870034343759,2.3277426462614925,4.006226425217373,1.6389613078661458,2.486956228882202,3.4106557509408657,1.6879234999486061,2.6282567585149104,3.3697462949756485,1.8709030294072255,2.6576068582631676,3.446548389025219,1.6000648064755354,2.7452867764788986,3.4546281874324203,1.5135873124468984,2.7337916141930245,3.2966280344443004,1.830275116374991,2.0974318193616748,3.3967744968525855,1.873995290110407,2.550923531417325,3.6674778805392325,1.5647103894924093,2.6125869408262528,3.50105063475737,1.736500109760302,2.917070382748203,3.8652850982916735,1.8187990017695412,2.6948314453629,3.2454363586483654,1.6293156370413198,2.2741352871044405,3.1445160985332814,1.5670199263013247,2.5447575751320253,3.156997564752417,1.6941244720119473,2.5222746885372427,3.1824159396032927,1.9288380296795664,2.3115853737044136,3.8128509478543546,1.361858566718165,2.5243980215567867,3.1646650467485324,1.6018317923607512,2.875827801996583,3.402849068622261,1.5343176804397114,2.6377744561253857,3.4003908635105278,1.722606975128723,2.3853981798590866,3.2577393990224386,1.5818478797280475,2.6937179656431134,3.436487669337603,1.5427609634663724,2.579127504348471,3.5222542657872333,1.786040419706199
sub-3-051,3,2.4632757780372074,3.4782799769647745,1.7632517951185043,2.3683164555313887,3.7481424013770424,1.7024665442307851,2.3518176936427473,3.189641754365229,1.6850902151093319,2.4509593541272694,3.711289854148543,1.6569872131229193,2.25454838149878,3.042386087403939,1.5965506035842412,2.786796470206845,3.458524078217015,1.6170553754107746,2.3945151089966554,3.4947442516329876,1.91139721522118,1.9545530026739766,3.2660230478348664,1.3429192141603294,2.4761240021385436,3.573575421909563,1.4629437379860577,2.4699342815761014,3.5813454487813634,1.719670713701215,2.611012488099793,3.2271129417334046,1.7435161555652448,2.4419985192227083,3.6999282176233534,1.3534022990488934,2.4978703118894168,3.527685586553089,1.9024148075844893,2.5656234669707256,3.5527200104704133,1.75632353427243,2.7755556960987593,3.3930695645906837,1.4895348508433495,2.262981490297595,3.685974672858829,1.7334810491368444,2.5038583555607468,3.3358935507571372,1.7271249057556426,2.5877501808121925,3.6343523462540395,1.533699960434746,2.232424998052314,3.244212473961887,1.4973306711006273,2.297473331788995,3.9395261778276867,1.359949703981128,2.6345468477649248,3.7539595000604664,1.848119695113463,2.5999017631155623,3.8695747148110424,1.9675099596381773,2.4955984111633347,3.625292076078776,1.8913691123531975,2.3948473283528746,3.4314257861209416,1.6061267640831047,2.6329760357317586,2.9685322090662956,1.915494046919629,2.6460833815831224,3.665183528020002,1.3455028773330713,2.3627749631341137,3.917331367656667,1.6733891194373167,2.239668495701789,3.5620542042057513,1.801873715583034,2.6456686284190423,3.4578865399102794,1.870334539034507,2.4236378425433984,3.6512249290520717,1.7202526465199057,2.5260444578190584,3.3938809114443584,1.6484611409937504,2.5558056149220176,3.418038176460213,1.809960486781597,2.453522643076088,3.9391214792551446,1.6128997222257875,2.7156145405878496,3.769700722506935,1.7248793248008918,2.5638167964425302,3.295889235601427,1.6224392825535585,2.5895610473033273,3.487362032373032,1.8774626263986085,2.4681738371252417,3.389661950933962,1.4502904089254165,2.6658350154688186,3.6549012701443018,1.8465622843989826,2.3860185285284863,3.5009050310464893,1.7246673924952152,2.6598123773148776,3.71394612848508,1.4237057431784215,2.352037671883758,3.146305673103819,1.8905259516429203,2.0590672796694007,3.105598589224155,1.600998589988479,2.326137699518245,3.6065525382153973,1.3804414695936034,2.338051858153679,3.5556685326457083,1.5137545650849322,2.7838403586546656,3.5129582428174198,1.869810519884245,2.614424997153557,3.4966596644161436,1.5505156767568513,2.7172463246938543,3.6235513045214818,2.0126971853833364,2.699112066225815,3.388727166640055,1.7434132359276597,2.6259848359243843,3.8256283229456596,1.8982804940539262,2.520844446313125,3.159654098027218,1.421924207138272,2.3448810972505756,3.3343025951837766,1.9256503054235612,2.823510987994415,3.76884481516338,1.8845598310717966,2.4226693075860877,3.075711583825555,1.5490207180457878,2.183732657833116,3.1880925295140625,1.6241079535436875,2.580006662893613,3.537928030275823,1.5965545058736952,2.6524106289151357,3.312276888366735,1.7015067050960857,2.3502031964196384,3.804826847372427,1.7031251938153786,2.6721885028741306,3.1594658516064666,1.7261636256822626,2.6530200704439943,2.9277171525927663,1.8752145502405027,2.325103574859977,3.5590520603279128,1.9681554377119919,2.7218825422204223,3.082817382538807,1.6732947346129092,2.7720173562118884,3.27130299556853,1.6460180386832324,2.480181170452596,3.659610899202287,1.4694512857503887,2.6626998391603567,3.3256162299062657,1.6982994492927654,2.5095231683236436,3.6679347154259565,1.6968439768761951,2.8092781996121303,3.777040137420036,1.5807015953833101,2.79575359790918,3.5894337514361507,1.7254825019492592,2.702677629373904,3.208478387784692,1.493084259199223
sub-3-052,3,2.554489464032373,3.330235485627063,2.011057785735998,2.4124218934413335,3.5112692574110014,1.728794670943622,2.7716293487303765,3.2215229138275294,1.4581901901547203,2.8009982652905427,3.522545287559575,1.821461378395032,2.3542055026608404,3.56840240121439,1.5433204797482454,2.433191671853472,2.941048029934736,1.5507647846289403,2.561187196518306,3.3036090517642007,1.5288648706728403,2.2090758807196873,3.6560237721412823,1.5915976241251477,2.3460924736455446,3.8562789198958543,1.583882382670937,2.816286910121666,3.4263225927830407,1.715469516137085,2.8309607536077857,3.121580723811894,1.5424842092343167,2.491221366912624,3.460808987063338,2.0963104670676356,2.390148962040829,3.1348107014964035,1.5596247651297555,2.591783948282522,3.6377700137891584,1.5939369362932851,2.5537865058264235,4.044656654933789,1.7052752722791193,2.6077782041854807,4.028916699814613,1.5952961427726737,2.4125864306560936,3.3684890119027013,1.6208134223587898,2.2222176397779134,3.5386383600388918,1.7325411953376888,2.5165454610302467,3.569291835993521,1.7387163260074923,2.313092645502907,3.5808191851926843,1.7837768118097603,2.2625217363538956,3.909672486263262,1.5146305545642715,2.3451171387439964,3.5565474873209384,1.780204818617495,2.6899808348272316,3.657077853858375,1.622044547846451,2.5695410328274826,3.411332295463005,1.7261388555386978,2.5623221987290834,3.358625589318691,1.6479173125755562,2.216603221445486,3.7324364055049624,1.7446336260482875,2.1347975731111273,3.7220848752456024,1.6920458287165283,2.3813720190549508,3.2128809497777144,1.5967666746878524,2.3823254398839233,3.2767873598775643,1.9550951324534682,2.6168026789888845,4.070082889004572,1.73386079234303,2.6542678296150894,3.2534025459410394,1.6747957426331443,2.535297569195112,3.67362588470073,1.692577462887172,2.61323894851178,3.5883478055765377,1.654571349121966,2.4769756084036043,3.312681922285417,1.8623455533543074,2.495562309962686,3.592091301248989,1.6765167298016994,2.7412711307179176,2.9433354551937505,1.7454454768395133,2.3241161100525867,3.6093964198510426,1.6780180172968688,2.28389500047459,3.5945391403086755,1.7336272729487596,2.158380191664984,3.250721638300565,1.6242266623747204,2.7620796365743088,3.411988476810834,1.8519547934594793,2.543258951294667,3.8628056948650573,1.6647287497309302,2.080061641034449,2.972650578717843,1.594927676867637,2.4072288466866887,3.89325673549483,1.5693181187360032,2.4257957934957255,3.6627032705266402,1.8778687928013145,2.681588167168638,3.796431709405175,1.687967585009426,2.5380974750765395,4.063292202832407,1.9535403070811557,2.6785564250590728,3.809849830548623,1.8287798981514496,2.332924597896493,3.4888974092106344,1.9245161433522069,2.6796610520991493,3.4821948950410637,1.9263136700346224,2.61647434342717,3.7115622987213803,1.756179716865803,2.647409207678131,3.6715473667324097,1.894951111539968,2.807392173968124,3.3736944866756224,1.7533266628922641,2.7787816053385255,3.4631633674363997,1.5036655750682573,2.3864433252963453,3.264917869130608,1.6312731494477306,2.415678904383388,3.78814970330217,1.6584763874539425,2.7769983082772574,3.1835178623995684,1.6470015833617317,2.5687699236968773,3.7269852480827663,1.8715440147809168,2.453102887455966,3.7781571823544104,1.4477160764005184,2.7068396131219705,3.1245017909081674,1.766996591076914,2.753253575084212,3.7484244950344454,1.4541233134176281,2.4694981658370962,3.700741273946101,1.8032442371198547,2.5996676145741384,2.8835499693739504,1.8797073291580906,2.797726870169056,3.5458471582224136,1.7342866905126986,2.6405508684574723,3.9089239849589292,1.737583127545489,2.5155885638437776,3.6068256317752065,1.6983335183034631,2.5500449056252776,3.005559376096702,1.7784247394023178,2.7608619087790682,3.785704373855423,1.8426487203948214,2.5404595839783255,3.540789334089281,1.8787104045772358
sub-3-053,3,2.70612377276912,3.916179750916225,1.5990925331628347,2.4277879270647937,3.406880869036068,1.5585451017290395,2.312138080550769,3.631218423297076,1.760082559169087,2.594320660602261,3.5990486680354734,1.480443245683124,2.1135905526691228,3.19782883571177,1.6072759064506636,2.28724265677134,3.240218468389261,1.6345282321871097,2.740491372318135,3.5733236807773685,1.8532349293964734,2.177962395365969,3.2802768901450112,1.6748613876185696,2.518102052937885,3.3250768645921696,1.47653218650255,2.4423749085653252,3.734132431857066,1.8891011214042808,2.4108317577196803,3.0145535046484753,1.8389916310189212,2.562473760176799,3.1228268899924663,1.2333815875362966,2.376586084612037,3.370375157233269,1.5272523621694771,2.6745431459565197,3.272481008777329,1.7018602917228267,2.977228071975536,3.532889163846663,1.682672242918852,2.533273010415575,3.6873240523946356,1.7817627563381253,2.369360193983914,3.384877180514153,1.5999006582060444,2.4991242348853846,4.011453880392945,1.7926171281793872,2.5356427305278912,3.848469010586051,1.72827069071267,2.2551509344753935,3.965910115471072,1.676540159060007,2.143915186088881,3.0521046605454862,1.86915281318737,2.264988079573663,3.877782873239902,1.7121571383291052,2.6785009478996646,3.428094203629876,1.7785047283883444,2.6069820964997903,3.489211559735804,1.5401841901652527,2.6145351076277237,2.991233252686366,1.8397251982543523,2.5854591068483836,3.6299750222641043,1.3074640139907259,2.3473679332414936,3.3583854659545875,1.8010517356145885,2.380294031363433,4.213441051204196,1.6605031060973405,2.3671208091061224,3.447682036140845,1.5573578809890118,2.3368185325392856,3.7830742956620336,1.7769860917026068,2.6429059970768134,3.857490865083447,1.7730007983481528,2.3578667273826346,3.698420203508807,1.53100719149914,2.4639530371852376,3.4871989278899886,1.6779229689741344,2.2275870328708804,3.229070727025809,1.6966237020780413,2.4400763921214113,3.8153521975452835,1.894622864966925,2.348330523095275,3.516731329182403,1.9374076226752328,2.525840777061059,3.386045746910479,1.8290331440420327,2.5006436763205833,3.8558436512846717,1.6107880207396184,2.1145741718544415,3.5012438107867956,1.6150815585222966,2.5695130902815215,2.9653871862755024,1.6469880008665283,2.705526742108209,3.2805612050024737,1.805100209845971,2.248238167956837,3.2240797698959227,1.8036631994403505,2.4888280753656162,3.4243588303278982,1.6683295423475866,2.5644944834397174,3.7147481192401375,1.479116720854094,2.7062481482888323,3.519067458957072,1.7831051869702002,2.980533074986714,3.3567350876768365,1.516299414311674,2.58488382512852,3.5986067141887736,1.8307413994088388,2.4530921860831993,3.26757007610528,1.4700543720316572,2.3038511648019755,3.3835305780365,1.6825122596121325,2.921724149951431,3.0260766715989105,1.7503101990774552,2.4193315464054748,3.562402682616081,1.6170146190235137,2.7363692256682333,3.7881733104055635,1.6830348445715362,2.8090401504936535,3.712830427707873,1.9088838445307967,2.5422353016621657,3.76650364949173,1.5847605369521025,2.39346137380046,4.110351179246081,1.5371192167424648,2.471500986115729,2.968558087903667,1.5731205317822685,2.371037598454968,3.312318602311972,1.7449825669090417,2.6473863688082275,3.218093332925575,1.581550017905638,2.745031841298979,3.977482059257418,1.8883875287870566,2.253660398505451,3.8330339998692047,1.9780533284771504,2.2447291282664428,3.803156155914389,1.733782492260432,2.4911152122723905,3.5297311973697747,1.766489085440588,2.7583653094200917,3.809684068247284,1.4739609021645235,2.433238994608557,3.5261983458543007,1.9358328105386704,2.059051526052947,3.328966086257337,1.470816398961934,2.303512039542558,3.7760058267239707,1.6202171610585567,2.129934364556076,3.455637065934823,2.0053789232691037,2.2247955845717153,3.6492224651320115,1.9351555717720625
sub-3-054,3,2.541103917658073,4.0398400895249935,1.6010283771557778,2.810269206890352,3.838782422030018,1.6951200981866175,2.282303252025753,3.2195156210204767,1.3483719368424223,2.656946986772343,3.6328041425691078,1.711882617793058,2.177911507618996,3.6601256891002305,1.64466972519144,2.450163871703179,3.5412239124397673,2.007125766514797,2.6619900401714873,3.390822899977561,1.6933291334794016,2.283408172142623,3.1620959098557346,1.5235683197816439,2.547962045315391,3.9253452322509457,1.8186464769745798,2.4762848049370363,3.7433236196387774,1.701286011776053,2.612025902578102,3.5710146700066554,1.383461453679349,2.0014615209460023,3.563453997826359,1.5720708098244522,2.254932733840613,3.269837389793111,1.838696379304189,2.614408623628264,3.716093136789576,1.7679643336548445,2.384610242628274,3.7174325557435153,1.787860949798257,2.5288530034919376,3.5164752528020156,1.8188698785026782,2.415099123171908,3.804607230194981,1.7847640946972565,2.5504064214070077,3.9287461932771164,1.5058502647524479,2.4671667409736884,3.3089697762982206,1.7537136569611496,2.7628343517181517,3.224753857072459,2.195824710085649,2.4307038665960774,3.6009913723676528,1.700402945376388,2.5583081724389416,3.278124784362391,1.8601319711788447,2.3962941741636348,3.0046998564617065,1.5317003851658826,2.8101568114744353,3.850131652586784,1.3989146475570646,2.696471327697704,2.9450587813901703,1.695915822277981,2.3326047192665995,3.749418830128054,1.7831991354978867,2.726324266407276,3.417332852895326,1.671300659053719,2.2801357579840316,3.2114643123089723,1.8422800152274987,2.6161076934847642,3.529213798663625,1.8893170640247707,2.3159744066106605,3.701641411660852,1.523126507145806,2.816017296704284,3.6524527683765995,1.8446752041047751,2.4237035825203144,4.1109875030759415,1.999783683660282,2.6274682236912614,3.829073279666418,1.6547169811913205,2.3216733781933,3.722821344918045,1.5621034868000054,2.785839625953164,3.793400278748324,1.7352833975806727,2.5822732588866053,3.777000775393894,1.7411846034644496,2.4771968890861404,3.0759379772818867,1.843834959412589,2.615959020067414,4.271584821542878,1.685613326525197,2.2543664895551268,3.3711409960101375,1.6976134537022505,2.3759617932489605,3.478379729222073,1.8241489128317592,2.490102582884503,3.721252848260143,1.7145073951960619,2.2723367921598867,3.6023181958031865,1.5658966607422802,2.288666782064415,3.425424819498927,1.5761667228368588,2.167367510726183,3.47012914439168,1.7298545988574214,2.7337370417055564,3.1809930722483233,1.7132789036782767,2.753056439769076,3.3390987830536547,1.7804332638920486,2.8375892415035313,2.9785240025568105,1.7408981481547123,2.7593201780452055,3.4018004046551695,1.9080139956831932,2.6641599212632054,3.9954200062316,1.7873697237327828,2.883456966415191,3.5840000080169383,1.4948306548942747,2.4364199315603505,3.7851417702441035,1.8498034455956995,2.49409173905188,4.005204228216636,1.6469048543168854,2.6331558585354515,3.621599310038832,1.5004294710206727,2.5301114538841865,4.166492281298688,1.5616599665872053,2.6625283639111474,3.1767728824642134,1.5600966237291916,2.2954282073209504,3.7634998726723876,1.5692918587056355,2.7781489462197175,3.3512303637567817,1.719199889142886,2.6240485488544,3.047274629578266,1.730547387539011,2.6129816011536393,3.819204756445475,1.5560744915900242,2.4029360674560336,3.6846734294859886,1.911858796282463,2.4433495489210557,3.1541429763611832,1.6524907801272704,2.367601858626122,3.611378707818871,1.538024783508444,2.7251228479805896,3.559532674128131,1.850614991241408,2.113804448670397,3.00771780106874,1.8939008936721073,2.4204862234118623,3.0894128294708274,1.669595239017118,2.59362223448353,3.4557559345613114,1.7702021219739217,2.6098500334889967,3.57844237616021,1.9022556482266775,2.5474475412097544,3.4877975292931036,1.8204217234202436
sub-3-055,3,2.6494787473871617,3.247199692072338,1.6861829379371855,2.6288812377023145,3.33568812073411,1.6191236816008239,2.299537470261212,2.6928217783638204,1.64388820374274,2.5729114436047005,3.193284027602247,1.9066808217426645,2.011593968608652,3.535508556040105,1.6628005057573587,2.9417403705703293,3.6511550103719843,1.4830585903828348,2.739785989034991,3.9753229137901247,1.4341681595886842,2.315043203400832,3.5208881574626893,1.5680757729929302,2.1140481609232995,3.4171317906632406,1.6128396178126407,2.8253596553514413,3.475194437954904,1.6381533249900007,2.4444277555863945,3.5912093327016383,1.7085302288747197,2.407809913055464,3.573925774819574,1.6164117599776395,2.083393238933069,3.6870464129238005,1.7859776151878297,2.5859530427119,3.376109037674354,1.6891909752403815,2.697470876532309,3.32309273475208,1.8289468721973456,2.2845274245277016,3.5470855291051993,1.703863617505756,2.730483297798676,3.2426997597677403,1.5785284777852242,2.29899102184921,3.3413143522707225,1.738312695722643,2.226388180210642,3.375984497274837,1.7916185529450308,2.5314817096757873,3.521057548135532,1.4740851228260503,2.531991793775964,3.508031950014729,1.6754404992129062,2.577504322905145,3.4134448733326823,1.6315943846161933,2.3628412449239495,3.7728492519055563,1.5160012480881255,2.578430460049934,4.007695180908049,1.8652152542885445,2.641685652784879,3.569927806358513,1.6808343127615752,2.387757086217051,3.4289272155716572,1.7862313466495694,2.6201486906066767,3.7208422981249933,1.8829507797566845,2.521477708881913,3.553718415893006,1.4151392955309054,2.956115599506384,3.3841223051451963,1.7977538790518108,2.47538509699321,3.3774312980624703,1.6644497127553683,2.325878639382461,2.805540458886784,1.8739535104414522,2.6482264602600667,3.2435606396997168,1.7677865683273424,2.6983081194580154,3.3059543208375435,1.7617771934929354,2.7312245914056685,3.0972613466713113,1.7800116775445616,2.615589690458709,4.026526187478834,1.7835552880614487,2.476041429102015,3.417347082981411,2.0035090523807852,2.4861269084847653,3.6641209177590315,1.6642429173302886,2.7446271617317723,3.816587617607392,1.6965998345997098,2.1267829870765294,3.159429744622361,1.340910972813838,2.568100607842615,3.5225109516127096,1.57758020807544,2.219733997139141,3.557759938874354,1.7498934511570567,2.271036143202192,3.0028172311476062,1.659515962814646,2.517855148066291,3.742056612922914,1.553776853466398,2.7570365781764394,3.9227961869944923,1.7174118050775367,2.6226613218039243,3.7194899203137473,1.5461446921558286,2.4624723570975924,3.5515828662029127,2.004034177454888,2.334700866609254,3.9585628753977224,1.671016042610075,2.5438013433544557,3.8410524186110737,2.0032174222612213,2.6261122424953354,3.826129156187173,1.5619538533001767,2.454695706908479,3.121314658404884,1.6226617873121318,2.651742262578364,3.559400728673938,1.9590654059342065,2.91984798640458,3.461778763708813,1.598047338481846,2.758806461891335,3.8539826191324114,1.766187219767887,2.67700099118676,3.653762754563923,1.5516864965505996,2.3306571135544654,3.485747468309527,1.6698626832181027,2.599849885232236,3.463257048343108,1.4445102948678668,2.1698052148652285,3.706480516583327,1.6005814297469851,2.508217607040723,3.343767098073416,1.5630426346602235,2.3808266672225993,3.7855541845711915,1.664127452223177,2.664257573267875,3.715343773582223,1.7474846219010896,2.6943678256937416,3.504006572253474,1.9045723082733703,2.6982149525356505,3.7678040939184103,1.5592223492328694,2.5973838816428865,2.9861935235432924,1.9101534409824732,2.4378011736534146,3.3642834408772377,1.49489554036033,2.5434711021911025,3.424889380566295,1.9734046499505244,2.7046623696539345,3.355897688346291,1.4500650571831213,2.13893930779608,3.2126490816144107,1.500317517856897,2.6127504154051837,3.459414832730982,1.7025989414073148
sub-3-056,3,2.3791940564732514,3.542569070527292,1.4869390278739578,2.534106016372449,3.7324692056290485,1.645185082701687,2.629855888332292,2.946477862000248,1.3914372804630541,2.6089065724073546,3.7931653321133654,1.664264903975581,2.5861375160067217,2.875848556991271,1.4980024287341855,2.575216505649162,3.630024957207219,1.6124145949212767,2.3593323001028064,3.67367360226591,1.7199860983956572,2.1379682160025193,3.419668076346762,1.5795478225167643,2.524846407024625,3.4505584592775262,1.5768413369751924,2.3839061732435947,3.3528033505026587,1.7048106459506294,2.2131707688913718,3.7645285164296145,1.7027661886216692,2.3582838771742436,3.952646648197902,1.7062688493442861,2.309673210794301,3.940081855878969,1.9032302244678556,2.386419418396749,3.409565566933171,1.6313619625605034,2.2098956262415204,3.5909125016503376,1.8267718108123019,2.668239986358878,3.509171064060082,1.8413238590431413,2.345637748557005,4.009118845735645,1.5841876840052476,2.431018623148783,3.338939586525756,1.602777992771535,2.515309669834988,3.4351954512244407,1.719445997695387,2.4026345149185766,3.546649219685646,1.5364359059168349,2.681845449597455,3.70161962315704,1.6991319634340953,2.4330545181565117,3.5871173275422827,1.566852925610899,2.5562172416405633,3.4574917208847604,2.0944862650496394,2.3291305471227424,2.753153212116236,1.6043629335341387,2.2412043085541535,3.2965254389342986,1.5053593793541247,2.387189880743831,3.2018252954769917,1.8444427224645934,2.54126469407789,3.80112678487973,1.7060722226255594,2.717146186133559,3.4153993710375627,1.9391828045813488,2.6347742721808913,3.2816500861293676,1.7928724402862999,2.554877711263531,3.443297849003848,1.7144031925772178,2.6852249521407585,2.907096476573959,1.647358932840912,2.672880728627561,3.569503634206455,1.531042851589807,2.123802773308401,3.97625946670283,1.6719376925935558,2.8225289115748273,3.72258956995036,1.580957966516471,2.099741917964941,3.370598161225554,1.6944136450246672,2.631118803883968,3.188953990139155,1.7267009874579033,2.5819755433643676,3.776066886553256,1.6539789479603528,2.6296966913312203,3.5807623457601605,1.8313380009676417,2.05241612313678,2.4201603233351925,1.5644705484215584,2.508426082358982,3.1758947181130046,1.473790893554328,2.446553828071483,3.4678343733847576,1.7143141830976778,1.7886450034665946,2.789008805094543,1.7694333280895862,2.515870534164744,3.4993185821794133,1.5000115055501897,2.549207339820116,3.3948121253221744,1.6072201773330557,2.2868698493396167,3.2568236032271107,1.9958026202033412,2.487095295053456,3.7210934933379134,1.6705403301819004,2.493819115113288,3.321919262368629,1.901844799140496,2.6171529413215993,3.278909450538501,1.6408834975358428,2.7436632620302266,2.7052092445121496,1.7465753330323195,2.6467682655880957,3.2900710008391982,1.723189146060119,2.6404157756936146,3.155278981523434,1.8262902804636918,2.6035212216074655,3.45716737130349,1.715739258278331,2.6772946325186404,4.1485126092845395,1.7914919604007926,2.6959048479860943,3.5541875125856977,1.9852476943748707,2.2861211729926425,3.0135274941889136,1.7229549094478886,2.668825593274254,2.7791076315766547,1.699484655822136,2.517511843445105,3.708364292782797,1.764310331198079,2.2245200661239393,3.1975839723643924,1.5789815491944512,2.6830101244683697,3.6049009449642586,1.6068912976967609,2.5760185024742928,3.2037581596253513,2.007445805092103,2.653384332118267,3.720129553403973,1.9065216551578101,2.732923774779252,3.5088273671700345,1.6722552552147691,2.781891194732159,3.5074298790403566,1.587647332323448,2.9039938456623826,3.237940192343832,1.439794238741996,2.7286997446086265,3.29525101062005,1.765264502624501,2.8770979505139906,3.1150429925426355,1.6938626939463108,2.8170136601457343,3.690928198551463,1.6730268689831032,2.9800883178583684,3.473311116146099,1.7595311792792796
sub-3-057,3,2.8468838092638262,3.77464179998825,1.8982579400333714,2.3880828905730724,3.843888939012531,1.7254388136460954,2.41575979540018,3.5621443881630963,1.728536943223535,2.886255930454177,3.6067627975758967,1.582879280842383,2.0179430298639045,3.2667287137784404,1.3980451403860643,2.421235934132591,3.4316264216272963,1.6367171969128436,2.6808433684265864,3.293408267126445,1.3295028133044573,1.8965608763203243,3.2750109220596664,1.5119795094989863,2.3273990882475424,4.04836637214502,1.8243125182079531,2.539483111174214,3.5653232278997766,1.6602288483489522,2.3243132559548556,3.7886016801894287,1.8276995121663397,2.194079919047038,3.5634011005924116,1.7505248338366344,2.49208837880593,4.087234294816802,1.9983116999389166,2.4820485662554432,3.4376106210616535,1.6489594352886208,2.4399601728514866,3.242187056483075,1.7760285667537887,2.903059458610601,3.9340229291706876,1.8183765492360455,2.1167198547656443,2.9779261446501577,1.8596244959742858,2.8414872206271875,3.6550456947263776,1.6541629527424613,2.7934141816912783,3.7110062561260952,1.870616792110004,2.215817560692919,3.5961351753688806,1.966185672070004,2.6449407174839457,3.7655085248543445,1.7054559365757995,2.569093522012768,3.8927077118646696,1.5995317477239634,2.4118249587132383,3.3661000730640107,1.7035169603704419,2.2601839959597463,3.704696500506309,1.675362967089171,2.7036640668199636,2.9066604205723583,1.8286284539727422,2.790641089911563,3.622793393520484,1.7045028482251863,2.705736593880633,3.8559999124474564,1.7784389851765123,2.657575412576278,3.963943724766562,1.8141735478470167,2.40595335611031,3.8546597325341256,1.681441806524073,2.5559909415485005,3.529926519678615,1.8453301801483808,2.8647935233781223,3.506838003791551,1.9596893165168727,2.5796258962987038,3.892607024242433,1.729764960730118,2.4613637418376726,4.038187738974691,1.6118172801829407,2.4321343659296133,3.14830871724759,1.8900901278803541,2.8206205138979983,3.6044763555789596,1.5524190295942946,2.5487798185677133,3.415266581717731,1.5454297104374,2.461999518626504,3.64160598236317,1.6092246759224713,2.602512098967196,3.0026297840724263,1.9518771586695247,2.1295459158651138,3.523669687512723,1.6283027532154963,2.62244966115963,3.183044369826505,1.5859161523719933,2.417186385472472,3.507097279291417,1.8989233370756542,2.277985871176846,3.0279046958076017,1.6131000962892104,2.5354859097251716,3.4017577717483505,1.6976875211270437,2.687468145841124,3.2984206028249177,1.6481163494500988,2.7267817445207063,3.63130957653968,1.8918667720423272,2.8084529491673953,3.1190484863471597,1.74324466814156,2.4585678070406662,3.1643586609547705,1.581620992385176,2.4958616971398904,3.4175342081523405,1.6089666967653458,2.5475445488786748,4.185060935409007,1.441217210748012,2.75469184511779,3.494855192263515,1.6343181729264131,2.186722186303881,3.713573727520772,1.483854875401103,2.6990209027958283,3.9875726433182512,1.5075794354610215,2.760304905292332,3.5071230221291976,1.3858693052238067,2.333132966109442,3.5499034599387915,1.7601774868449442,2.2654755739921795,3.5088774262230187,1.8235333940522183,2.729743593495475,3.3844059291655832,1.7657703167834862,2.743038369563573,3.738687674181228,1.8337155822993685,2.5704311908140753,3.4735350336280764,1.7408170360632376,2.412521630579664,3.8113865980613846,1.4704393164847864,2.4592241438545672,3.4898520113261426,1.770451924840478,2.6683551327003956,3.9169161240428454,1.7116628170707315,2.4207625470306673,3.459389715175567,1.6520903665684958,2.6435880234064992,3.201240280669862,1.6736855418313548,2.8420791633345033,3.550358596661708,1.5420600806363889,2.488838768932311,2.874764682289986,1.6911709875000884,2.846582644969247,3.1677511691312445,1.4815929693328922,2.43241319698491,3.7579685752922636,1.9556956376295296,2.63067818711032,3.139945278089027,1.6966662691059933
sub-3-058,3,2.872096586776271,3.4129478034721594,1.7210708757763153,2.593300728719831,3.067158371433243,1.8496920068930338,2.7036771149093624,2.9418086886011796,1.5004022572446651,2.3754539774755954,3.7095377889524848,1.5873331894741423,2.2722431978660076,3.229103001306467,1.610675762947471,2.6392683773247576,3.5762535539922933,1.697154218664925,2.6088744772741594,3.560752181612748,1.668549954305781,2.1223776270808696,3.8065239890480163,1.5335942662206081,2.7960590989848666,3.308163838932886,1.8215261772461953,2.871076481396156,3.405498183674297,1.599891176638472,2.4727386682778256,3.4945770622972003,1.7482807007637942,2.542800505866531,3.3824043233116075,1.9931812786714957,2.513921011418551,3.3263716144009337,1.824576675137083,2.7023584439088513,3.895497025534198,1.9891795638574,2.6123289636429416,3.419288811247892,1.414664439944123,2.38118674469735,3.558397295133211,1.5228587230146267,2.264678084155538,3.518431810586431,1.8165138828613419,2.5056339517399464,3.751100528763546,1.7924874445886105,2.7568619963577583,4.108562768350765,2.0921039961003642,2.6817008009707877,3.3712419468255446,1.709275382978235,2.833185825322908,3.2498970125180806,1.9171491644963945,2.519413669214787,3.5635952664141675,1.5788468657359593,2.3117294635335353,3.4219259178828416,1.895451754150332,2.423647099148689,3.9515059248057547,1.6140689928102239,2.3577191118513974,3.5710183736027004,1.8018607981691128,2.5838558249736914,3.5422669507657543,1.9404440316412008,2.5670846185485825,3.368286100085506,1.5300545685125533,2.7792544240974606,3.38081015353363,1.6507845517569943,2.739338292912511,4.075161382537647,1.7376997870746216,2.5253403108483625,3.4984173069515307,1.6316692572895053,2.4859474741797003,3.401863015405018,1.8366092117006494,2.534129293337869,3.8806074755306157,1.6825584260008333,2.4839347528303315,3.8578050011498304,1.7032325029439501,2.527241831922677,3.509396979988465,1.9199974269767508,2.6050939917217297,3.8498555168985846,1.664806339676158,2.746092703301162,3.566551754198426,1.8323863492970738,2.7239963226023933,3.2363465318688256,1.7107936409576094,2.722295631459094,3.812615903526413,1.8880151715188889,2.2188509905184484,3.7112586715162434,1.501419014557667,2.2809422694556156,3.4222689497213623,1.8793763426519683,2.3544827091974847,3.0884397563942287,1.4419236518183174,2.332469971154496,2.874670676921338,1.6823545489025475,2.4909444149447677,3.284232508578595,1.5501916511864053,2.58713235132185,3.2888358120106926,1.6992540785459,2.6222531496191785,3.6715451455659878,1.8401480617709511,2.579651102151682,3.205974785353312,1.769859100238041,2.6681166556083484,3.449163415442618,1.6568145307378197,2.995531929365524,3.1379456728750257,1.7740511557914331,2.7382856603489665,3.404445732457596,1.6747224872148758,2.4777360064687484,3.5000622476019427,1.8349238844030817,2.514322568297682,4.370965798937651,1.6320893611185783,2.7979527298198184,3.652298961464362,1.7162709681715063,2.8147369969843674,3.0519786512160962,1.7637767687699877,2.421051611100932,3.3779233781705513,1.6275496561945988,2.3765116272379663,3.037277548753463,1.7583176353288044,2.538143420985706,3.41583443208928,1.8138762032119646,2.6313482679510947,3.4252857927179896,2.1576385523341095,2.733237968857304,4.184544198270587,1.637756761368998,2.5949458417854334,3.153284606592214,1.650428252785181,2.444887330566051,4.338741469063915,1.5961284053441342,2.5078739129744836,3.09297231407853,1.7800585051638298,2.387959426183769,3.757192804127374,1.4317513088678262,2.5281078077822348,2.983176027882255,1.6264230564872402,2.4983016868769177,3.3322711899894135,1.6249675601314053,2.7248102884843233,4.108847209191968,1.750896080233933,2.395192153616938,3.5179416830075607,1.6468596250887153,2.71009071562762,3.5806011435151324,1.4633307577832084,2.7476283877903898,3.7707153510742524,1.9242543055351806
sub-3-059,3,2.4570406378504526,3.5842726575362316,1.5222834987310372,2.54077593455343,3.611155894527733,1.6045916342957212,2.611621196657796,3.547040026356913,1.6325245314949604,2.8015448530928215,3.4343560246517337,1.7199273087017035,1.9359574151382164,3.4253735001705854,1.528465943738571,2.7222979745055373,3.1328790540507985,1.764604542648908,2.157229885473834,3.672443067546586,1.6737796038842432,2.271883631646548,3.1119544945033515,1.457605135191645,2.471789439355854,3.5537633578258596,1.786485599849125,2.6046918528203724,3.237706976419247,1.9756519126894039,2.60990653312551,3.3257379375991114,1.7636330307749726,2.5960777102209307,3.45090669388138,1.6560817025702823,2.7272768211731706,3.9837973368095794,1.3945994349265798,2.771496403676949,3.505580266553853,1.7355035815741435,2.793295619415029,2.756653510176977,1.822218411388156,2.7808494711121954,3.307187312617958,1.4909070450419624,2.845187186912459,3.0082103139755305,1.7627974693069732,2.734159502350451,3.611047721469889,1.784694888499018,2.5022964711765594,3.6295617937270777,1.5937297106219528,2.4457899983529727,3.5099528139681517,1.4690234202273422,2.6538672203871334,2.805393255243686,1.754422319805992,2.632236951157253,3.277534294594617,1.5149050791513596,2.4765294500334303,3.6791096352495987,1.7518548673085272,2.3499240403997987,3.5295907063138277,1.7392935182316358,2.5895226144294368,3.22375443126253,1.7233554095358694,2.7151941021405492,3.6503492813690177,1.7617219872361158,2.8456828621867025,3.546981516130859,1.573713639358156,2.3990264678166784,3.549287609543871,1.4843684944183473,2.4940230829086505,3.629968622456368,1.8756717504152096,2.2720775254918935,3.5277417333112573,1.6897645829871986,2.5567510261948545,3.5396383415641273,1.6952499504336236,2.800597611095771,3.8483190806000587,2.0214933782855633,2.5480970041023796,3.3850069513434153,1.5548356987715566,2.4565011195627102,3.7000799171713887,1.8302787632690867,2.6715926540342543,3.313949048980504,1.6011387638816976,2.9021635279398956,3.267041964356217,1.912478699993725,2.6228236886805463,3.294872297050934,1.5223271659886248,2.425994505238362,3.616936851929748,1.5635558008938801,2.4797938651084057,3.221799068791782,1.7050669687615414,2.6615479964948614,3.954132218576939,1.6343044476778665,2.5690948081101763,3.1076095418132805,1.715472232758475,2.405202081354267,3.341452073763797,1.9469004309411828,2.6435477847667705,3.3486845270616294,1.7683647122009256,2.2865889355207685,3.2762853366066964,1.5174486192071213,2.552899960048372,3.4830535100620894,1.8807664475404486,2.5321676721206714,3.219294459711914,1.933897657353199,2.0199646562927276,3.5107703564956,1.732641123724481,2.548148243129561,3.64002572650925,1.7166035326821047,2.639938794592979,3.3313785971835586,1.4811421393414026,2.5416564086695144,3.212573090717545,1.5907212737418628,2.759066623383628,3.936239382744133,1.871405916084559,2.7223286827271376,3.5167863217744615,1.8523165960811145,2.614011411222892,4.045297325474871,1.5622848248102121,2.6710695064549013,3.145998065658202,1.8017523140199163,2.240560947036526,3.1602080057777067,1.5076064274910168,2.5953837601904044,3.599267044026157,2.0675718492101813,2.5335677073976406,3.7163111175331256,1.7241305090250016,2.6740016507938162,3.5402257750833312,1.8649425308362766,2.3605187671939403,2.8147074837370396,1.7626104683118502,2.2250860796533214,3.8672867323436133,1.6177821423354914,2.3631173755038626,4.256145622015401,1.6972324978073183,2.5121809451485406,3.7094331104068083,1.8223196184041315,2.7550428033706065,3.126767419988052,1.78041601726051,2.4972265120066464,3.2421120262847234,1.707216927200318,2.223976403317473,3.7584206763681856,1.656398610719215,2.464049827919455,3.461449973979177,1.6748724863084465,2.7553227296345923,3.193200297616762,1.6426690713223444,2.5110197994022188,3.201755473359825,1.7238970169952905
sub-3-060,3,2.4197028069979307,3.1068010387817893,1.7789341109850407,2.8285095143395558,3.5135578120554176,1.6845071749365115,2.527594399073021,3.3555337547037407,1.875514613192882,2.5669289565027786,2.889980597750727,1.879843093192991,2.371690284886452,3.4484482773807232,1.1866889634884494,2.549469301916303,3.750159835017065,1.7569249087422254,2.586927243163584,3.7507435515355065,1.7208962441790867,2.4166523892582625,3.3252918988523232,1.6123276114526148,2.710634463944762,3.3883956592368696,1.535413677182786,2.550684245611047,3.665304866876201,1.838804379932208,2.717561913900132,3.480778511150944,1.6742944916836437,2.4434191299909642,3.569965295114506,1.4538313990620257,2.554096662563833,4.297910591782593,1.4744204881416867,2.578230409372374,3.605794021329442,1.7759697564251111,2.376004254526934,3.6443642790993955,1.6198240162530575,2.2930349770515734,3.766548046332359,1.7996922214072275,2.3760187579274272,3.3477367064003656,1.6129981372937865,2.2541547649849916,3.713480326541053,1.8199877612417805,2.490130278305341,3.492124842752786,1.717204695683474,2.5939905345493393,3.1226918241576653,1.7732666898835103,2.3384086930112877,3.6907850597654113,1.5402679744547279,2.315980425240246,3.4921492032566213,1.6924242163674206,2.568674395677582,3.2500339949004258,1.7304226578841935,2.6034585024522756,3.826399725528133,1.727754908275537,2.442109412191869,3.1228225823533453,1.4704608634238157,2.6081360635686246,3.722095683745327,1.5664669333180756,2.595947447652265,3.4512187694510703,1.8077401303343172,2.7058938441180387,2.8654604598759397,1.8548202047244802,2.59539545336194,3.351220325420642,1.6244805743932336,2.5557145327515873,3.3589503390148834,1.5594494547922864,2.422596422442656,3.2087546539104888,1.9019852669839823,2.5600628667486807,4.130796065746002,1.755661455553752,2.6560034857394297,3.2027505252518638,1.6672686595596622,2.563084435305154,3.3215703810476698,1.6302798460180776,2.625626609828253,3.62313274351249,1.4994582086671666,2.6010733622597844,3.6548442510847745,1.6114584739787312,2.4254555158725224,3.623611359218004,1.3140368967821234,2.550375204691276,3.9576398132914443,1.3105461029206682,2.348117476000988,3.4324382853751207,1.3842848756187498,2.6436879943721694,3.7803975709073274,1.523507420120761,2.422699619033989,3.5073099909794836,1.8466505219748155,2.1025986876319083,3.26821459474901,1.500265933334455,2.5544203731378134,3.793069900053748,1.7158845256054116,2.485657344973724,3.4908281249048105,1.5799061661788105,2.3710094272567463,3.836957048213577,1.9456564413491089,2.2275279515438764,3.6629962584689792,1.8288400207236026,2.331896676249181,3.3679085595562666,1.6134430612416688,2.8921704168747566,3.962686060587138,1.561823478054591,2.287335340012073,3.716433549294463,1.7815921280196019,2.7739188302146736,3.2034591198829623,1.8085311530723436,2.4182833401650967,3.6744857791618744,1.6944320999490645,2.8921112405343976,3.6252702347400163,1.6529008529896276,2.574828013324978,3.4718548320704037,1.5268345493996989,2.8964805877783157,3.9476415223290995,1.67355448039394,2.675978531750668,4.0744002156597485,1.8855344479077096,2.4946695466055013,3.4753719784844317,1.4423698329139123,2.6894589317780793,3.847996665540329,1.8874559249285063,2.676187248275167,3.598657051684966,1.5503281624005805,2.6075477176361126,3.323134642193207,1.7787769141230811,2.412504085285874,3.6452684881087767,1.8984685119877716,2.6178872983325188,3.59196844729118,1.8369540345243849,2.868660237688305,3.4699604508117545,1.7781533013074304,2.822021864223348,3.6874008797918214,1.399643407824683,2.4211886617080456,3.7102917881261224,1.6399741016552725,2.8092638417444675,4.020218723819349,1.6114632250874215,2.3641495193249886,3.3988689421831055,1.637162412219783,2.8264958918181073,3.210106362881357,1.8113645307912276,2.7998108292624937,3.7293817203858612,1.765468290657292
sub-3-061,3,2.5208019862116156,4.0177134569212525,1.6632116512442954,2.7206911771450537,3.455554143703187,1.423744537539656,2.5014643120518256,3.4562405277001766,1.678490727563567,2.4311441852371574,3.6752156985264866,1.810563422351457,2.144952596287301,3.192019654876241,1.4423967606068666,2.595785220216644,3.8858174306553885,1.9067925698374784,2.4421531580882987,4.057533694767588,1.6456742898664145,2.017130854275455,2.8986830330269635,1.438559834022347,2.6100749669620216,3.4279100450650573,1.605198819060311,2.3974688891425053,3.19588711210886,1.566519679306046,2.7327708609335652,4.004934224332498,1.9797740404729085,2.6736756470749863,3.3621627107066177,1.5998279769576806,2.6861051688933184,3.4310197033678405,1.7617874818901977,2.8974788374262066,3.5607120019955625,2.0416777176569676,2.3471625330021615,3.625278273970015,1.7470604780840067,2.3728653711622187,3.724463552758814,1.9296214991776794,2.9464805671015966,3.615161160021675,1.4149839766978725,2.6358581560790224,3.70774868281825,1.6647221003585515,2.58872146957802,3.3646406291263102,1.67994565881645,2.7331476573562723,3.8889266472564583,1.509393661709862,2.457961970802363,3.055232742283801,1.9757486388227308,2.7067403135080412,2.9397190480226296,1.6903197856310808,2.4989773670129694,3.2883370956246973,1.8554415975554595,2.732409631645272,3.575446450710875,1.6037521337720317,2.4360153547320076,3.5122994901965323,1.6314295463900568,2.5489521382589255,3.6562627069314155,1.4699707305149596,2.413526828846627,3.4905659709707555,1.934801734583552,2.7021600390013054,3.4989964728365144,1.760346306067239,2.531729303811259,3.8016226566778126,1.7650629727091895,2.780184043988988,3.1205051689266616,1.5790714189863309,2.59942284059438,3.6381831328272773,2.060050767500756,2.224605605576775,3.4907389293381317,1.6883117016252895,2.5928109502356724,3.9853129739607827,1.8314413421507703,2.2612774221241745,3.929452645237525,1.9258794536616248,2.597353422095796,3.0470257305941133,1.6772571536519545,2.63437103782381,3.779034283753158,1.434432831312666,2.41156118141982,3.8074445952035845,1.9252647606016329,2.627494937879365,3.821583419813676,1.768292190650948,2.3733552564605116,3.3206342370370887,1.6719922814827324,2.3300798531910383,3.70219843447232,1.512147072817215,2.6797828918765054,3.377084749645141,1.7554982455945853,2.028496590290742,3.1389897075260533,1.6551956379070656,2.6857796939851823,3.8062615296045106,1.527488950424015,2.279796092456146,3.2269142270661884,1.5401587665957157,2.8320292071622015,3.875258267154476,1.5505074900223565,2.8578556354950315,3.8585396201844384,1.4555595712978422,2.3645581805915254,3.0354072413578512,1.687012753189443,2.5531341823302416,3.5043511571880375,1.3959908909984131,2.293096991855588,3.572843365231043,1.7933333729225198,2.1864339666786043,3.1412830350068264,1.8533619709879385,2.329616420897135,3.495884233574907,1.5020684928391776,2.6996667516947976,2.9352448830730333,1.654331149131815,2.719255157072104,3.6708080093931477,1.6303831444087444,2.424237214303405,3.434788973070306,1.506597337580968,2.5319986656301063,3.4767947298812216,1.6373076115342435,2.7300625706042236,3.2002645853233505,1.4443418874114748,2.45544251283147,3.5347193397464736,1.6839907614880294,2.5227908371299614,3.1846179363556444,1.5526190026182352,2.462097687437921,3.3411847487191446,1.864712834823099,2.597504853626993,3.350882222076386,1.8642519586454362,2.63033014594167,3.1198877911053495,1.2137490773182436,2.311277774532376,3.666581693150634,1.8337227581873174,2.2511584893549537,3.6844203804157534,1.793110976624047,2.801107517793506,3.7661103608824678,1.9027823702003617,2.6379058640900532,3.6273781291441143,1.6494073119108532,2.6976461454091205,3.1269261182458084,1.6791983856852606,2.647179036898441,3.8943001611535157,1.6283092733768616,2.723984589420657,3.4447899926447025,1.8480588404510847
sub-3-062,3,2.405756620967384,3.7032720399760706,1.6856993343540496,2.3366817865090095,3.4570766681429475,1.8982566831530114,2.366543114463138,3.084391117394383,1.7598113784898146,2.2479963415898903,3.9377393890513397,1.9307240547346707,2.3868904589889612,3.2768550431574393,1.8496992501687153,2.7921805450776875,3.3508387229971355,1.915825404051374,2.385898769725642,3.4448307788166423,1.4309804053868485,2.2262662776064883,3.1975376209514965,1.532170008712373,2.5201822519874204,3.3377273303065027,1.7062511213407328,2.7810424364819024,3.202681210697416,1.8293791119256062,2.5887435984757383,3.604755401318025,1.6953936706017994,2.42086798073664,3.624561835276341,1.7778258946135277,2.4059155182216667,3.1252159263604984,1.7127961940263605,2.685849751911964,3.781425214039907,1.8804984834990528,2.616850350141776,3.426300449648005,1.6996768262799689,2.326228180500787,3.3088592738775424,1.6920131546217871,2.502004995492241,3.525762602147773,1.4937744137503999,2.3427355256896925,3.7171662339468936,1.5749982989736977,2.4282872361533183,3.5266100034573507,1.5603219182758683,2.7491393869645364,3.1480875645732853,1.700228598362783,2.415254694600908,3.5437324987319836,1.6253803454413966,2.545742664272803,3.8419586564256383,1.5968830328377939,2.4247613311343494,3.4115477505043263,1.921102907117551,2.5338463170973666,3.845576730630877,1.67346328661275,2.764134664191676,3.614069635491943,1.7831849664811397,2.2915617332719505,3.05643870268307,1.86053022680423,2.7403988545227547,4.178007466621501,1.4771070482785693,2.6374438953912223,3.213330127928193,1.5889098309752443,2.459595689862339,3.607059411458001,1.6003960890364552,2.5560581145726733,3.732969586498946,1.869195997506106,2.6746660775003943,3.6265230628328475,1.678754948099455,2.447592259269886,3.6509232286797197,1.5423636415463784,2.5714431700400646,3.1988103563419372,1.693808271996227,2.360332153831478,3.387842209304019,1.5986070479020789,2.406619554712777,3.4755400349382333,1.33642977461809,2.225553816612391,3.7250395389176525,1.7221218188763439,2.419794010174818,3.77269294166051,1.6041233795067018,2.445655203211415,3.2806521229721874,1.9859928156086986,2.2423183122229893,3.3347990447710107,1.669960147843163,2.216512291599371,3.3336776288885,1.7682480292313845,2.5492604728731676,4.117517236089947,1.6197212637405598,2.369772948443888,3.505681201315018,1.621423135174593,2.6083926195493725,3.4187438882025014,1.4040247406341084,2.6128530483197845,3.619959946329355,1.7878468406274368,2.5613573393580427,3.7717123019591776,1.5701015002305176,2.8143097694952286,3.223383778747966,1.6838241207021534,2.6725572756645177,3.355813133461092,1.8123507656862143,2.48829862069752,3.5330772474826384,1.6728307167535135,2.4461731334468277,4.130301040063355,1.5740378597112343,2.1384998156019264,3.2749818474692383,1.7196943832865752,2.4821664418415414,3.785201184387943,1.8473275700262601,2.492689598969278,3.028976184411973,1.5075276448618424,2.5442035714784885,3.0619373172008313,1.644831772432615,2.8058345016185444,3.595993279616015,1.7068501895947366,2.3626609285435354,3.5508865446005613,1.6612213800235562,2.592954611156954,3.7035873917704585,1.8347185487581572,2.5732003100619587,3.6433384201121233,1.6232029011150289,2.7538624664156943,3.251605344724638,1.6688797476237696,2.772591188520047,3.365134521380586,1.4988821498785285,2.4760649552331633,3.8896855980395175,1.3593895608984496,2.5684307722262774,3.3224790123279817,1.6748548847536646,2.4872620769900893,3.7689353104814294,1.7080712080700036,2.7318962581773687,3.8595568119766885,1.704484550838706,2.4852903883860864,3.6056114916280526,1.7855280429326372,2.3424076631295923,3.5660978663643794,1.6619660561866987,2.4743372764727463,3.3065354062567875,1.6061419766600256,2.776015353217939,3.3980820917202834,1.8715637762853972,2.573584784676631,3.1828399056818446,1.7286152099503376
sub-3-063,3,2.33617447927023,3.6700007771822225,1.6688339972086528,2.7039327313973813,3.901392837999873,1.4396982300846002,2.466993797246862,3.1613511996248973,2.0237391825959357,2.4707437690638536,3.131768568988349,2.036050794572512,2.069306888803674,2.825879013839521,1.4262401143108,2.575774413463603,3.5128092800446575,1.5745996103351625,2.462691403856675,3.514862687172908,1.8985869078002273,2.2599902092848687,3.1223135610871893,1.5657362364553922,2.6885477875866997,3.9704187283276697,1.5343087083743272,2.7505397175182362,3.4124220655231476,1.4563659753438614,2.2219977513970717,3.873568895363497,1.9180036012558923,2.4475651468859114,3.440599498285292,1.4326461568305882,2.68716737022902,3.4920534646189845,1.467158412714708,2.5868533363952615,3.1109579883025344,1.7836245020108576,2.3550948708508255,3.5943793671513986,1.6020451289319335,2.1241741452987446,3.778925165661792,1.8576401583665172,2.456078993985644,3.5768390127126386,1.7657266927220163,2.634688101383983,3.983167579869693,1.7625197210180346,2.4856217170519788,3.6198165258191244,1.635507798893939,2.3582002801949034,3.841527295272709,1.7801240731662666,2.2149084839781925,3.3085736687961984,1.813646147838311,2.268511574596564,3.2891787060991824,2.0992264427199543,2.4904049004830853,3.8031542606630606,1.9250700497384152,2.3864704627007827,3.574582280583146,2.0088230632656985,2.6327144525654247,4.162345233365558,1.6044662574784119,2.873477473954056,3.504668716725916,1.6508779899488015,2.6652073244795025,3.468791630428668,1.687314684744565,2.637334671442984,2.9938344678741915,1.5802015721866294,2.680075750888797,3.777628518041248,1.7535841562599987,2.5996566990334222,3.612655794384467,1.8436697628777192,2.293278959305288,3.357347282786887,1.688835637620688,2.5852421452262915,2.9093011496222756,1.5113909646043104,2.5470011143036912,3.7836794011520483,1.6371440080655477,2.4299597830694664,3.648027165123442,1.6507893542100194,2.708561724339626,3.4380287889850396,1.5327176210917075,2.8057073294501307,3.8464330611803423,1.5566780783595575,2.6212266477554986,3.4085325742841825,1.7928596190125698,2.392376078683264,3.7441158166865103,1.8792427228650848,2.029478307026375,3.2989560410810332,1.7823947507075826,2.3697547323317836,3.3127285488309317,1.7992607009543764,2.5210759565893053,3.058923064351867,1.6519670588861757,2.5143592843557165,3.857608735134992,1.5044370382383094,2.3856056884950645,3.3717566520771927,1.970285063185063,2.7015768664441757,3.909943837125673,1.8498022635347282,2.312514446839492,3.2343226077058627,1.5955740283270547,2.456044555631698,3.310074041974112,1.6157052695240894,2.6652882594048557,3.538022977604375,1.8829667117255628,2.5953308967282482,3.3106425922889637,1.7282692927227203,2.2779641166354905,2.852685582001307,1.7964818244954208,2.7332958105829506,3.5201962378967555,1.6413041585185228,2.30846336291374,3.8267390084293025,1.7738795196987454,2.6024112387564533,3.498649340509328,1.6295643921827663,2.349609079563943,3.5707571629375674,1.619221263140995,2.473687012386723,3.980996814238301,1.6927883909877632,2.10846801274339,3.350071635844639,1.549782237787923,2.524940453901809,3.1011589285770897,1.7650447440939363,2.4967080251160896,3.366800483092065,1.7224427962060898,2.536201767398405,3.462281190200699,1.6663719963575412,2.546343441011356,3.5960893000560326,1.7326955445483043,2.75283832413844,3.3469269194133533,1.7357188841099556,2.9902983737333835,3.4885329844379274,1.699673046091795,2.322590487291943,3.3003010647207716,1.684045083249659,2.646021654326175,3.681765696746679,1.7489410960638607,2.694737642499212,3.2201839721840413,1.7733374953126564,2.5524035458867353,3.5349707483672748,1.6456521796964934,2.378454538879269,3.1597571689228667,1.7481007700608426,2.6396133012244354,3.463720322690973,1.6977779713466108,2.420362068948902,3.6408572904867134,1.7090938380997172
sub-3-064,3,2.4841895101423286,3.742503351192026,1.7967529166201124,2.273543589485577,3.5137621337873695,1.5562645479676898,2.5751138889057983,2.6174830806378546,1.7295716111932473,2.6781570877514054,3.4689784006258475,1.5252922241722764,2.5521466577538927,3.6036689491411087,1.520340792159425,2.503015713215513,2.9453113669429616,1.7710100995534017,2.303537034843697,3.6865823220833684,1.853891288551355,2.1873525327500456,2.9819529452781293,1.7873525101587662,2.5503905022120406,3.5261031063788453,1.560269929467067,2.5847497089033324,3.4431844796942865,1.5007268293584277,2.791198611291463,3.992555029488655,1.8527303491805198,2.70638997348424,3.994229164965348,1.5428753376466418,2.3592893857744204,3.3839696378165236,1.7446781551038917,2.4973277090515125,3.214402153313472,1.700848450731625,2.5330116455920058,3.735570690843097,1.7066810311754064,2.207178993911976,3.607931064877274,1.9372678100543193,2.5552069129408963,3.7763484148545463,1.624231451240535,2.651834830868468,3.2915150186091124,1.6630251464469918,2.5070470292108795,3.6334732269708536,1.5763764782461633,2.2863207387799185,3.6316314105759133,1.7648788111314233,2.570247575454285,3.7612087402806385,1.6696042295962479,2.600642898814042,3.4020227517328196,1.6612082547060216,2.611238955795982,4.134650668095969,1.8113446407868616,2.648749664941456,3.716563033979079,1.3478333199209933,2.6074520109757846,3.7549326337177695,1.7126639917957622,2.5422283146081996,3.236817110542595,1.6349884411226359,2.3999708183641637,3.779861916687954,1.9252501682819962,2.8983118926845077,3.262001573999642,1.599738130934612,2.415054870469559,3.2148042831468877,1.5496372711892583,2.4572109222694336,3.744853707337964,1.5923247127255975,2.7395544395574474,3.882890998175671,1.7427644736340817,2.7712435533453643,3.118847117307827,1.6162720143126044,2.5840949786806506,3.562505525734649,1.914384878728445,2.370207837035055,3.349652439395754,1.687252539390393,2.4566485448801276,3.2080646397701895,1.6285174332438053,2.5058052366981616,3.905312450278157,1.5469652136890713,2.6967332194244755,3.8561978946811823,1.6231108026350693,2.596780758308118,3.6612621687075517,1.7616506939258563,2.2147857798325497,3.089928743551447,1.6993684887451086,2.4825975797386506,3.5080222614524206,1.7263727460726062,2.7040780605794072,4.039823537623406,1.5893322319296137,2.2094634497662726,2.864363244857176,1.8222162885835829,2.557892900256245,3.4160902916626323,1.707833908961706,2.5684974321590723,3.295084950455559,1.8781955330682583,2.6660531512029406,3.71956769654325,1.597998556204777,2.4178595287774,3.468205799630832,1.8199936834691115,2.6403052444451087,3.2822483005389658,1.8001641600052098,2.375018233711205,3.3147466562470194,1.723658503645055,2.3391348207104556,3.230212012211287,1.9328182320848741,2.7959278755640256,4.141120446759322,1.7675859356191097,2.666057584126615,3.456611862126625,1.6474336252467614,2.7069447926000794,3.8813535991463084,1.8179980244657814,2.3988335119380446,3.609654726198583,1.5844774118641667,2.491590026008636,3.958143461253187,1.520062863445381,2.9403653871784154,3.653869618176059,1.6300830851159476,2.562278901859927,3.30820996282506,1.617962897531214,2.5631932428347666,3.407902129609445,1.560054855160171,2.5101461121563555,3.1319078621686502,1.5092278007652336,2.3192303174579734,3.9679708882574523,1.7608436005642876,2.6572542694353074,3.503153070894087,1.775942320097951,2.7616522694306362,3.614189436745526,1.9460495039788783,2.5433066271162956,3.6676955164197502,1.8056019699272734,2.382231873265356,3.5119674702306733,1.4237868041396353,2.526622566723712,3.4218470806742425,1.6491577311355736,2.4766474973269084,3.643352790936287,1.5671253546995179,2.884798251514167,3.6588947258765177,1.5795551640712793,2.666498900798847,3.77855883143007,1.7553676238591518,2.3689548587381,4.126440360521379,1.795921162327658
sub-3-065,3,2.325435678453904,3.558552224954362,1.666952374775926,2.5511569047801275,3.165759383673957,1.7081489749579628,2.400374502882019,3.4021289547833065,1.758116598094733,2.4642061254000827,3.418681901507391,1.8230347483455078,2.0400525160965928,3.098442145261615,1.4118115774788813,2.4018845835427203,3.5361547842544443,1.795919580275889,2.4048899124558982,3.670747438561875,1.7157822938278067,1.951131518485334,3.3288769029099954,1.7791535841043744,2.2094156735764336,4.061457535310394,1.6084222631278315,2.2531609887731676,3.5387585990334274,1.8246630552163825,2.499521982783449,3.5872477952071735,2.0179605182936844,2.5870177018772487,4.3350965237181995,1.8896945868440687,2.559276357434542,3.581630431144114,1.6520847950950937,2.5949240320574383,3.657236192267511,1.6393775082761088,2.301605161809424,3.869958030746611,1.8460223440506585,2.2949239947620375,3.547877501539014,1.8540608997388692,2.7162711477992105,3.3056883483046393,1.8473175125496706,2.552717507139498,3.6088296016920296,1.5620762172756975,1.7837383281153607,3.2823480160319907,1.78048656520397,2.513022187490702,3.682053448920059,1.8659224472172937,2.490506281389346,3.379894304586526,1.371971526163566,2.271418739597138,3.124819719525727,1.7834958797411242,2.492304517730581,3.3504143359310654,1.6026881429911266,2.409783421116136,3.758569070042676,1.714001989560997,2.7284388652466958,2.885851867460531,1.7799100229328975,2.462917279964622,3.4211875904789535,1.902923930361439,2.479827028369663,3.6377310155316733,1.5473081849269943,2.556499828119908,3.0544509120599797,1.6914033466455274,2.61937353698792,3.809784849327828,1.5773159212375039,2.45478646940535,3.319645958436295,1.6618984674431523,2.37649687625818,2.895978853663194,1.5435931607434348,2.5411868371853275,3.458531791288449,1.7828179134151407,2.701594919488237,3.3741254407262526,1.462139103423395,2.6225794758958063,3.497253454336981,1.6612335708589292,2.7696765078800905,3.6261534307608856,1.7184348996309182,2.5794991542676105,3.737917722681278,1.5965670601532982,2.3915605093204064,3.434442200443463,1.5233096264857946,2.5418245868101974,3.5271463489301107,1.6896797344771586,2.1349448168659615,3.742842917299105,1.7410991710513988,2.532514829202102,3.5260478231761168,1.9064516623114383,2.4447802172680286,3.2296325052498327,1.7340345870958376,2.2745030257241465,3.4167815590549138,1.7241666017677135,2.4181360770823708,3.1056340888520624,1.6123148962944565,2.6547314272809293,3.241868929468593,1.4099247430270596,2.575968500615417,3.341216484920684,1.4409365913735015,2.563401240148186,3.3918436408706443,1.9513974082210095,2.565991861337803,3.6641036921711687,1.6974155314952453,2.442444591040964,3.363468206594566,1.862143808256468,2.684602011021188,3.0831838949580836,1.512709071559753,2.335246339341742,3.7968279283964415,1.4402939059073088,2.6915678236521052,3.611540063489186,1.7220219630101765,2.4648610565618845,3.832812744615567,1.7170202194938577,2.290042414044526,3.1608296799449356,1.4532863341110522,2.766060155915396,3.898791416136982,1.8629414770168848,2.524236019311176,3.100613957757841,1.5418983031209088,2.372002823686068,3.487205956096185,1.9081164097444403,2.7990332357831074,3.3632658729844906,1.3645162328171077,2.339941694236255,3.8328082521596936,1.7347443069092152,2.485983681789182,3.380897629662128,1.5873723540324982,2.333320797018029,4.080177755909847,1.9577724864646666,2.402064070324569,3.008915930737681,1.725352751743233,2.5234557373282165,3.675879847089341,1.828191034400235,2.3393953863302186,3.858461036108036,1.647025689742631,2.6594237748215974,3.4267896499165222,1.8383735256567004,2.1247869499624112,3.706733364132899,1.5752120748215657,2.56322357388566,3.848516828458326,1.5795275036225374,2.3771977250583785,3.395846017487593,1.6347394371603727,2.3609707283746033,3.5297561087402967,1.7237255772139963
sub-3-066,3,2.6333379250292195,3.270520229803728,1.5583996442884165,2.528652586861228,3.431387259657583,1.6661241537921894,2.4226986679063334,3.5924111816435738,1.5586280444492253,2.5280085270687636,3.4142168400377617,1.6949812725702242,2.413348567372325,2.91193999890186,1.2413011352180718,2.443045538984905,3.17763430771419,1.248127623120723,2.8643431203114296,3.6567188658932257,1.8000735591120776,2.148615791585075,3.397828872773219,1.5366039405173941,2.6965777699965474,3.55293834858685,1.6945211934173172,2.5570070571334593,3.9103258677174946,1.7250996417866633,2.364670343331421,3.5941334579989515,1.7733560986244548,2.5239522261624625,3.4854111699978656,1.540067582318886,2.5674736163583955,3.1599452229400167,1.6623836682855495,2.4295219004858355,3.7752137397432897,1.932491480127757,2.3440216214372245,3.498706282771469,1.6534460948311722,2.6335989141305727,3.5269476646226408,1.641893683422268,2.566875094008231,3.439897647777443,1.9383701902733153,2.407143834725326,3.572096277835997,1.776445020803193,2.6289258994680043,3.416590932057515,1.9052410901585626,2.174000941424144,3.1936978440572723,1.7995354912788737,2.3915806306243406,3.2372172151832577,1.629920662360998,2.408584201327578,3.6783849229616377,1.8356607176443036,2.565896759479991,3.7952953838875634,1.492034824970181,2.563659787370146,3.8774269760368187,1.8465283705363584,2.808532934432983,3.3347872139104737,1.8375784736628291,2.4731802951957027,3.6666428130847617,1.8966315232973117,2.407067828293632,2.9803861974279413,1.9771348022812587,2.637862899397022,3.470017723602661,1.675698913227434,2.17268546215164,3.5584447366422407,1.6204152107426044,2.559445472830312,3.5084820093777878,1.193336177700664,2.638193710305867,3.5529114590382735,1.7484905008678011,2.5169844490421602,3.513698544061596,1.7259212623864577,2.59936735509992,3.6331641364538947,1.7424144088629538,2.882951189021812,3.296715805929984,1.6437568092353465,2.8547321575355125,3.4567112729337177,1.8397456787674038,2.574390876917256,3.436212685810889,1.847937233489318,2.6433160603309283,3.0704772454958444,1.7260239752679496,2.370888898612723,3.855922728350852,1.963038506227118,2.5373149959983725,3.3801037871394457,1.5307648527468363,2.6079165022485804,3.2368771297293915,2.0518248200663436,2.7649842655463974,3.585267378305763,1.8495573793274853,2.111489657524954,2.9697717344633126,1.2680119913989856,2.5649502170519343,3.441716761350049,1.7778933921639735,2.552353086080091,3.632687873147766,1.8216625100743156,2.2871674013369825,3.743291918806528,1.6390129619963738,2.64316419373063,3.7862235109518005,1.854364136153145,2.5732475069389587,3.5499732314686674,1.8337868348035689,2.2797882911258998,3.233557864614838,1.658111490796712,2.3100970660258597,3.423919306069198,1.6510476579297126,2.565679185581011,3.4840726398500466,1.8604022794111152,2.65314084500876,3.4801112428774545,1.65001064672232,2.541439540216113,3.49163890798558,2.0778134436327775,2.2876451017047854,3.24064298793247,1.539061109795751,2.5984689030888473,3.5643085370570167,1.614039230975902,2.7113011800817697,3.60350392204495,1.8407150472007856,2.7666217835239646,2.903307431936626,1.8028425011031894,2.3177891149685563,3.5698355348976967,1.6890655992308903,2.5445615247519515,3.1627060265689737,1.8545729804580149,2.3177109040750485,3.710149411184327,1.485216441699317,2.54678591108867,4.005229556040205,2.0542445822459134,2.258630605565529,3.302729293868669,1.6216008040634047,2.955909645033768,3.480868542988327,1.8611996129336206,2.6039472841498474,3.164220499159966,1.4210296845422525,2.4396434850864535,4.148724502095625,1.7386419890073996,2.739787312752432,3.1028920827259268,1.6512167126630881,2.6901919062539856,3.1944732516236405,1.690404891300076,2.3916420989529565,3.73140162749776,1.7597774818690848,2.673009375372204,3.7439010100241688,1.665848779519165
sub-3-067,3,2.7305817099451066,3.3348425179465027,1.7938580152153951,2.1952284095826955,3.2910202669990207,2.047370480537244,2.6599778286114875,3.6711771282282983,1.5764156102850964,2.353042117922997,3.425979154013053,1.6899307273058464,2.5446040936804373,3.5653030381439943,1.6163391806895475,2.5618283047085866,3.7122794130116246,1.502180620173743,2.2041570161759148,3.7081486626484,1.7108018995782688,1.9638190489454197,2.693433362607614,1.7340800195259152,2.4561200705636486,3.612072991382085,1.6604359960589643,2.5438369848406857,3.3341697973408677,1.6885234963443982,2.653873182550657,3.4227960143685774,1.6500764658841989,2.6593568204657982,3.688770371663266,1.529376467918297,2.5447964084668073,3.3533464132466353,1.7020576963937006,2.8081140398765307,3.6005108459636617,2.024636736343463,2.589527015352322,3.4533916175227763,1.6970476300909285,2.5756733729546863,3.5903983998271896,1.5512048968400762,2.508031165535776,3.2971690891340066,1.85444330757155,2.2033796475330276,3.5439328450738694,1.4722745318806307,2.6278028409406624,3.388306626839448,1.4274808150602434,2.71960150012428,2.795411586026333,1.6952870771898911,2.6744142917154425,3.8854848796564974,1.4584764803620356,2.4571157062629894,3.8034228477394922,1.8726861054438806,2.780533833753211,4.217242781969632,1.6236960678904175,2.6170287438186994,3.4031579399250513,1.403732936749122,2.5337994755965316,2.941577943181027,1.6218757213466937,2.285731538755273,3.6228799977322907,1.5832210571683474,2.2286625539057465,3.7423844256958207,1.609437271735597,2.4722216197619407,3.226227966195699,1.872361428047417,2.598693420090482,3.3283352299436815,1.4128946672222937,3.0019141564134824,4.05422287664473,1.9164653021754217,2.4234290951639115,3.359734781690202,1.7600998098736258,2.3891063461144566,3.222968219657089,1.9187837842436286,2.5400747351506423,3.186436683601216,1.8429001005306453,2.4466983025820674,2.945780724767104,1.52977812524202,2.457031182537213,3.5615886300303456,1.7257606427907153,2.7709986375225744,3.4336307930753103,1.6301520391083515,2.7741083952868792,3.774036107352743,1.667981355779043,2.6025653245766063,3.366909771473834,1.5256757206962186,2.5955025044622917,3.128271247051527,1.6442489070439035,2.2772374591843834,3.706206452082322,1.5191213362965585,2.8520325446618364,4.003274816908142,1.7848458583714917,2.220678678173316,3.2275237663519745,1.592868399128605,2.6236623224051456,3.5251286199218375,1.8472557225971906,2.384706337367115,3.9278630723014833,1.6366011858336664,2.41574178545159,3.601531052960854,1.76398287451396,2.2373993831862564,3.3652892596615356,1.3741925038673775,2.428372724362402,3.3228598836708,1.7446191477584767,2.408196763878467,3.345706628536274,1.8955831565290224,2.9215545832721,3.2421467601081146,1.8528885106387536,2.6198053126997856,3.0131391548068547,1.5813244614752617,2.0049901129673824,3.5905985596849295,1.5384813503263393,2.5741068486769145,4.219866538081199,1.938970700937123,2.4119388621935682,3.2175409787508635,1.8939472308666965,2.3691357364593206,3.7775143747709445,2.1103798256887294,2.671575281004239,3.8315238411192,1.8602044985235602,2.449722301096066,3.581253356764919,1.5565346524207102,2.782187065337208,3.196164452252289,1.805148273992232,2.753709243034358,3.362340134605617,1.5918506644011743,2.519455270135543,3.2501191552972575,1.723459639179299,2.3849453743614135,3.2635243282134887,1.7820354346487535,2.661160470516552,3.4178159882559376,1.4530364347825313,2.7607549122181174,3.3744476174968714,2.0093472528118936,2.526168563077579,3.5380176684707325,1.6352372854018207,2.5938136504351483,4.47343885941487,1.647654651329586,2.779739133238864,3.5253774409253538,1.8760689967179034,2.2022603684373143,4.044568660399386,1.751153816928397,2.5018040571361126,3.7529267716344776,1.7215865154144647,2.343382264299735,2.821481662824225,1.9739088085361005
sub-3-068,3,2.5098870675940876,3.328379797296799,1.6197175020001342,2.813604516976604,3.362768794938327,1.7966548412513899,2.489766579113776,3.148653391199937,1.835192734968899,2.7485408189095875,3.309790759955943,1.6943364400280356,2.2174615816575085,3.4046349371806084,1.89569358585108,2.491703346857761,3.4075875987145396,1.6737027342853308,2.3804013534229598,3.0177947322170624,1.7200644655659045,2.294909832174837,3.2806866881751513,1.5905940354724386,2.3882286025696207,3.570672683734893,1.7254788781877362,2.635480530975644,3.590629279512599,1.759072449490658,2.7873806385288282,3.660215170002563,1.7720914612909577,2.2363479480198754,3.7949791254372194,1.6553217356866003,2.5642579908925365,3.1435875713651042,2.0134810287873224,2.104641171894817,3.9166714861480565,1.7637740849867498,2.2070471174885777,4.070191265769273,1.7770648229796635,2.1255030355183098,3.381712139563847,1.7801772135802514,2.858382812612454,3.38541051858822,1.3029633775904557,2.812623711272142,3.6394966044358803,1.3651169109995351,2.6116853060401453,3.6255986130564986,1.6512925529895819,2.401089103163818,3.329275228627551,1.651196930451461,2.6138496748864934,3.720740779904558,1.3778252776869493,2.5960749273879875,3.6366250145092964,1.7253712071095486,2.4771259704634305,3.8975469092589403,1.9016603893687616,2.4840817319511594,3.476738163145764,1.815776036643842,2.780873039054879,3.271653417229393,1.543070135100714,2.599349136196115,3.1853977922217407,1.408250375992595,2.4023323307691227,3.6168058127947895,1.9330415454941743,2.4224223606336186,3.4652053955069104,1.7233317581401606,2.4332521130876654,3.296394119012022,1.7502477425984233,2.3344623101219932,3.285124152269759,1.6696118180385802,2.6080430091737337,3.075730958197476,1.6803774718290743,2.3176459681283275,3.3084237767084157,1.8182939991790257,2.5367078068345505,3.967339621607678,1.6891703716382078,2.724242308099019,3.7225369183639545,1.6980169582727698,2.3131825221818554,3.4705646587720094,1.6200843975556896,2.4471445896323814,3.5436298772878985,1.4825643594388458,2.3927080774575633,3.2166219303943255,1.661866314084886,2.411730962734527,3.303319944774301,1.720319512134225,2.119776722979421,3.2813457603269427,1.4326452827096303,2.4008839885083457,4.0714319651346065,1.5953892873515207,2.1708428863925686,3.595795899592843,1.5938046492016473,2.2438924420383914,3.2549302020653235,1.682481436014454,2.532067894693032,3.436565366256864,1.8721880641799717,2.1507344090668346,3.128863438892472,1.5762357615635607,2.2452880964865356,3.365771688274838,1.6132880251635195,2.7254460309219626,3.475283840129245,1.6680483058248292,2.4816290651898782,3.2054411610424847,1.8336190842013662,2.76781385514312,3.160593519814176,1.943008378025995,2.429223135336598,3.2892953466261243,1.7709190507550614,2.6511679452061983,3.4800460449500745,1.6480572885022688,2.7610235189333583,3.3254762036000325,1.689684640400541,2.8548817446018964,3.125616685251053,1.631202570938917,2.7345243471285956,3.647840011627004,1.8341026384858452,2.3118808237911583,3.589912205183055,1.6572189963516684,2.9590350545403084,3.726625785703806,1.6966522082494935,2.601461729385593,3.5152005711939727,1.8048522511708378,2.3958658966390765,3.8822608551535147,1.5012909064324294,2.58690788859737,3.269201655897632,1.706424118871591,2.727843373914701,3.0205432821454408,1.6745782531413531,2.2908437409791165,3.421772903667715,1.4836410231793369,2.5791214293463534,3.3806724280095026,1.8120683806679705,2.771140459981079,3.5029814703646003,1.8340482478134439,2.798842555823398,3.2418111425643623,1.9152478348444997,2.5433509578688764,3.2260545301930734,1.7447693581786057,2.5370228760995404,3.106036694355576,1.5348425752538548,2.8447165795079896,3.578000959812653,1.9222691370727165,2.4750168344840913,3.2755438770855982,1.44750281252829,2.7242358440407832,3.614977038814284,1.638868216739793
sub-3-069,3,2.4073212792871077,3.815523486329691,1.6734078303985276,2.5200245612143988,3.331784205262136,1.6388810760881543,2.649022110201101,3.1033967357065584,1.712110587450351,2.7220053105912907,3.476267557681897,1.8581339390951308,2.44130784621286,3.5330030566552373,1.5194116346233661,2.5436210955640286,3.5968156519610903,1.629537539530287,2.4594409059672784,3.342272262233598,2.0815340901570276,2.1512036705475523,3.5792291704626344,1.469589657732454,2.8563195067409177,3.394001109689296,1.7079465360803632,2.220109901102532,3.812648274319685,1.8999829741902152,2.33629111248824,3.8289451821821254,1.499406858584407,2.6637720923113,3.4193684630156,1.900438081457222,2.594854464194722,3.7608111067546504,1.885663500424157,2.4976143268790234,3.4919070858435886,1.5333227373221552,2.4959956216469306,4.039580427947358,1.8133673719837702,2.361972082744553,3.9568039383373383,1.7583504767708886,2.699476406563649,3.6373480682642385,1.7629637646122298,2.190411508353582,3.809948626631905,1.3618496824680544,2.7328778797233055,3.5278786459583533,1.8253196415036284,2.5785121574562138,3.792250540402496,1.7024222079043827,2.600566802358535,3.613332827208428,1.9817963418857256,2.6580495138006417,3.1312812039998423,1.615403034107862,2.6576407220957536,3.85272886420821,1.5916735855561668,2.9531779709394073,3.549169065371539,1.7630851103864844,2.3242667710691745,3.812333442904826,1.6331323738373413,2.4157410903525496,3.4111859826202635,1.9074166267467907,2.633833690265914,3.2510561338152555,1.6204431542679454,2.8037219834967835,3.433813315740599,1.7840618838660958,2.694926826419791,2.5427394550286557,1.8896586422124657,2.3965767322424885,3.399035318006218,1.930897896792286,2.8104464453252755,3.6379783729916326,1.809265842217217,2.7260331100998005,3.900430224447812,1.9336127910691656,2.5693864016916232,3.293546183736552,1.6617270928394543,2.572896011834371,3.485141135957391,1.5481667111682438,2.628622951329202,3.0610194516263722,1.712808121327431,2.5769100310500166,3.532267405856826,1.8276822199064238,2.6793490907602453,4.122349935056894,1.6223432324268579,2.6002799696012255,3.5602662964127263,1.7252279547036236,1.9723262377801778,2.9486267453944675,1.600969970496197,2.266339094739804,3.4064225005886137,1.602869059926057,2.496364060861448,3.8170515475680964,1.5382496580386311,2.3565638471007846,3.1200394465875343,1.532987090691861,2.6337982180779647,3.423238419965679,1.5661298348028376,2.4833500852108976,3.0025425719034544,1.7571776779700492,1.9916669945328391,3.748645483240966,1.7922892926657896,2.838258262949169,4.110981591842208,1.8403656439488798,2.437067093993067,4.108334267910718,1.5209100110233327,2.2075133460884313,4.01868990371581,1.7902337274911058,2.2123528398096344,3.1204994234554073,1.7826927546651299,2.393406329064479,3.2966783091473912,1.9949633650730094,2.9366749407414656,3.5410934730803607,1.6774259768360917,2.7124419321593938,3.3427501459403937,1.3654212248934705,2.052924682207451,3.479392465534893,1.832281788629904,2.552879991825603,3.726789015167302,1.8364750377010495,2.799487320187419,3.552154074211503,1.7413812969458493,2.5433760854503533,3.4276471953782233,1.464195505829335,2.760957136174953,3.3925471334095496,1.633842751191697,2.4525087700321206,3.1246914073392125,1.6871685190936587,2.642956500352517,3.3025194962588666,1.8556401660105322,2.483685955626202,3.070856829184587,1.9060547563617007,2.5857232815472346,3.7417192994452204,1.8330289481015458,2.379700234352714,3.353864144196702,1.855142911288529,2.880339152739694,3.517720219630296,1.6059215183822464,2.852820506665915,3.3245444762236267,1.749345578662233,2.4729990841224487,3.575340376372877,1.5581821829081255,2.4825610239603737,3.3243567736506954,1.7993357288431284,2.579378601133219,3.746456210322602,1.5761360069596055,2.512478822421468,3.6750088334078956,1.8288050225475831
sub-3-070,3,2.2897588519964365,3.588982882043345,1.5780124711993384,2.713674173064728,4.020941395956101,1.3082122781573742,2.431929332539238,3.573855808767771,1.699423362052053,2.71913716527018,3.5221380372595275,1.6205388495252258,2.016340375502277,2.947210431531772,1.4885875299763742,2.448282362509874,3.6074506676715123,1.6764909613661394,2.4328390792618317,3.2173914351946484,1.5946057443605555,2.09847409350552,3.0705248035601787,1.7009669175660789,2.7962479890915315,3.170702463549991,1.8678880878143003,2.6747826128631966,3.5503632147527626,1.9289996366187756,2.519351719077297,3.612531180728756,1.7185585717935736,2.5588833073009063,3.628519621383706,1.7069632716291236,2.6339011563214787,3.31245037216067,1.6042130222785944,2.4286154040421213,3.397856685675245,1.8519926830651363,2.466803133439709,3.6826890437546824,1.7398169394447824,2.470544106023964,3.8665711101418885,1.8104166767727958,2.550320776075532,3.477281194982611,1.7140589840981122,2.274683224082211,3.2690108695118036,1.7693773255533074,2.265073444775422,3.290665127228462,1.6411183537821743,3.072657835462878,3.6886464297848605,1.8646012738373483,2.4050735002313863,3.601375659711469,1.435973823724238,2.4904893565323922,3.641502459817898,1.4873633183109078,2.6207646491787675,3.633300001535612,1.6096245149021247,2.3997351398685924,3.2997322993325313,1.6479576570964272,2.4929806765494487,3.642690450073304,1.6198396204523045,2.8383827060033355,3.9465647967783,1.73543019301761,2.4879658610918582,3.3506812363786147,1.7475137920821873,2.638508668350429,3.4437187771303535,1.6410305733954884,2.613493794198024,3.5193316189638333,1.6141816279207386,2.5703471140729905,3.3305246095429446,1.587251201109113,2.5491041018809524,3.3390925807384715,1.5900502065924962,2.7382285238884196,3.3901825241308643,1.976504249801238,2.6627950131952187,3.270203050844578,1.8739639415743923,2.4210084900053888,4.052537302591117,1.7339289604270087,2.64766213259466,3.508666785898748,1.7398823876898442,2.508760258230789,3.240773659286362,1.75095126255811,2.7344638858534625,3.166620144625538,1.9310710735513785,2.658204694413601,3.377665709645968,1.6317833545821971,2.5355492387766647,3.542842916471422,1.771007677888232,2.504808890332683,3.65554444685214,1.7524067918886062,2.518562955684106,3.5305919912958728,1.8665076762232486,2.4879264777967744,3.209580919851841,1.4030415618372762,2.845846727652308,3.9637242184156465,1.7600581222323093,2.8726735732454722,3.591732291043997,1.56364116534346,2.3138166111448966,3.1299272890607144,1.70068352374184,2.466075782758019,3.3379204264592355,1.683964006188389,2.7044348423752655,3.3468376825498676,1.5926909816414194,2.463418081487517,3.7578591342454786,1.6894973167798828,2.6003833903828766,3.934846591712699,2.1264909868171835,2.665269734812041,3.651579864983032,1.5223209436072542,2.6163327980218405,3.517358681721163,1.8338372380167756,2.4794675650194553,3.5562007778774603,1.790784848964733,2.8917376634682004,3.937856101931269,1.889910853496912,2.680881468660906,3.3792285706489618,1.808980805317414,2.4109917728331838,3.4422587168503402,1.9667553245154996,2.6468367104113786,3.563563660015845,1.7533566293756202,2.533110983327389,2.8963708480749735,1.5103419277104742,2.6611029029394815,3.242247357862313,1.6838621389071033,2.3290602380482994,3.2987786697462482,1.6993607701731837,2.7162949145847533,3.8148116635002314,1.5898044149266854,2.6052065829460362,3.100879960591716,1.7084615898975837,2.7215972257328263,3.481226729932498,1.897353086144573,2.700645474454952,3.567570873541169,1.662544282902654,2.453820637825398,3.0917692773083405,1.5057264035291287,2.729088238009788,3.9238334257503444,1.5378445017437974,2.5622736464566827,3.059147443192061,1.5534824650436148,2.5967692804573272,3.35476483011868,1.4125709711933,2.8593956581331357,3.4862389413296135,1.534339167781524
sub-3-071,3,2.573046157374836,3.4773571861174135,1.7632738372988044,2.4888261361249278,3.5879923758261114,1.8415453960140167,2.3127268548698767,3.3058888649775495,1.8258892942815366,2.4507506769122016,3.477131701435117,1.6294411250927474,2.126555495468509,3.141978191344533,1.411196794547451,2.6326554515692417,3.7974448932964564,1.6735264029853743,2.7209033273928256,3.3624968229403125,1.617482624995076,2.273925442530983,3.399664901502828,1.5830861906028706,2.6717858598711284,3.1396464761064515,1.6544041910735026,2.7236672086971887,3.7693953502201274,1.8254038534109078,2.733733048465272,3.3956886452805755,1.4442202875098515,2.503418449519212,3.6780788046689348,1.8199155108748717,2.4552711314812634,3.2289555843742197,1.5697235957724527,2.452139628209111,2.9688009338725365,1.620928128918771,2.558617809706132,3.472592390073084,1.6504594107934838,2.4259331966588635,3.339613993299923,1.6167312996357195,2.676986429673722,3.4997398981133405,2.175026101501486,2.4901793665055703,3.622604481698222,1.6534949323848296,2.489819687422546,3.9374640390030344,1.8496322562672483,2.2341558340334964,3.213692723236565,1.6795637589815253,2.4569197037665824,3.0776684076705676,1.7173707476468467,2.2119374751972587,3.5354907731875205,1.8094964995028704,2.7070924594729866,3.459592060552454,1.9266223628995636,2.609692688359869,3.7368310825981617,1.5895604404803776,2.823894263430531,3.499171850016837,1.936515661525659,2.7944675917114856,3.5721386423813772,1.7608530396651938,2.5176114726727477,3.2706287970238193,1.7892797282083237,2.6479275816409857,3.046771684132486,1.6875831352160644,2.7062425850535496,3.9104063864228866,1.8087974759276688,2.2768919885334538,3.204755546341834,1.6481004357649893,2.8017861481830293,3.330018632213961,1.8587899878089686,2.4378361324309776,3.6491329908045147,1.5589957272270503,2.515113589434452,3.18314877402886,1.9164649286422184,2.4249265811540144,3.066798989400331,1.4560524543250284,2.5346220945001514,3.3717409185289147,1.7973085560747886,2.507679043263743,3.826470539071199,1.64218757177811,2.7347667523868635,3.2332840374950056,1.4745000130713486,2.4017990892146144,3.1839520260037384,1.513905336750382,2.2744573921617786,3.2059913514208684,1.6212663138916643,2.644958892129006,3.0280049195585628,1.7854895701143139,2.3330631294211637,3.3384903976319324,1.4161811616743603,2.3178244180104497,2.807062369160046,1.4199836751072041,2.3470353835205118,3.463947199095638,1.6761096145413976,2.696141649266416,3.470720542666364,1.8448655601954524,2.618278391976643,3.2352657940715797,1.599920829245346,2.8219050093070313,3.8436805919171393,1.8236117931822484,2.7219880573945865,3.630235142906776,1.750266001160613,2.558948676132179,3.97567778527328,1.6303012325404371,2.5932540045649084,3.021684280339581,1.485392429030027,2.8767292023541624,3.6726984739530657,1.6680952234262516,2.564098425687366,3.119725803593313,1.6357820005018677,2.287535379796907,3.4173144751828737,1.8020480781550765,2.631594185955823,3.9449534376589157,1.7442100078937435,2.103873162911012,4.046186765088537,1.5738959955125866,2.5791785885897043,3.5285118997105007,1.7361348074236358,2.5586505852503616,3.5183893695357646,1.5017544227965933,3.0156568953337843,3.682402165783147,1.7077821093942547,2.881536043764084,3.1998611111910273,1.8302584454966286,2.4500701321148077,3.6126531986505794,1.7636678899679084,2.1294332804237097,3.0991339987734996,1.9379658810119458,2.5046102447344287,4.060442450232768,1.8965188164003632,2.510350537418421,3.413615986687569,1.9472624624076773,2.928543588163411,3.4197515646819507,1.930724743673632,2.735403341553453,3.8367132434828863,1.715171889141885,2.428964772317226,3.2047751148976333,1.5043600415970262,2.8939599984992594,3.5030645366547475,1.5282836585008832,2.7304369366902588,3.365915783496438,1.6023536741452102,2.922241806585995,3.127403196095708,1.73525710744545
sub-3-072,3,2.4436343864057504,3.2898587974015623,1.4804217762821097,2.5607250358964455,3.2553077207505403,1.7887066863685015,2.5415387575187625,3.4124649043492155,1.569718326396941,2.807527073131936,3.7059905130382162,1.5977986169251128,1.9553430918930368,2.7513630280804904,1.7706030090714528,2.7136511283055693,3.793039682936395,1.6819567627391094,2.6950821646888783,3.787614337704633,1.689530691609027,2.1355333391931497,3.0066405697759815,1.6639223323794268,2.650658490068367,3.3861702719155042,1.6566887548156244,2.5108869002064402,3.721547498442283,1.4938511483669714,2.351054373183808,3.1959913212840303,1.6777202128003081,2.6067498962098026,3.2007147915958707,1.8363508810608837,2.8132769013904917,3.615863333515239,1.8684185157928537,2.3852690302346042,3.250419280166925,1.7771935966396608,2.543087511185355,3.249898356098761,1.9137571395013668,2.6037822424025596,3.6966089923522887,1.5988622804811818,2.8523835221235654,3.4563398756763766,1.8528585151985215,2.445090994716643,3.5472213997064572,1.7836754045327579,2.909173280442098,3.376876412039041,1.7303843966497559,2.656533946911166,3.1038447864083873,1.373849023426747,2.370749281421178,3.7708103695937116,1.9574610361580156,2.3838626126663116,3.1593171388013563,1.9302118962909651,2.44822319060742,3.3958985916812052,1.918870098907418,2.7830461385694427,3.761538343741006,1.4432793317945447,2.3234780573293903,3.813742264645382,1.7476835284188572,2.4100077497758416,3.40352351056788,1.8666478148148204,2.824969838482137,3.4983274795390162,1.5969622990544918,2.500411250163551,3.8760583602491265,1.8985300058604095,2.5849658514720564,3.3517429258511173,1.862414726622569,2.8421300178614013,3.093018044158603,1.6651352479244046,2.758072620831457,3.52062824831399,1.6267120442138459,2.5833338596821536,3.603797204551424,1.5309743976510144,2.566343118394741,3.602853384581346,1.6263732111669789,2.4096921259294217,3.3493914748211755,1.5543631079393638,2.703111699268799,3.2245807677908576,1.7283564949304218,2.4826441858477164,3.302268380862785,1.9056991437063224,2.5264589738473506,3.3125681605053514,1.585232195076289,2.611031651175449,3.7314446009516407,1.8906132244764253,2.1698218736466095,3.216235311962179,1.6196431531559867,2.5800824396276534,3.2838241292237154,1.9193617969904122,2.553999916230976,3.649727202487114,1.7636681846633249,2.2727079361709497,2.9988529056437416,1.5990399276142189,2.960533972276885,3.944407241027024,1.7235511491004025,2.483964398817283,2.8790217145787933,1.625399572966811,2.535884560636964,3.4111513911366798,1.6628476368933724,2.662037642974406,3.219900397170635,1.740897757419348,2.5301534043959264,3.25295501593805,1.95111571598115,2.6846057793556506,3.2798080587482903,1.7775876626840308,2.2998967983909115,3.3142258303187444,1.8991354691311524,2.613272677548227,3.5759352485721836,1.8480452121090705,2.6600300597837485,3.4255055652787405,1.8404606966671033,2.2459879971590784,3.3131070921573222,1.685457355564048,2.6485912213075133,3.409000210759694,1.4323909024060348,2.2035939054722644,3.4809340395483366,1.6283336678013918,2.3862041040122137,3.198364039392645,1.7200664071928624,2.7844070294225007,3.5374809385637613,1.8973403877173491,2.48268149909527,3.6241638456485488,1.902805887225805,2.5215825766814186,3.5072722451734757,1.6438274393430454,2.656651123057062,3.7526361883149613,1.7526920194111042,2.50870044510938,3.0800774020822077,1.6927355311698375,2.515448319766424,3.566078906288105,1.7175188349738275,2.833033467122094,3.3050052311695324,1.4637105421390615,2.344343627661899,3.3225855637876935,1.8623010757375487,2.3164963355599513,3.1741353852998926,1.76208593171422,2.702875096594368,3.06621315298346,1.4341917908082977,2.4084234120897867,3.6840613971850305,1.721484006936233,2.4150047038297617,3.707040500296998,1.7186457985598331,2.5306328037079378,3.0479823002450237,1.5844222195145468
sub-3-073,3,2.9022469608624553,3.405837924844373,1.5564809576969787,2.481194753454433,3.5333436823286517,1.8325015838005116,2.6617953072159874,3.310553117698536,1.8907365250600394,2.6966439049350197,3.375362598502601,1.6807702617541307,2.3081204349691937,3.5809169776612166,1.3721998247350369,2.562680984057742,3.4912851012241317,1.6144049060556411,2.4463557865051397,3.795225394774855,1.7802017170348157,2.5791942250300623,3.120458013319,1.6205701711332252,2.6057460452476757,3.7509035401682898,1.9037619116423423,2.566850088337847,3.1934628791974866,1.5933682614900047,2.5756909711104483,3.814373307888769,1.4830391048550122,2.3393994939138816,3.7120029768306244,1.505955922035377,2.3474958883254278,3.818230486868308,1.6668017278684506,2.4963938434728967,3.8831222700447117,1.5405535017059722,2.32248278318251,3.9561795045324173,1.7349983458472455,2.6723468550391805,3.4128964589110837,1.684010236096391,2.4233221679971835,3.5890736096081426,1.8247059397209393,2.585276743876841,3.7970538926197843,1.7993593495992577,2.3612803898466916,3.4594716771153022,1.6327408012601454,2.6856181420608567,3.629244490297037,1.7191074000104363,2.732445977797783,2.977609515026127,1.6095304664090373,2.456708339346383,3.570485628813908,1.7829215298267294,2.549764600062473,3.1318112378289524,1.7610157681387935,2.5730511300306826,3.088760161210714,1.6556897167891222,2.6173244188575002,3.962898470556902,1.5366393689345261,2.6922216790718996,3.198587349223154,1.5094087265805753,2.3319135752637803,3.6694039029904535,1.7194839683168122,2.4933559264889356,3.628192955789201,1.7061232110604678,2.569893407340016,3.4150126683232322,1.545867940840964,2.8544352809161655,3.8921208526512823,1.9385238055297251,2.4529233204460397,3.3090602404856666,1.6378332556673427,2.7433392499235096,3.499946220016998,1.6185212452027835,2.6154951020541883,3.2937942986864988,1.496691417999177,2.573262292383058,3.3554995006047394,1.6979449856489042,2.06672526447429,3.2502180493332355,1.6932414112519174,2.2770496848432025,3.0849312072220805,1.7058154064910076,2.676284744782377,3.2503194988951067,1.6606810013717959,2.5069759181672113,3.062552020577173,1.877582911932263,2.16706765896252,3.2317729132661444,1.6559475105944501,2.2692009028797835,3.757581602681769,1.8575916156432193,2.57529570542784,3.62941836539202,1.651088075382335,2.355392928786084,3.0495768820047258,1.5951402511548705,2.554907427483903,3.489168348714953,1.8603689084435207,2.9438768706999103,3.4692456267764533,1.7705536450740726,2.4055630610628977,3.7889380144461415,1.6223773015522804,3.1161230607472334,3.032192856103409,2.0221167750631883,2.728419993848902,3.1857722868505522,2.0479172581654406,2.3828861262103604,3.411987361898439,1.5055111166194888,2.523638657066004,3.4852447616682958,1.8245046035914596,2.9888964663940807,3.3563710212302817,1.2871054371676676,2.6667296660759887,3.345912998586886,1.9727680105334484,2.543774770505354,3.2874545828116064,1.5480547076206623,2.6621196095395714,3.422933734352251,1.9201560879695379,2.5120938901940755,3.8960936448547883,1.4929798690878546,2.237048459069275,3.732172533713684,1.6303361606715312,2.502560844832139,3.216585688595441,1.537174792633797,2.6644200790578405,3.4947227574543502,1.5409698275901993,2.692297898306713,3.8289757722717748,1.6836751824390215,2.730575985241431,3.219494630516646,1.7865813349651507,2.5791150380164947,3.2783628943393723,2.00795878719804,2.591899498516186,3.334570336355321,1.7029436074014586,2.393455010460863,3.176074049361989,1.6325870591655913,2.4812917625482402,3.274831333142161,1.8876669952728504,2.4121602170668615,3.2389758684234335,1.522141964088185,2.3192430497851118,3.7876864716706864,1.73872507527404,2.674258958017978,3.7851534227159225,1.650005035984918,2.815003157137572,3.3244707500872255,1.5356410961302922,2.6172509988093418,3.5404734058255793,1.7214439633303555
sub-3-074,3,2.732757841503452,3.529739070060631,1.7469577713521525,2.7947284641344483,3.574670673109104,1.7741388551389028,2.2948114169495293,4.541362414587796,1.4613736547704832,2.4529207167093947,3.3405211608153653,2.0162023278348724,2.0918921128101298,3.4037262426070996,1.5155851312732984,2.36278252906143,3.6596994988359697,1.5921550470317334,2.587366182502638,3.675473906151407,1.9860132346637136,1.9728085069173869,3.237211744972499,1.5832795903643515,2.5501670569875468,4.219264370416452,1.674000115457921,2.096293872441945,3.4444393586613438,1.6822434180795263,2.5066125066731697,3.298779624602112,1.5018047545778948,2.9387083871406916,3.58912217214261,1.6711639586351241,2.9329726739881457,3.2567758482466496,1.7903612615287516,2.3251689506840916,3.710212369647282,1.529825706107346,2.634683350096828,4.046906018092462,1.7140174391579914,2.1553353364190357,3.5100160145833037,1.772067802966987,2.7121771165426627,3.9126056181752555,1.9286855964362848,2.526430829155187,3.3153572066247037,1.5322234189030963,2.4528090457178404,3.633428544369332,1.4977028278656246,2.3831651522228725,3.6574437446664785,1.603026931704303,2.616597522049294,3.2719931451744957,1.7431697454653765,2.411062141405843,2.967446610206767,1.843393530743616,2.4247389914715654,3.4303835420123754,1.5963286852537482,2.648005998644711,3.5932872952084147,1.7813140224504034,2.4510822535976784,3.4860760622035722,1.7625548445098103,2.828136715055826,3.5858287560868822,1.5494975517210003,2.5982209021043148,3.453800625513021,1.400189905817975,2.217871774191136,3.481382907093567,1.7026698399154456,2.496945046757896,3.7475709001481987,1.5597281346243435,2.300484877908259,3.2688061571978335,1.608533590630064,2.539532415926508,3.276660765616062,1.3787410517344532,2.087525031551916,3.534484564449731,1.530646769491843,2.1890361609530355,3.6749835641901347,1.9317771552722827,2.5329974630214735,3.575163236797142,1.7415373845625262,2.1336329740806317,3.7488227300145778,1.8859822652665832,2.880623852326804,3.3774664530052516,1.529731922887651,2.794540353611107,3.6396949099076306,1.831199556118941,2.433526255482397,3.5760374766832266,1.5419900120873258,2.199056832272826,3.182591450405347,1.9515330915194034,2.6487533478401115,2.8974382309998403,1.699766686157207,2.6162707777607705,3.367291115409949,1.534586122484865,2.318892893744632,3.0108115251282817,1.6863165578165615,2.361742117005005,3.350507633129351,1.8434225121086265,2.638051340576821,3.5087979248829813,1.6955144224758545,2.5662995711543544,3.278368322638865,1.472495410835778,2.6524511387819087,3.928428012292948,1.7906349393290486,2.5957510348072397,3.161613258417628,1.8315761406339792,2.6366509897416095,3.7128410202331916,1.8550836515976805,2.8354812540678576,3.1878778818191353,1.506653459916665,2.576667729102944,3.24169491271242,1.535644372932893,2.7696172351939947,3.2174624733694577,1.6983399300197028,2.256343368690367,3.5176509375022755,1.8774226334394428,2.768356787816215,3.7925978135882428,1.6882442046602637,2.7500708134033918,3.6204227492256997,1.634158054997706,2.6187062735150177,3.747988583879584,1.5008423163236901,2.3591249037069186,3.4597884770966187,1.5167362812748584,2.3275147044789244,3.3822356199161954,1.848798354431201,2.72516717660532,3.5899024487072797,1.7270421484504435,2.9257461171148407,3.348981727709886,1.7361611202474647,2.4439821679427247,3.139522025828189,1.8777321597190213,2.495063022099156,3.694550151521582,1.663080651526671,2.7743946896157046,3.220773732953987,1.8745869069256837,2.71095696653834,2.9975014958406194,1.6224713111439655,2.7337491556339035,3.958451734865775,1.8073244477959995,2.478619544149482,3.228864954951672,1.7849981718947006,2.4733162125405252,3.3926028761553373,1.6663764571273079,2.708716281665409,4.005804621585539,1.8540318999765222,2.5517192566896476,3.2482256495427717,1.800141592044873
sub-3-075,3,2.849779712738285,3.780990729541056,1.7311596578825204,2.4619775545949563,3.596648242283026,1.87318648983615,2.5918156030297346,3.4710388227345046,1.5969133039946948,3.016096789188698,3.2505392129352177,1.5524963941608814,2.2295375377255167,3.223460259771049,1.753494394067427,2.7402801801980585,3.1599970444811833,1.5866653909984634,2.3924258797171807,3.719667656707379,1.7642509519737561,2.1331314048091223,3.340591841097891,1.4310608065382457,2.416340499586695,3.135994269724625,1.7218234470250329,2.575504981667265,3.2243771000745065,1.763181367368511,2.7402807538112515,3.2114646375119156,1.6510518900503948,2.6424518116574034,3.4982168246516276,1.494194363038542,2.470658035560684,3.3672857678273007,1.6744373553971088,2.526989781736974,3.9384818742750687,1.6687243374978604,2.240745178751842,3.525516729483341,1.962162662687796,2.5199191553969404,3.3773356472647094,1.6542314145678096,2.655146082656683,3.4133749213181073,1.4726585412211137,2.429080151081846,3.4818864990379312,1.7803436867613047,2.4451149702142914,3.4170601013230986,1.7067388471758822,2.4100638073860514,3.474310911574739,1.7700817674963472,2.3364306228118026,3.585807559874909,1.5364539290436974,2.357347642469471,3.3144171249058396,1.9048127511106503,2.2412677271187293,3.3700945540134537,1.6960324055128653,2.7600919142780067,4.0454237762100345,1.636696241962509,2.6470847527008945,3.473525711475811,1.6848542883643272,2.599188517587442,3.0560699799736377,1.6928174277953665,2.6311365100693593,3.259265648004066,1.7686112185632996,2.2388781206813677,3.526198627447485,1.9013268402374728,2.510653782819029,3.2261104950411044,1.4862293523517431,2.620294391010975,3.7598445947759838,1.6915858381939164,2.4665356460090955,2.9593458941744846,1.7186044042627524,2.4259319873593532,3.3231052651278254,1.9424623905052827,2.2257104359116955,3.0330278545395055,1.734698859334681,2.4806440204884943,3.354735812300487,1.7408976873416813,2.5960636287932615,3.227381552600175,1.611245246949857,2.5589204069081797,3.546781193904542,1.7724880532217129,2.445030495060906,3.5971737766788143,1.842552161064134,2.5584346687339123,3.471208032782366,1.6646684981558042,2.0888702686781304,3.0173658152032883,1.555279251859036,2.6311438059777714,3.251036679558937,1.688689925410877,2.515541409739182,3.9977856271121426,1.808416707869262,2.327181573700994,3.537612550396015,1.518145849945947,2.7978165666961847,3.5445681674040626,1.6933002100929564,2.331348702125267,3.3875481336007045,1.4351091659597608,2.5053268674468376,3.3386357690536066,1.6402472983060705,2.3005279885366314,3.697008977298797,1.7888798949021625,2.8541602342638877,3.965210994267373,1.7234308541846048,2.7342124980646694,3.5731656317397,1.6358970489898097,2.49993840387036,3.678897749488211,2.313188460623195,2.7600372902685724,3.5689940480576605,1.772568733758435,2.635476319679178,3.474719057086876,1.8134705032607585,2.5220165821282237,3.216776725156666,1.7722492633747593,2.660760685447703,3.4591745286640334,1.7464787028255624,2.7229601433551665,3.485493177463517,1.6329493913787694,2.4223231013587174,3.4289400695554417,1.930233785636736,2.514295342077952,3.6006460250752887,1.6513282439378472,2.4761584225510904,3.2537953881991273,1.7150410893360561,2.456924459957509,3.856626081711151,1.6838746634001516,2.541984472645079,3.4495491622843066,1.7556596215864284,2.8183637574969596,3.2088627012536275,1.7416714610698387,2.2676195420991876,3.8424983081428996,1.6837793478610172,2.2809157200370214,3.1427835209918307,1.8220835085638722,2.250366249625103,3.577920828675538,1.6357180266452844,2.514943476108679,3.3113231151381934,1.557072507928926,2.4622614059809513,3.6601516471349624,1.6561124526448123,2.625821886903493,3.432172846107164,1.7916867020912641,2.624689604750272,3.34859816220459,1.5569483525423955,2.722017474292926,3.272251209001188,1.775117746219621
sub-3-076,3,2.5555967147379306,3.37034247076435,1.7644200740439508,2.7962180649441724,3.675143332326918,1.7193934531514268,2.841866516663039,3.0312051665072968,1.5331691268338745,2.4663989429485427,3.897410543387339,1.8414256617599705,1.8910684921512815,3.1578149675085996,1.4014260093216346,2.54271887742926,3.7525130638901554,1.8463480697228394,2.5982415934122636,3.3809943051461473,1.685690049439111,2.322990400198307,3.937244964658443,1.4222350727536437,2.8359928770869276,3.568335719844215,1.8230379876197091,2.583329871978122,3.8931742342196562,1.7494522151232608,2.4332228854240605,3.6260319523791766,1.8690162556588632,2.5500385419148213,2.919257389827562,1.6827599294369546,2.5676490550828666,3.487420142864743,1.6256783366932017,2.7881430355363515,2.8355690192879353,1.7140965959641126,2.5694367102835325,4.086558909706966,1.6978346782479323,2.630213202666085,3.5350035037637872,1.7141642335799225,2.8673326140279025,3.188737009206202,1.599919280762599,2.68575087011484,3.5719153025965595,1.657515688705773,2.537299608849988,3.755898896091983,1.7727634536189831,2.4216666963720472,3.566577376971521,1.6925296213263474,2.6346759067997376,3.4100981857663237,1.5187538121618207,2.6710267835407735,3.6536133697024264,1.9122948514577691,2.313078788168085,3.4802929829371894,1.6654399710069139,2.478681211193738,3.0685144290072595,1.5400573084978042,2.5986938338073053,3.3600701568564797,1.5760385432281627,2.807471254360468,4.164641907748007,1.6915354981172455,2.2796079605161044,3.6109932355047496,1.3871944188190044,2.30696972065852,3.6158216992293113,1.4924398696925867,2.4967139062276043,3.08458429542884,1.7084389271803189,2.752183288516659,3.328402367478815,1.6970875372351282,2.403147727413684,3.2911789867395225,1.575294407321651,2.691467423957592,3.1042194536174894,1.6502218894440621,2.6237670377634785,3.7547435472575548,1.766091106343226,2.536925977508341,3.340711091720716,1.838797452024041,2.393899621288252,3.2613830460617304,1.9028748695336553,2.614847113260738,3.610769809421241,1.7897823864743603,2.5329261073708156,3.0974459398043557,1.7376749878990179,2.546717830119999,3.2594596761074346,1.53664221029601,2.1916233084317733,2.8998160863136566,1.5784888004958175,2.50247283595019,3.4666380744601244,1.7603983856313703,2.661951818138781,3.3007808415108784,1.8304687270313038,2.160513270746966,3.7709243879373537,1.5121868631564277,2.2599605928024484,3.7334197789807333,1.7638431370670868,2.766299069829884,3.586700266293389,2.0510013362698105,2.516000158469228,3.792964522397573,1.6211813921770675,2.6385197747401206,3.6898462833108963,1.8248844184362454,2.6897387837957676,2.593714201270301,1.6896984116377096,2.4464806248220623,3.394192134534186,1.65748853378447,2.725945319993066,3.5567221796310515,1.6238715106114903,2.285712339538502,3.929256144856738,1.6029023003321046,2.5264728396463396,4.098883287717678,1.606983863347062,2.5003777390184556,3.5650101994711956,1.4591080247469335,2.240076197896742,3.3651483034572713,1.6329495331254043,2.5741607187553415,3.2261615869547904,1.7650970648650492,2.1617909551120924,3.480318408003359,1.7540264460765227,2.609119963293929,3.4544225828798765,1.6009492113401163,2.5154633272481974,3.8455085868277856,1.610079884645087,2.726059932782178,3.8184285064515553,1.4396162260612988,2.5269328210736353,3.2262323175048375,1.4747249218724483,2.6925655508390074,3.632530417301349,1.7395189109716638,2.3546105540786506,3.558929993632762,1.5034305218099373,2.56390714959123,3.3147657650577322,1.85761862282487,2.4846339016508416,3.5647478049155983,1.7350052035933667,2.536356069830321,3.5294929851095573,1.7455670360051778,2.388649075017046,3.6128230154691816,1.8295796244721774,2.6215226478184515,3.4008314449005916,1.7261602495742077,2.484522988984685,3.466752821344118,1.5218469010459474,2.7984118830957865,4.041936510537851,1.5944103798919196
sub-3-077,3,2.6915107693136613,3.908203092561043,1.5563559396387763,2.161482108175886,3.9247038140912487,1.6984513063671467,2.4564916753834023,3.513255032970289,1.6446381238209558,3.082702389256755,3.35140189098979,1.7490988118462696,2.432604258967866,3.6404796149745384,1.7643981773367992,2.4733783634281497,3.457412380117399,1.3738303029650292,2.536590821453539,3.509185879060934,1.811258480541869,2.5231877253358284,3.4791667003199076,1.7605967731623384,2.5468561129027294,3.8596033178146567,1.7016698493218922,2.75530911580865,3.7252598907127843,1.7589088605494327,2.2726687763755726,3.806137160074716,1.756720344826991,2.6764635021377607,3.5877915707848005,1.77288953775888,2.7841177174700507,3.367301408929629,1.7701457849571152,2.410061696603432,3.6614704376806975,1.7376930696086312,2.4364256274036205,3.526225902901417,1.6146936023397227,2.4819598326272807,3.5993459409158066,1.7402598289432791,2.204313911653076,3.603736860386767,1.6545000375041523,2.4754245706099285,3.184396625305724,1.6931913047759914,2.455856830925238,3.856586382405356,1.4375853197527364,2.376493753789469,3.2111430482266465,1.73879866127098,2.761163033606057,3.6408741002225704,1.5358029321015245,2.4727384134014914,3.2734305181916628,1.7761596985851118,2.469077356761476,3.104416555731436,1.787705977909133,2.7773865360422025,3.449971714643899,1.718060056750957,2.278865782396235,2.9234134578592004,1.4226374500143286,2.5419500760970086,3.4137762410497703,1.7819348911669652,2.514422428656422,3.776573314287139,1.8308399897052854,2.491957213523758,3.219037115291959,1.4125757974388977,2.808042429568729,3.236092718626534,1.4755349099333797,2.5733743325555265,3.0834884260121136,1.719327693583222,2.48946404834299,3.75863010389969,1.8255044498027109,2.7485980686380147,3.5577532837956447,1.5712490015399712,2.363360549167954,3.35140495949897,1.999141227389266,2.5051461483612623,3.545084338992026,1.9277893610575163,2.595830363198739,3.2903776248335626,1.8095236512238022,2.4728743544544933,3.580955071943544,1.7768235277615063,2.4610250642073446,3.552184038510788,1.9400069302793232,2.437223747928117,3.8687299232370145,1.6114254802811092,2.524372385488093,3.040463934286576,1.540921644607363,2.8214860394760857,3.9346251702426187,1.822763999015282,2.3552670896658356,3.5230745866319877,1.700187297883547,2.0459536433196495,3.475114406326628,1.4834960354405131,2.3176939102545724,3.046157086479434,1.9568442927041643,2.4581130107041536,3.3629385379742147,1.5453995351806131,2.796226451352198,3.1135299341994616,1.5193799323764259,2.4920709418626705,3.493961291663244,1.798795287566609,2.428392863350644,3.9324134669093365,1.5996818397210086,2.3684554299005454,3.1909429265573763,1.5839163128619809,2.3396623590554637,3.71025333541307,1.5498737396211588,2.526090799825724,3.211726184156792,1.523830838595614,2.7491765722961055,3.9487771621601864,1.8903501812904406,2.285159548079939,3.126875562387566,1.9967568613878741,2.504220110392494,3.1150573223450664,1.8623355508017505,2.5621293075940064,3.659459175586403,1.3643164493888267,2.4912705233633146,3.7656649559187767,1.603945685270829,2.772300066071865,3.1313085784409567,1.6831129600226387,2.8460858669382376,3.1777594765519974,1.7407215752657152,2.655317957612482,3.5255930767968175,1.6624927977664912,2.3922626915014225,3.555032951198393,1.6846014760983754,2.2914669184828464,3.8079572868868445,1.5634924024071466,2.2961431946089106,3.333209080314643,1.5660920746412827,2.5035166324281297,3.152113682381895,1.7671957106405094,2.798589139408583,3.5296421789958172,1.4833571630103024,2.3856204584224594,3.561958426741068,1.4049569484549962,2.328099216896612,3.0386989278470264,1.7173143889465907,2.9391922700885713,3.1469234034350606,1.8224494561787437,2.448502253779592,3.1303516058130914,1.9346193252408799,2.938771983159071,3.6153215062419974,1.7543765957729707
sub-3-078,3,2.5612087071299463,3.4584909996380864,1.7510118090443059,2.6717013151887024,3.9657353774218667,1.6215900062224404,2.572929579200504,3.4752333963487363,1.8536093007318304,2.982014536502571,3.7963980460816535,1.8197365865838333,2.363417393224467,3.634878354588419,1.9621670918617058,2.2466306552850264,3.667886583212092,1.312818553285918,2.721243630542962,3.654290627218549,1.6179759543718855,1.7193944818280051,3.2759694641478996,1.633426337914555,2.538640588340718,3.326000167265787,1.5654817235088387,2.5406786256450653,3.2754745615675955,1.8213950463798734,2.5358335072908793,3.0170935397608054,1.7265049199983271,2.6245544634889253,3.953036604871331,1.8392208596737438,2.3882356399890434,3.899231409167655,1.4920951736322203,2.5550700492449954,3.7111390677727827,1.9188043190657489,2.890002183028879,3.8569226634437763,1.6795078087733684,2.6543409405904863,3.5628331224935406,1.593584767429761,2.529187458125437,4.003389730519362,1.796924238540894,2.9206861657568814,3.19690039836758,1.6427663676369195,2.6247465292640433,3.7078602006510337,1.6824823871416426,2.6940901536207855,3.722028258222803,1.49181156418847,2.685619483498176,3.8005140258517813,1.744423259496429,2.2188069648549993,3.422485838585305,1.7656910351465258,2.394173166611926,3.7571261983092477,1.8094385352720455,2.5742076018390474,3.5048832377929573,1.7289329561515032,2.5492692895121043,3.1400635053942993,1.635483962888264,2.563045602155265,3.897208792246821,1.8038065921262239,2.8150172348195595,3.1066125734541887,1.6465734104719139,2.9232944620618015,3.291968904494232,1.5855608442626254,2.501084159774757,4.065071288207443,1.5992713722207426,2.650347206293327,3.609769534077194,1.410726676618875,2.547178086323106,3.345180945946702,1.8016958019944083,2.8630326429649173,3.4035264655854016,1.6483113970009653,3.0032090825848154,3.3007683763197333,1.4985497524498363,2.7979629437441793,3.485822609046328,1.7424979158517329,2.951671096990416,3.1071658639932274,1.6706806298721464,2.327471608279309,3.593851368192665,1.617049450767263,2.3388712341754068,3.705037687489018,1.7015493674573852,2.3247062744689417,3.1666983608659245,1.7311712297503614,1.899260710327967,3.343695595144144,1.800933527605643,2.6700708530856474,3.325468972567672,1.741151040738137,2.324716285945777,3.538159479129945,1.6509725713498282,2.0129167463139486,3.4546406767357887,1.3033789103562408,2.3365537008379134,3.2016372762676726,1.6242788665273529,2.7838807442640174,3.7111927635083446,1.715796809430652,2.560469534636017,3.4967080574741125,1.9057737424937677,2.2231760709729578,3.71603625072055,1.6237708752674194,2.6405382572933545,3.64217726963554,1.8099867412969177,2.8350565496596953,3.1161100764957554,1.8508167052413096,2.5385061233588253,3.3709603312065783,2.005064318155656,2.6763440231011284,3.383182722846671,1.8435968489669445,2.541709474494224,3.3787922418345264,1.6090869335274023,2.604821371642252,3.3281158440742002,1.7233143337075172,2.709662857941726,3.530943112975805,1.9964751588728948,2.552377121659433,3.877730802780062,1.846444312622885,2.824554223598369,4.052189142065429,1.4357994497080107,2.597729573193002,3.4686767753124816,1.7167149594449287,2.478468009688836,3.347832156521487,1.5350618296848118,2.5675289904462475,3.7615243222830843,1.6259456905550522,2.4908686474514234,3.3045396363722115,1.5508474111357513,2.5074941271879254,3.5961006168341467,1.8886019200655602,2.3354214312985513,3.4914923032335246,1.8767204957714556,2.33780916978716,3.854764605837996,1.634156923203728,2.6780409220501715,3.438941362475599,1.7688122805552593,2.839627222624107,3.4660040498167968,1.8494750097843575,2.5994346853327643,3.279914478085499,1.6781619183042442,2.5125412037087287,3.10469346873521,1.7688557400150637,2.6684348311951793,3.727469431245163,1.9144684776773184,2.7217065766097615,3.3311525719442345,1.6414698900603528
sub-3-079,3,2.700976438749741,3.6091182319275354,1.6973261171963177,2.3925502749063297,3.3513991136199937,1.7874214116076057,2.198847482577916,2.844808552903764,1.8040066086268756,2.4539735385183272,3.631190439551169,1.9365008394319627,2.0176481564407007,2.812513909141744,1.5585403525424177,2.4267359806061255,3.492899478031217,1.7807048866495707,2.6088049694838173,3.5129505154125735,1.858723805198729,2.3207259300717538,3.2292081669324357,1.6952872942457184,2.271789419486168,3.7978496009562597,1.7033285032694903,2.3338776905043366,3.3833412492448436,1.8556310589298914,2.4118213276830978,3.6149674319769334,1.8318165453366242,2.554398849210898,3.257913921080527,1.6904145295920576,2.296309351795175,3.3631764406488736,1.5339156109028695,2.5415563029419457,3.1445924394949287,1.7125128676362293,2.753916621072938,3.8347861638507794,1.5131835606088089,2.4301024751294973,3.7387742754099618,1.8056065413179276,2.439263766645322,3.3637885174130893,1.7123397132901836,2.22000734090278,3.647092558974285,1.8624607115786191,2.4799598911957825,3.1026186764201436,1.9118920434499178,2.589497258752368,3.698508693769411,1.5018301082034886,2.3128533366322843,3.6159539381393735,1.8541347362804603,2.3467371155013885,3.4714953777133424,1.4619165722110046,2.4237190518668585,3.4280332990357913,1.7733207858988187,2.170960381514464,3.869711587054833,1.6744176390713519,2.782989735079509,3.6956352621135538,1.8278450481548703,2.9136533302503738,3.281147913330706,1.7203165108729108,2.3716725282550146,3.47138140314169,1.808014196870013,2.752920531790462,3.39296730474431,1.519282045607405,2.5631950831553194,3.2613929702875866,1.6133179385104843,2.6709118860571803,3.635976302625765,1.825130348724531,2.489300639898974,3.7825126479050337,1.7021523112199037,2.4988520218746015,3.1923352753383596,1.3865097083217226,2.2684930107849786,3.560329428326529,1.5638720132666195,2.2538525831352114,3.3825749030491634,1.74196700549712,2.6247124982187455,3.4919163519894676,1.6908708168611106,2.453086285230669,3.6774936158348766,1.6734778132354247,2.536260183714822,3.7905966716285446,1.818785014357163,2.5167242559579046,3.408424163528208,1.6497742857611268,1.8361720356525528,3.5871309849194746,1.4972789054603204,2.7038311660653034,3.5116447228091565,1.9087500578409897,2.645307293955514,3.755394472732782,1.6111883348538354,1.9686263356605014,3.3213072814356517,1.3124222535701255,2.465768471773004,3.1669588111860376,1.5740511213508475,2.657224713104302,3.6483906091428477,1.675705990444124,2.607601539317856,3.348607017782767,2.063999187770252,2.604150745880383,3.3347098108772557,1.8313049938899377,2.773233497585074,3.283218704533375,1.487215965042268,2.3303183007377313,3.31241230400968,1.6918597007800205,2.2567565860895624,3.382890864826464,1.6688093843974496,2.608474785428665,3.671299037115296,1.7602315224489582,2.872591192109237,3.8063545460365535,1.7332943056972125,2.3753122248754965,3.310860714486749,1.485700170332338,2.5776020649325933,3.5927814070613677,1.8339369206817258,2.598117293079651,3.7951168617185345,1.8611748542868956,2.364942714770222,3.3549422684353356,1.6983442308079437,2.422906557549089,3.431869473774906,1.7451887868852105,2.5278462616835977,3.5000866082474955,1.5586041719118628,2.6411595787275832,3.621313273823578,1.5856249457789044,2.3172190661005776,3.84446852503896,1.9622263073522184,2.5922477303961653,3.3987282170995674,1.8569417019076557,2.634663006608364,3.4410020073204035,1.8452111787674181,2.4042660298019913,3.3065745860217657,1.75454476351442,2.5705634543268165,3.678438126295036,1.8789996381942764,2.2705591620192918,3.51090649810275,1.9851620617155845,2.442620335748241,3.299870629913421,1.3638519015870085,2.5683147117508818,3.662570374686275,1.786783133489049,2.3633307743912826,3.4975601697756855,1.733231919709302,2.559379382009172,3.1934547399867004,1.7115961287620984
sub-3-080,3,2.4033783454377406,2.9758659015285285,1.8021959691968397,2.5752064553533165,3.66573067279376,1.6198318064548278,2.6627775566815264,3.786195887129421,1.9630983361635848,2.6964939323896857,3.6077411012532044,1.493017432928438,2.1808254587370253,2.8816547970694053,1.4771686195398466,2.9019104985600634,3.2135506168495973,1.3486111093362065,2.6963699149967066,3.311541220860809,1.8152011241629842,1.9893765948952302,3.1607441548321003,1.779382221642847,2.3120363577039034,3.4526055250836203,1.7436956574244218,2.42053768241151,3.5677516582002826,1.7023471541305975,2.646217704886716,4.015814666628364,2.101281644448628,2.633399240774058,3.469089624548971,1.7661378234394212,2.508196395919657,3.0555329164575533,1.6930114290187555,2.744781070539252,3.0898708035236706,1.5523115174953972,2.445248668015699,3.6042562798886397,2.0565498900525188,2.4043230911517943,3.5255402459728042,1.700866799788442,2.4957757379713716,3.4866432402432284,1.6302894134475017,3.043735959553307,3.7099090572386597,1.6315783794127152,2.7630447468319277,3.5718737762159782,1.7086921138214455,2.517237206929015,3.429990572707977,1.5170043978113972,2.2487408496954333,3.6038071456508565,1.6711876603858233,2.707937714947884,3.2508273803916046,1.5353084681801565,2.6897122252851493,3.4173052361025675,1.828360070802818,2.5560230484613893,4.025706409723547,1.8133611856239307,2.6237545961832973,3.7239793791033966,1.6590653096206567,2.254275416100444,3.6010598639149674,1.9912383832192901,2.1377203789372143,3.631360588435528,1.4697215639580514,2.5458051802202153,3.5222486335549346,1.8120280557944595,2.587829330260326,3.8845852233665448,1.874960054667356,2.514598659464446,3.8064300068844332,1.6530828821141408,2.462725637765846,3.162772663566161,1.896794589735821,2.495995461717645,2.8219788152678316,1.7813099044440444,2.4718769724995826,3.416388104330347,1.6648975239686705,2.4894205573170733,4.2637750100017495,1.949405857956908,2.6758509754683226,3.567570960901451,1.8693141835952969,2.5938588003714056,3.7284425862623043,1.7837332847667855,2.5731020925237784,3.763287480677302,1.6369738242856815,2.5605215948069167,3.2257575439759925,1.5704041652782827,1.7447528729768862,3.407838961784966,1.7097279878046139,2.74537553058477,3.191320562293945,1.7659863384212642,2.5498720426184627,3.706522850749687,1.6022869371651007,2.1394669334031096,2.8450200388895674,1.4924619782416197,2.5505576810891593,3.5487552173069203,1.4471175748369547,2.45793885627505,3.544888359108079,1.9112065116392718,2.3978977270039725,3.637217924689358,1.6157652347912936,2.469760245679851,3.254280053727394,1.5433490090112234,2.464537267573017,3.793443116218783,1.5867545172152007,2.3860672974990247,3.5585557776924763,1.7007820020460276,2.5377160473111626,3.5711165482255027,1.5485633486669088,2.3881976024852025,3.7761501621998326,1.678110424828403,2.6573594331917745,3.8427316474258886,1.8268614599665283,2.303438187260644,3.4673803353784347,1.8561247219768664,2.644094201708482,3.5515035481490584,1.4540674774978846,2.4390265760473118,3.519411624133024,1.4861151471885758,2.6928544265268877,3.467070398860102,1.4030522828715504,2.4480100060462946,3.4198287325346852,1.6805189443888449,2.805531810371896,3.6619689013637395,1.495181558305543,2.2818885057171863,3.425291379745769,1.7189315417336652,2.728629208045701,3.984370128035485,1.9676333776204973,2.4703769937591993,3.761674377482519,1.7638443048385384,2.3536584242359027,2.971389447933201,1.7216162239399433,2.280869579350177,3.2615913533262884,1.5972750815168546,2.5893752398354675,3.8585739372319874,1.7019115187459684,2.453001147587542,2.9208292596007723,1.768756032449909,2.555141072319754,3.3460876641472663,1.8749137646809506,2.335655290198521,3.308233248826154,1.6632458307750473,2.4488069831071244,3.6542112374461446,1.7695870745736237,2.7391746046051453,3.6406497037060443,1.6826939552697477
sub-3-081,3,2.488832780927873,3.6274777435998224,1.6714540843677135,2.5585009023030323,3.642711320694981,1.7207833787068958,2.605547130169773,3.2785419272075735,1.902455841683099,2.350798880738674,3.622975364899549,1.6271238977048337,2.3948222878796868,3.527447436597162,1.599692528083609,2.829849671031011,3.4475282185011404,1.8322537833979966,2.4192784488796204,3.6133926661273166,1.5601309513568817,2.20350482740653,3.2656045969528535,1.7317838206016445,2.429265010723125,4.360538094549744,1.4926869858181768,2.591930850265261,3.5805813946670035,1.7807140806900925,2.457229325776681,3.5676957364293265,1.6153327646997375,2.8871652479300183,3.322169889491315,1.6777968793412188,2.4305999398613887,3.2759258493621215,1.4898370131503844,2.6709720035132474,3.3116109018880033,1.5804274786095163,2.376629572377272,3.5852274477574637,1.7032511763720497,2.5547264885837753,3.28681906485445,1.765284917200212,2.430777228969542,3.5196507406864734,1.6790400104176817,2.2460727395758373,4.068059525522238,1.7862181529800043,2.5824370954250897,3.594650050240348,2.0078495234160565,2.7546359585958724,3.597653923805982,1.5937537226569534,2.4509025689176798,2.995088214294854,1.6447576394712038,2.669130906685548,3.677416091516303,1.792421899354592,2.4572344652384746,3.6542922030670493,1.8236276059682621,2.1491483269518064,3.5852382902704063,2.0121576144715436,2.497536385194175,2.7938905005566945,1.5781011722038532,2.2233829275954373,3.3223792369245206,1.5163901028272118,2.7175539805357536,3.7179841453822906,1.7514481251467735,2.77072164959318,3.341693693054283,1.7110325814867986,2.944994128049104,3.663878746051889,1.7874194110875514,2.411842192341986,3.383359217690048,1.5495565101570898,2.852564270391394,3.0637010185329374,1.8371208457893218,2.6546018103323323,3.051058223118821,1.8713610968867918,2.5034341892877343,3.130151505695212,1.7546723521427314,2.401952946512031,3.4426180228370664,1.6241374894837481,2.391758232591951,3.1672471235292363,1.8195251864931021,2.6084777017745777,3.5729853767645308,1.6453659196334816,2.55923337473036,3.293904953324339,1.5870047079996317,2.857843055966926,3.747671865466307,1.6157821453207997,1.930690585550726,2.8036958731583543,1.5048736523873711,2.5693867835386586,3.5331430870564535,1.722247935637665,2.6101599685077232,3.2092587362796596,1.9261627261918506,2.164470451476398,3.3625559645486964,1.5015694210775679,2.6060680737105573,4.081552346970558,1.5515997322353334,2.349193038677275,3.257930111771079,1.6500268263490045,2.456147815240031,3.208614992562212,1.6925506528440086,2.8310053539383646,3.458050733527711,1.6855341437455769,2.6117297112450837,3.681346136756817,1.9059841960899346,2.593207449769606,3.499256202727115,1.5512701140438945,2.683193032878108,3.263535406308051,1.56867512911997,2.584764157587547,3.9316270136106524,1.8089685487438592,2.5432440714166913,3.225154878188354,1.9283169906597881,2.5398156325750016,3.4187422625723283,1.78327504190798,2.469350869546965,3.289158931578846,1.601435913441879,2.4312427312950837,3.1843372200458737,1.5141616142913308,2.7249653661847186,3.687275516552639,1.5765803210473932,2.7099124245620514,3.586607576417413,1.6514309536684872,2.3293504809621637,3.5956051872789074,1.979807081985418,2.5526228771342394,3.779622833446798,1.6682423210455848,2.715930288176257,3.4579407562454323,1.3392008220845426,2.4200876646949823,3.5370330172817614,1.8623936629185172,2.522370061805938,3.50834829900425,1.6119097063078318,2.8309667722904033,3.9201930658834505,1.5985633513188418,2.277046081064239,2.993984537034999,1.7905112789630895,2.5743397665061925,3.281097528758451,1.7407762562758475,2.3285415221412813,3.7225784985781,1.642653517955152,2.3553373673619666,3.397235884150518,1.6397786944710484,2.6157105063125243,3.8264793221488205,1.8671200912119135,2.578733673180934,3.447586617336876,1.6147034648411127
sub-3-082,3,2.2317564193559547,3.4946201790172373,1.572348280578363,2.769300970714952,3.4437981766647434,1.8120628990291363,2.463147676184712,3.3108649098609733,1.7907185401207864,2.5999741145371815,3.5902180338354905,1.685933111697761,2.3420902158216252,3.460536403338689,1.2734769788001206,2.503658398579806,3.7841274172989308,1.5470697513167326,2.2453687522450467,3.46114108386188,1.7781103788346007,2.1171133573040244,3.6420249527170556,1.8765433077806284,2.20348604309432,3.392481592435143,1.3577237867083407,2.6689816350054807,3.3096403806579624,1.6286291770327381,2.756656549073564,3.128048984792729,1.4630657644220433,2.1400543916713177,3.855747707387092,1.8557328436133325,2.4971001468848804,3.142931269136929,1.8251145957425938,3.045841604378227,3.4340074652517707,1.5195644160303776,2.773504694204527,3.1829032798809482,1.644998823000909,2.0750322378049084,3.415083469712497,1.5082569168364695,2.776589913481487,3.2266797807951564,1.8169714442262257,2.531111021749197,3.5351020487818485,1.7783331619977265,2.540378403607551,3.318614776991865,1.5781960614903787,2.6416163784052404,2.9675132125708297,1.951724657192501,2.573727911006353,3.4055294251471286,1.7399127218341115,2.443026399780257,3.450146519106511,1.5302415651417884,2.6175154680857853,3.478032367288867,1.7281203450807607,2.8169651723544966,3.2748216514483586,1.6806674374400914,2.252745198778066,3.654009016646895,1.6973773037757476,2.5531223503506943,3.455938879543495,1.6132715235458421,2.999285030512519,3.510700645666659,1.7444775254258778,2.3449042651597125,3.7478299033872156,1.6814801819356355,2.630246421202784,3.7526535002558106,1.684413821867279,2.428141062192327,2.8482337027464126,1.641922961595772,2.427166752855756,3.1799450808726175,1.9179628899956693,2.726897965116298,2.987645008030066,1.723056570216794,2.4028961231495822,3.602702304556905,1.5800529597739819,2.45298055764359,3.7696510295859227,1.8229011415586467,2.821706435696629,3.439226559670426,1.4816507153529797,2.7158328683275283,3.7595844493216735,1.794240565470296,2.4161248333352368,3.200175362367754,1.7803946405641338,2.3904924630075364,3.4137674852559825,2.135976510490776,2.583210755398107,3.501953238374112,1.5006599572784443,2.4199815484628653,3.7004213650742024,1.9245485745537079,2.457905648782129,3.372095779282443,1.713156728425309,1.9499861021968552,2.899650734354189,1.4235990287371185,2.648290468150963,3.576158517179824,1.8705425112088303,2.2373047767012064,3.075264418274786,1.7683582276549707,2.3930346307785637,3.276159287419662,1.8519127206744068,2.450469458451764,3.3779440639561207,1.6624864189505186,2.5159043165180965,3.6917820128617156,1.5184993404110443,2.516139121228625,3.8254641457785157,2.0199127510687314,2.3058050360909332,3.5926817494768826,1.671483257421112,2.5322170531974404,3.278917107325442,1.8133706655822706,2.6768089365446066,4.206405159487208,1.5018381031277497,2.2353762330458355,4.07532477884235,1.6922162029966858,2.4677763788156817,3.552707586766291,1.4907721341997202,2.617654838859883,3.4775266484372933,1.8610668169049258,2.704262350514517,3.7632932219978454,1.72862539457728,2.8387823377262853,3.6613508600415625,1.6200318961951468,2.4043396009082634,3.304971199934248,1.788324510647989,2.310308459262135,3.5434296685996864,1.575068924521626,2.324438239005434,3.1943339345749755,1.6964312672401518,2.6874794751370565,3.3107378039264495,1.3886034326348695,3.1177801107500214,3.812983088391811,1.8398418840264845,2.843018149965577,3.5258635570471624,1.6797498297868312,2.794042453431935,3.877731941987402,1.7922780158920366,2.7088496149179777,3.1531437754982585,1.6613795587136118,2.856686660871529,3.7252163904890994,1.4806968726685708,2.454401507695891,3.931467884780829,1.7682825725598024,2.5827400771681703,3.5593490794507745,1.687465791027757,2.4556362773931033,3.266595142149915,1.8515486858626626
sub-3-083,3,2.5927581707442036,3.6979748679949833,1.782003346804196,2.803568963750455,3.627299903396496,1.8235414404094819,2.5801109471093278,3.234715719600424,1.666157451417203,2.6561854738628896,3.6897483656499057,1.917654194485271,2.1172143297073145,3.343279504983556,1.5806267619087742,2.842376257545372,3.6054056057367707,1.7593391319532459,2.5435812484131586,3.4369807500305822,1.4826995398499716,1.9729836213010505,3.330076449327496,1.6081223733340502,2.583196215802415,3.7635889907993314,1.713940866265586,2.4873039469173372,3.4412066591713795,1.7365860208137163,2.4815996419151456,3.7980301941722505,1.6983089070661366,2.5952992168971663,3.2713612590778234,1.859731394430994,2.809013821477357,3.118318803462339,1.7601333621624016,2.5305760074559913,3.579530033928527,1.767814048089096,2.1477079563029395,3.712656300584202,1.8668596614153041,2.770464888961554,3.235505800672048,1.6953540871332184,2.4529951525369977,2.963731189864115,1.6069194176009058,2.3548605348664617,3.5936673731806255,1.4552828141938523,2.3736812697376743,3.3545500416782104,1.8155240337023002,3.049999490161282,3.5848651873541417,1.5451833790769864,2.4277620355266856,3.6842562626118887,1.49809932843237,2.7474094742352353,3.5765547032955882,1.6812392730099786,2.2467204888406065,3.7577083941720932,1.585756326418062,2.5776646014580096,3.455995128330328,1.4624300008304938,2.5084765995443785,3.161120486759708,1.6021970995154473,2.6279003007629567,3.696688794632964,1.6972629710771785,2.390890255419983,3.3187248150349116,1.6002841038667335,2.165328403664151,3.520512849939024,1.4500887174563786,2.563715227633586,3.091358126265414,1.5190618365979973,2.6703508135094434,3.506879430092118,1.4172736468087324,2.4494164159202354,3.5733455917297063,1.607106406597987,2.4882326841938456,3.5683402869867105,1.7067054846866287,2.371393867269026,3.506244641744123,1.6568983286474686,2.8603413092956447,3.471136820899581,1.7202459015450995,2.596761525494716,3.409754688470883,1.592011572591595,2.632758185110382,3.631024808022878,2.0123864780285032,2.6836347721188822,3.712598203711249,1.8076603097547916,2.4257419645992258,3.1477673262799386,1.5494611039824686,2.3238349839504515,3.6780554353051196,1.7101004158571664,2.519951690208293,3.969468867691195,1.633451835455573,2.3433324100188244,3.570837738159406,1.893779076118134,2.0481159769388966,2.8026577388545197,1.6056556673102564,2.688858641843568,2.6699214122512487,1.846605243178579,2.3039765161329884,3.70295233331743,1.4004948476269576,2.2845266635063073,3.6732411567284258,1.8823654281729425,2.5483545671033063,4.170696441549573,1.5466106147094145,2.363633826793237,3.415379411884471,1.6475288496641003,2.601026791421904,3.2920005302526496,1.7851265826727651,2.6478496239117786,3.951746709346705,1.6264334503232367,2.6106547666577145,3.6696357829549777,1.6989155849382078,2.5119000496400026,2.922147088747821,1.7125090195273789,2.657189738616958,3.4838115302640045,1.5826587378570287,2.2477412836578927,3.6268562213070608,1.7049695417050716,2.800191219648497,3.0941688287061924,1.6294537101250872,2.3121647617564713,3.7870893336979177,1.8858554888906587,2.896065042699394,3.645998892777589,1.8183903826834964,2.62849507632618,3.6604696162871146,1.707361483380757,2.661389029843223,4.099198054231782,1.7328019091713156,2.554321219931782,3.5554609149800123,1.6776362181481648,2.5943559878158817,3.44876058178278,1.8715974132928699,2.7379307947419806,4.106461782935121,1.6964690014763155,2.6019546902749218,3.5691524655314932,1.72993894538483,2.753398839319154,3.045004394211417,1.7691063069357225,2.9092384714530684,3.881624897688114,1.8872850185876306,2.701570980191635,3.3331812046048506,1.5875235830315173,2.4164346583989986,3.181232661035848,1.841991287350368,2.8143053854896025,3.6216394682034765,1.820717795641637,2.6028243922290177,3.659252638075804,1.3824425289880287
sub-3-084,3,2.6066418393519113,3.380848842883465,1.6939759778546273,2.590637648251093,3.2996317675864617,1.5386585174039868,2.4157289372099733,3.0944663378380666,1.5267189703387611,2.36677956294512,3.0981766325300604,1.77931631926372,2.037910611811311,2.75831105386561,1.5398120437922762,2.349619933626328,3.908543143113259,1.7199371583480234,2.2853136239694742,3.659235107288411,1.7127463564800034,2.1570503577474187,3.7208933949534546,1.4536718687491255,2.736326308098617,3.3853338954367116,1.697246530506645,2.4150312827294647,3.307899088190605,1.6345940722650734,2.2078623722471766,3.597061772600585,1.7172340852457844,2.280412768600164,3.6847868452326513,1.9185595270414073,2.4303865977323142,3.2802643802292195,1.8670119044203597,2.622585263600289,3.461941355175859,1.8221843209276267,2.599339861926235,3.8999801399453506,1.6974868398950398,2.6267650054619147,3.807457213208862,1.33282566113448,2.75416465340284,3.3585703780348686,1.7749921249660203,2.8495428473157616,3.41434828479574,1.63167226625827,2.5401462632428227,3.0933587076627598,2.029868570801741,2.5423470136586332,3.960765330741079,1.6500188760928238,2.556121005854813,3.7643939657236754,1.534667809731297,2.5315409606939956,3.7539046562603025,1.6680449070217755,2.463046667097556,3.812263864334588,1.9101673243288833,2.8308239833006064,3.3110024332033348,1.6131025999506827,2.46511560166844,3.7011857638879864,1.5204803286646926,2.344739465180085,3.299985331435388,1.5592666194172582,2.7091848549224338,3.728752152661793,1.627747815298012,2.5151039917872353,2.7888747120928556,1.6313858490582274,2.773911631721384,3.3566904125513037,1.5361234497838951,2.7977205154222937,3.1879455464532556,1.9319090321324552,3.0698242491714427,3.4693743615416883,1.886566732957949,2.2495919198922993,3.0203764019167787,1.5804908792993684,2.6980355811492496,3.5004883359811108,1.672039732429019,2.31764956782933,3.464342020489157,1.60345822687387,2.383950763513826,3.2179387448640187,1.728790882697192,2.420341100655268,3.4981751239483767,1.4346479304345243,2.640564937364242,3.5673997353054,1.665294611551358,2.579073052536348,3.761567118640058,1.4826784961375896,2.212005247040828,2.9145609417530656,1.613141246669742,2.503406274965049,3.4930247463811215,1.8272619544542439,2.6973317691621572,3.8042785400144368,1.6405433291022262,2.326570727164619,3.4218587191115386,1.5443186181153912,2.5710965023593366,3.4629878505138683,1.9092329418100151,2.695838947624137,3.405957673801298,1.6391835819357803,2.722370746563519,3.8751914103567877,1.747330260945312,2.668543008519232,3.8648768157453772,1.673782140214853,2.5650247134984694,3.636283927559737,1.6356502489888836,2.855828097603347,3.377359259482589,1.7091929461300792,2.8949476965302887,2.9787028067475023,1.732393770439487,2.4310981125090225,3.500047408585707,1.519118002493123,2.4832418669059506,3.5069376090295084,1.7357480090804926,2.7112160312783775,2.849324932500359,1.681119589538601,2.518555450956837,3.482002071220269,1.704841337743,2.4005787491932176,3.066840932975407,1.7325659158381594,2.3710347006936834,3.6127675697470596,1.5594197672939953,2.6746899569426863,3.4847523910632145,1.7022436940089098,2.505657927212832,3.3861271164535265,1.6650524991605102,2.7626970581483663,3.070375624995959,1.6027795492839663,2.740198894202473,3.7295365268817267,1.9015295556465934,2.539336382539024,3.1308784819892894,1.533823731929236,2.4962319946001803,3.7129950728304446,1.6617982216618472,2.4902973254114835,3.611141802699961,1.7041582198637975,2.4706941404841127,3.2195763747375095,1.8420429650359122,2.738606380737663,3.2038476769799553,1.6396085482073686,2.670055104414552,3.181454607491249,1.7547766188146883,2.491231442506755,3.1593079681046103,1.966601337981503,2.488541823963186,3.6468060664704547,1.5318242690271608,2.829421157634981,4.045268185278892,1.4746731435184282
sub-3-085,3,2.520379130522132,3.871808942308656,1.6297351718723363,2.6236738049642225,3.0295032389635423,1.5817546354145424,2.6049078721821184,3.3349506768299007,1.6459197076757928,2.2771966460107107,3.683138576911486,1.4990632607192367,2.4773248052275956,3.0888463169382674,1.720105467188568,2.6763967925967256,3.2241780806115363,1.6136364247301045,2.4676610776234855,3.390897120547362,1.5053497573795616,2.296096463077424,3.0871506282454417,1.582873892129581,2.7311436290081033,3.6601031872796828,1.6068041219803924,2.7373678017407195,3.6863511364559844,1.594123287279928,2.457471393078608,3.780141154719181,1.8168014233723138,2.2795382547364493,3.2184340640859945,1.8043068740523507,2.338612580805263,3.7253825945604384,1.9903680589718036,2.6171921281384325,3.241563262174074,1.7264758595691119,2.7362303439109517,3.5276949189540057,1.7725754732079335,2.4061056593065966,3.297372360945657,1.835908544949193,2.4218287979313193,2.775863129520368,1.6540501138589605,2.606555287024867,3.7963829683307657,1.9468663413124463,2.5652459895022726,3.684412807348482,1.718093952558779,2.613732626593881,3.4476793382875788,1.7579662213497285,2.418613891004866,4.054423940912571,1.341315870116687,2.65275959421179,3.589473538210972,1.7556922662436363,2.3370928657872585,3.030119226009877,1.7908662609087427,2.7913801773286666,3.561664165461812,1.8207904639908499,2.4675339736510677,3.5928406432533966,1.8838489862189653,2.4935614562138224,3.832001068518841,1.4548141595896698,2.4396594565061713,3.6528565149868113,1.9854216015735933,2.5525693047175855,3.210503086564246,1.9820118274593637,2.527294497667913,3.6861380846799054,1.6498362816021366,2.5756096622210203,3.3426072017965844,2.038646533489776,2.7644217191287375,3.995074419387675,1.5817307258879003,2.2214957897720122,3.4179727896632324,2.0774708008610463,2.4920628398112856,3.794500660862541,1.5462733878840136,2.4007787452579907,3.477658164886968,2.0164541039438904,2.7480419110270655,2.925107569087775,1.8000096181860967,2.3432277266870503,3.309162770098649,1.7765585607892294,2.8017184278943796,3.8777943702941595,1.7497349951536036,2.6122111412995195,3.8769393782480113,1.4636683924322926,2.528923929190675,3.0739251327571666,1.6390920471189274,2.460674453910909,3.1763173962997815,1.7692385715555996,2.592576424905869,3.47048994901484,1.6771001653874555,2.4746704704440536,3.893984865242794,1.7879353857491405,2.599933540355055,3.04156529747325,1.794073354552578,2.6708502634718148,3.7159732202334324,1.5288528586201517,2.7030115138450026,3.9372441339680373,1.552606655132574,2.6732383135821807,3.2727025408603763,1.6843595487618197,2.3792355835749603,3.401800552737506,1.6485562012581905,2.624209490232335,3.7493003326527523,1.8824266421837867,2.432646114193859,3.6007631835254195,1.5352753401806791,2.5300761533045035,3.51196743888411,1.561619471495537,2.650639035228901,3.4563887074585553,1.7231553800171835,2.7704115347678258,3.380250526017473,1.827529740975549,2.8097180752913107,3.8868489804988324,1.6717797205618312,2.3749208078744224,3.3012191357572545,1.461997620010888,2.6734833686006554,3.709464011148282,1.7176097976031415,2.302295541212878,3.397720391571825,1.9070388730242538,2.6597395170474267,3.719253495036012,2.1962088987782176,2.609053439968288,2.8955768561435864,1.5348350072455823,2.6050000184093474,3.5052469466891916,1.6742018450866665,2.5222022925587564,3.2803580958125558,1.7560721582302967,2.8009849368009534,3.9850548225397193,1.9555975240708965,2.3779259992776822,3.494350912725991,1.6529239883669118,2.656555163463172,3.47684501170535,1.6661558768010518,2.8118242719520294,3.527545958541983,1.7186275436821399,2.624382872270726,3.6893342554262816,1.80229338070426,2.8293847216137844,3.14002751342099,1.7486693534789604,2.5315716965637862,3.415753951773061,1.8136670942439734,2.783377728712893,3.33430738038971,1.9530406256689359
sub-3-086,3,2.2923034229843897,3.665273202778148,1.5663971293017707,2.4344810482871293,3.516822260831297,1.6401765617503292,2.034610203419374,3.6712114772165023,1.8169640877140543,2.521008585829547,3.432901205394836,1.644066485982751,1.8919362514743905,2.7711592879224747,1.720544756719137,2.741646126526626,3.667112264188095,1.756888052128913,2.690889521759647,3.7005108650622995,1.582226785211294,2.240042933518135,3.197099643964129,1.557570585317981,2.7552368378481273,3.9409051919190885,1.3480486454094742,2.5040866337322827,3.413917720623344,1.8742207415032506,2.2889324082568945,2.6629181568010294,1.8231402651130952,2.7233281084537,3.00047874170752,1.681339742669172,2.825432652926172,3.198147713639528,1.7151577406542087,2.6414332111024645,3.100263160721743,1.6154237229424386,2.2456494537678875,3.4539311108080244,1.5813509941023454,2.58738342682552,3.67775105954681,1.9082943200317328,2.969810537301255,3.5581559581849684,1.652514476971143,2.4825602738315427,3.2298374307558895,1.7672232030292983,2.460922634046275,3.645054628349692,1.5600460214548,2.4661061887110813,3.6210589568023166,1.6812642092859076,2.2043421410044655,3.495746010803873,1.57973394038176,2.762657312972638,3.7719111186124334,1.3575604408506479,2.694269801190477,3.6090038841524854,1.4773935796730733,2.7080982214736173,3.1416323134259794,1.8718067172084774,2.4336860943847207,3.0749467560521757,2.018112185609843,2.2716608698288336,3.2743132458151787,1.608511938845133,2.467979694925281,3.6956587851333906,1.7086867903281573,2.7307745179559197,3.6041368095932214,1.4490500074992165,2.6489742994385166,3.5654658262898122,1.6063056994259128,2.9232705598536546,3.6703374717763277,1.841259011461671,2.7257831332613858,3.382385016333493,1.7950077714657533,2.606884842670848,3.3440328829705837,1.5167625650413032,2.5543616875699815,3.6643402176798294,1.7024364400045369,2.517183957546332,3.5076602371701595,1.6569531125584422,2.8288774707250384,3.575667431352579,1.6270306007524118,2.224555294226075,3.4447816001167024,1.6134764125364165,2.4394870294431126,3.763931163637128,1.7119603490786388,2.2471598582531627,3.6732729171025387,1.4626945012134616,2.324797567647878,3.146978932729673,1.613036081784348,2.5455168081115875,3.458524486765692,1.7314285927851267,2.5647391615655915,4.023524221702063,1.7335922618021664,2.2444935584386023,3.081334102126837,1.657134253560457,2.3657536091151616,3.8220357642954346,1.4773477311116618,2.3981414353025836,3.0438428115101486,1.7629465613260922,2.473702771276079,3.692059646309793,1.5536613821936354,2.6456655895553958,3.6623542541190135,1.731769668247893,2.555557229794029,3.53841577131466,1.563396123275291,2.356451483472968,3.652284328354036,1.6446963470424036,2.631610553225241,3.934276768802521,1.6314263689414465,2.4419837342520694,3.409200701501861,1.705845668796502,2.6605449855489174,3.4920516664274044,2.0117820506225055,2.6257529126948,3.7186308290529007,1.6944709372318967,2.732129621315183,3.4425235750041963,1.6033664451906031,2.712962067724876,3.483959206985399,1.7367897044788034,2.7267388915481545,3.5389153781230602,1.677612687539722,2.4536286651900063,3.7972706376775403,1.648741040590908,2.5408019133381807,3.5803341456044646,1.7424177803243615,2.7324659239913136,3.480450644876125,1.9064576876936532,2.5052237815426137,3.6038132576991924,1.6724338901255662,2.926765196629879,3.401821715408494,1.6609702139227296,2.5706533781040997,3.425303438930929,1.7471732209722097,2.7712358854130934,3.5412452326911805,1.7276404700627754,2.5087530215091034,3.3585793797128027,1.7144794651060333,2.5513678631336325,3.8285132775322377,1.5561383111175657,2.811816245180906,3.4588917710303355,1.722280202789385,2.3583294277504905,3.6573423140018866,1.5559285426408889,2.617210253328905,3.5771958341223926,1.65115683353259,2.1782506264575243,4.10497491199236,1.5418712906209993
sub-3-087,3,2.5990944312419058,3.295654305425071,1.857200508122587,2.4816924596375585,3.2894470634113087,1.7892735080944826,2.3210477207627616,3.384281988698567,1.8035367726041702,2.821231670049353,3.2305247649864537,1.6082661708745192,2.2633847815889907,2.7207215318399873,1.8036436215509968,2.3700905217352477,3.377525220264604,1.739126657771194,2.5592225967202915,3.230187516466982,1.9582188344648954,1.736476151660219,2.9658378654122863,1.504483774506442,2.3790531763114853,3.841474996683748,1.4512484458466623,2.830343345782066,3.4221225630800727,1.4958585999200542,2.171837313476526,3.4397634351428232,1.5947044839323308,2.592569068362087,3.3738397622623992,1.8433704006112233,2.5243515847850597,3.3813056363165144,1.8459881437650927,2.5910705124192144,3.716896867667264,1.872299107564495,2.4971159240182765,3.5107094059335404,1.8265705914776664,2.108881919502109,3.4715051406308466,1.6662698969968555,2.617329432655938,3.275689241667303,1.8643171046880456,2.4172026568146205,3.3714751604014555,1.6003385054164898,2.7713787323232495,2.9160385071985298,1.9680319970254168,2.815206697578174,3.3418377055264243,1.854038566250437,2.573416170448607,3.9628151765536983,1.8425980561322386,2.9447660234327433,3.062598921209729,1.7287018031975285,2.239661371230789,3.3547601644824354,2.03744791992127,2.634276081227046,3.775671527587659,1.7770907940445917,2.6310831137745723,3.3537425809666535,1.5937036399814757,2.451151619761427,2.7354896649740543,1.6876942139082929,2.5931730040530887,3.326618392733695,1.6803977345991914,2.644508759959206,3.74774466334916,1.5203285454091962,2.406940366576512,3.7108286420719403,1.7883510825389755,2.791991775067301,3.8648190832314766,2.062230974707113,2.4973021438458876,3.941997921068922,1.5619977944070593,2.980929512543934,3.627315131774629,1.7813029944140713,2.7281866117371645,3.1204982770244807,1.5387867323546525,2.570821250230836,3.5968014796219108,2.0123830881855467,2.3791440188614206,3.9312540357623753,1.6601616116733338,2.4996856769775144,3.4541240012977417,1.6542084291003707,2.6375768986774495,3.389415937203579,1.488431420460277,2.501794305076898,3.6278589187828727,1.489650799424312,2.304729399308881,3.6105454994855997,1.821989622973169,2.610779518855782,2.9946978193183496,1.79714300031881,2.724090838821535,3.30497043187195,1.68909755774171,2.2870479011880755,3.780432926790854,1.561622546919117,2.710426060640097,3.5885633346429366,1.7299141295530795,2.789484505976359,3.267201759648435,1.7345609600443441,2.5548933500955666,3.078062411870804,1.8848875003189887,2.6992230917703,3.509486233279088,1.6607931508466762,2.550039943717629,3.6980640411402654,1.7079342696301696,2.4298499382359457,3.3552177193925274,1.6981813441615519,2.382133232481084,3.5933306449886255,1.5810475601469351,2.3782191438968057,4.394076970584475,1.990977711435872,2.5759101073835846,3.7382845548467167,1.8531422056281313,2.5364201139863733,3.5791716108465135,1.6606744344376128,2.776020673752291,3.8554412475821533,1.9342878318038261,2.597879742556575,4.106985391064587,1.688547333536349,2.9184474869569588,3.370276080444781,1.5053839534146283,2.9150054448637888,3.6849055942970237,1.7778683755382236,2.485112772730596,3.263358255500098,1.5874622488082577,2.5749385111642833,3.4579438139541687,1.4089130033207133,2.8548766583878304,3.3824807884682295,1.8857614230348583,2.422983348208983,3.5433559028641772,1.8458466964348315,2.7001822660884267,3.4249710163847937,1.7763940868067287,2.6716704004190244,3.4585797280796577,1.5329422561492396,2.4375779472993733,3.3938159012689004,1.7039088168883232,2.8366284806594244,3.7540950817785133,1.5775904364045987,2.880574013114421,3.4779276909573205,1.800842849400028,2.3809823679525093,3.37337373259848,1.8556907676022025,2.3918029687344666,3.515447960913978,1.7706366121957726,2.365871375939467,3.0022911735516438,1.836107667467017
sub-3-088,3,3.065408863738001,3.628482530131318,1.797612055741635,2.390867002689593,3.9115089222985446,1.643485087176917,2.759469117873657,3.670043345138726,1.7947545393470985,2.656795111608593,3.657201836061663,1.742508534200966,2.3744673512269987,3.0767063462387676,1.5641769444262925,2.814255911435196,3.54841377894913,1.6511090266436714,2.736276488040611,3.7344807599499754,1.5050270942478958,2.3313876755431457,3.318454551242904,1.7067852321898926,2.551926868715099,3.6300042511743396,1.4253501211765163,2.3889116712156686,3.7072283263822468,2.0932154521570223,2.61610955390973,3.3060146846566254,1.7203115337126844,2.38918362854506,3.8499505513372005,1.7072119707234248,2.7395774461668663,3.4570326077165574,1.8712940814888772,2.257752827740443,3.5068538312066213,1.7809382939586043,2.50169684232378,3.600662812663235,1.751381603475804,2.738790004812418,3.674027388302497,1.7589392183426138,2.7083034567157247,3.121145502792822,1.5871385122700201,2.300653368613378,3.653608527338454,1.7620720876244478,2.799353112665351,3.5984664759709335,1.6052447816775857,2.5741201461220458,2.9748820084381267,1.6387660586661874,2.1275215022901803,3.591985778959116,1.6581052335602173,2.5261903789640003,3.239156425231447,1.5996715190884594,2.674670950360008,3.097900421601014,1.7758531534639945,2.403980035148347,3.02931927797286,1.883951582617362,2.789252536142061,3.34894898755233,1.6176087656698517,2.5048425662353977,3.2731817155725,1.604922897029414,2.63101097190465,4.080690260193904,1.6467935302186805,2.7341587545289516,3.598809732047084,1.449164713757765,2.54560150565719,3.45798540554292,1.9196806984622665,2.8209276091523363,3.605503913969083,1.8821388781163262,2.5236551879971643,3.8134196917456302,1.7150506198654056,2.747581432702274,3.835834899230698,1.8074676171243336,2.416514184189614,3.382247701699326,1.8128382968595236,2.710822872670436,3.5443492393322216,1.6531563306439934,2.584449980423259,3.4220268124349484,1.6590632784,2.9028060239295113,3.3668636364634357,1.7761682709838384,2.5775263681981184,3.15656679559555,1.5108472627530118,2.5353988633217184,2.9532454639732713,1.9745608665130436,2.1349093521358706,3.1559063601331063,1.7834595583971693,2.52467050118419,3.6822920886189356,1.6141123079664776,2.5581780187015286,3.771173883996359,1.57072800930478,2.2949923179347977,2.603376769150923,1.789825715857027,2.449845047916427,3.476015905053145,1.6853069585787148,2.3745257755428915,3.2055435059866215,1.778201676945544,2.652300387003119,3.252123427115794,1.781159559608827,2.650420951513116,3.394098652796207,1.505975684622297,2.5432422035758133,3.6022229286838554,1.6911702438527574,2.4433510685273334,3.6307514316416576,1.8897986752222753,2.411346564407336,3.416557892244263,2.1114713901919115,2.6023561793550405,3.1452940632155886,1.6283626133719107,2.413754257645106,3.606510101262594,1.7461590761573513,2.435432306663812,4.019767077315475,1.7127699988523832,2.467968593489986,3.158085902112412,1.5657851870573258,2.3257157124220686,3.4466409445659627,1.5672554485897876,2.6911171193962367,3.336359001339275,1.8260301487455992,2.638464118994934,3.680742113816341,1.8345123582614442,2.9087982202015645,3.262280731685475,1.8268998915103516,2.6216614187559757,3.7977185308106565,1.7166196289072038,2.7616820346364577,3.138351122513369,1.5493537143867087,2.447542156580318,3.4790700807349175,1.7069533950429958,2.416795092148544,3.222555703560789,1.6017064792757607,2.242324789476167,3.4193222190550476,1.6912390410857672,2.6293865609458473,3.5467240811560945,1.969009722661722,2.696227201848224,3.7064477388240613,1.7547052700735688,2.64643053141368,3.438192884080336,1.7149432368028519,2.895880273431075,3.480384720548865,1.5002202413591772,2.6754254324504223,3.74505842419075,1.7231785146301015,2.2118978187830933,3.860249790014167,1.7344860089549001
sub-3-089,3,2.494153477085338,3.832656557968929,1.396304231237975,2.5701350210189498,3.348577869388933,1.9238219350154675,2.5937189219270196,3.2578966807723733,1.870735207865433,2.107374219556828,3.642212478624652,1.5105062627087358,2.1167612243219107,3.2126103481757604,1.7365168597920828,2.9466140421709985,3.00172517500906,1.7669456350497188,2.94644210285976,3.3395796877213995,1.6047501452416253,2.242470324179974,3.5120738035213153,1.6986397060876164,2.4854336218204436,3.275289650405359,1.897419491680621,2.4105772632648947,2.963468184396043,1.4819906720566156,2.446294831562176,3.9179015479553874,1.5217456928831063,2.8239452698645797,3.8659092918499094,1.7337846732615732,2.0911630353198953,3.168463392593202,1.6049695619922846,2.8615263136320888,3.34063300231516,1.5840601744916505,2.5838943513780026,3.105332815256173,1.6963067756677077,2.4062596783865073,4.252569938482064,1.562356416005042,2.8973882397958275,3.1807532368447853,1.7394163125734587,2.640056519977053,3.539694081753119,1.712060118145808,2.705062176138816,3.616863026211205,1.6740646451208074,2.4286020178701313,3.4535920500910895,1.6732868016217093,2.5144023190867912,3.5213358663267074,1.4886016828736037,2.365035831248216,3.7328966537233588,1.362437316160199,2.7654657619259706,3.3435022051929226,1.950420769344345,2.770718798199996,3.408328018002845,1.6664425407376457,2.836786952241228,3.8565055923614935,1.845911028776445,2.7559544243439458,3.1954938663059216,1.7307945950273091,2.41133219370569,3.188295730674219,1.7245831623027443,2.4755083347749034,3.453450102142233,1.6249947382798544,2.324194119482987,3.9751020661231067,1.7233739791131824,2.2904051563136987,3.5509518557599336,1.928208469599615,2.7225709466403165,3.354757720690196,1.625793876322947,2.3777263986321375,3.2921689255101136,1.600867083360232,2.285711084915886,3.375685569417318,1.7515967864712811,2.4754805428346924,3.5608589502845294,1.9432899840680133,2.880419757754549,3.480980405062138,1.8320273252641388,2.5200036490194604,3.3633952946277703,1.5324761899132016,2.565590227061358,3.803627038994531,1.508837013651799,2.4983231448802603,3.4061043573728305,1.7370318320824896,2.2472978249599436,3.4304259619591515,1.884547335405197,2.3933107550669765,3.2408733089849573,1.7371048320658415,2.811490237110375,3.0905341668473554,1.7497058541405643,2.1637590542007956,3.5192006875697173,1.6942285167310593,2.5587330261267427,3.636506340078977,1.6012582919554448,2.694040372904615,3.888226588758611,1.715024076361206,2.476568511876082,3.459357419203148,1.818455995381322,2.5424641266740657,3.1640998236214677,1.842815717435355,2.3730895934605907,3.618858330340459,1.42004571731511,2.569467141833548,3.4808771052878313,1.40493987660835,2.60990661124642,3.1916191001405525,1.712712789357826,2.4758878259076047,3.085444200221051,1.543141093242058,2.376175145417673,3.7750755905976496,1.8253723316913801,2.9450102567434007,3.356674624519519,1.6183901092390434,2.574277127248912,3.400525343378039,1.6126155440010899,2.559796472818611,3.6970104129944326,1.3831788470889548,2.447003852914027,3.107217967354379,1.6769253357857488,2.627873400476134,3.812743711638586,1.6349381588172351,2.569129060834026,3.029005072604676,1.5709301229834352,2.5872855545001108,3.119475958353265,1.8855518099421356,2.644232953410996,3.2467171593143136,1.4776754206374534,2.4205264891144416,3.248190391204361,1.5174503445928444,2.2967741447009056,3.435487971381223,1.80983911850433,2.422005198112229,3.6245673877892073,1.650838599898229,2.6602170044845836,3.2797862748842386,1.742148720123614,2.57162363550235,3.88144944291274,1.7838114783400292,2.5960812847962544,3.088431281227472,1.6212127498521085,2.405928344173323,3.2697825522166104,1.7023260054627964,2.5933477941395022,3.578383516631633,1.8892165829110665,2.637038867513706,3.1562017564564986,1.730381132560261
